path,label,hand_group,reason
C:\Users\singh\Desktop\a2 i&v\edited code files\data\raw\BSL_Dataset\2_HAND_DATASET\A\1015.png,A,two_hand,"wrong_hand_count (detected 1, expected 2)"
C:\Users\singh\Desktop\a2 i&v\edited code files\data\raw\BSL_Dataset\2_HAND_DATASET\A\1020.png,A,two_hand,"wrong_hand_count (detected 1, expected 2)"
C:\Users\singh\Desktop\a2 i&v\edited code files\data\raw\BSL_Dataset\2_HAND_DATASET\A\1040.png,A,two_hand,"wrong_hand_count (detected 1, expected 2)"
C:\Users\singh\Desktop\a2 i&v\edited code files\data\raw\BSL_Dataset\2_HAND_DATASET\A\1235.png,A,two_hand,"wrong_hand_count (detected 1, expected 2)"
C:\Users\singh\Desktop\a2 i&v\edited code files\data\raw\BSL_Dataset\2_HAND_DATASET\A\1335.png,A,two_hand,"wrong_hand_count (detected 1, expected 2)"
C:\Users\singh\Desktop\a2 i&v\edited code files\data\raw\BSL_Dataset\2_HAND_DATASET\A\1470.png,A,two_hand,"wrong_hand_count (detected 1, expected 2)"
C:\Users\singh\Desktop\a2 i&v\edited code files\data\raw\BSL_Dataset\2_HAND_DATASET\A\1500.png,A,two_hand,"wrong_hand_count (detected 1, expected 2)"
C:\Users\singh\Desktop\a2 i&v\edited code files\data\raw\BSL_Dataset\2_HAND_DATASET\A\1605.png,A,two_hand,"wrong_hand_count (detected 1, expected 2)"
C:\Users\singh\Desktop\a2 i&v\edited code files\data\raw\BSL_Dataset\2_HAND_DATASET\A\190.png,A,two_hand,"wrong_hand_count (detected 1, expected 2)"
C:\Users\singh\Desktop\a2 i&v\edited code files\data\raw\BSL_Dataset\2_HAND_DATASET\A\20.png,A,two_hand,"wrong_hand_count (detected 1, expected 2)"
C:\Users\singh\Desktop\a2 i&v\edited code files\data\raw\BSL_Dataset\2_HAND_DATASET\A\2235.png,A,two_hand,"wrong_hand_count (detected 1, expected 2)"
C:\Users\singh\Desktop\a2 i&v\edited code files\data\raw\BSL_Dataset\2_HAND_DATASET\A\235.png,A,two_hand,"wrong_hand_count (detected 1, expected 2)"
C:\Users\singh\Desktop\a2 i&v\edited code files\data\raw\BSL_Dataset\2_HAND_DATASET\A\2365.png,A,two_hand,"wrong_hand_count (detected 1, expected 2)"
C:\Users\singh\Desktop\a2 i&v\edited code files\data\raw\BSL_Dataset\2_HAND_DATASET\A\2395.png,A,two_hand,"wrong_hand_count (detected 1, expected 2)"
C:\Users\singh\Desktop\a2 i&v\edited code files\data\raw\BSL_Dataset\2_HAND_DATASET\A\25.png,A,two_hand,"wrong_hand_count (detected 1, expected 2)"
C:\Users\singh\Desktop\a2 i&v\edited code files\data\raw\BSL_Dataset\2_HAND_DATASET\A\2520.png,A,two_hand,"wrong_hand_count (detected 1, expected 2)"
C:\Users\singh\Desktop\a2 i&v\edited code files\data\raw\BSL_Dataset\2_HAND_DATASET\A\2525.png,A,two_hand,"wrong_hand_count (detected 1, expected 2)"
C:\Users\singh\Desktop\a2 i&v\edited code files\data\raw\BSL_Dataset\2_HAND_DATASET\A\2625.png,A,two_hand,"wrong_hand_count (detected 1, expected 2)"
C:\Users\singh\Desktop\a2 i&v\edited code files\data\raw\BSL_Dataset\2_HAND_DATASET\A\280.png,A,two_hand,"wrong_hand_count (detected 1, expected 2)"
C:\Users\singh\Desktop\a2 i&v\edited code files\data\raw\BSL_Dataset\2_HAND_DATASET\A\295.png,A,two_hand,"wrong_hand_count (detected 1, expected 2)"
C:\Users\singh\Desktop\a2 i&v\edited code files\data\raw\BSL_Dataset\2_HAND_DATASET\A\2955.png,A,two_hand,"wrong_hand_count (detected 1, expected 2)"
C:\Users\singh\Desktop\a2 i&v\edited code files\data\raw\BSL_Dataset\2_HAND_DATASET\A\2965.png,A,two_hand,"wrong_hand_count (detected 1, expected 2)"
C:\Users\singh\Desktop\a2 i&v\edited code files\data\raw\BSL_Dataset\2_HAND_DATASET\A\2980.png,A,two_hand,"wrong_hand_count (detected 1, expected 2)"
C:\Users\singh\Desktop\a2 i&v\edited code files\data\raw\BSL_Dataset\2_HAND_DATASET\A\30.png,A,two_hand,"wrong_hand_count (detected 1, expected 2)"
C:\Users\singh\Desktop\a2 i&v\edited code files\data\raw\BSL_Dataset\2_HAND_DATASET\A\300.png,A,two_hand,"wrong_hand_count (detected 1, expected 2)"
C:\Users\singh\Desktop\a2 i&v\edited code files\data\raw\BSL_Dataset\2_HAND_DATASET\A\3300.png,A,two_hand,"wrong_hand_count (detected 1, expected 2)"
C:\Users\singh\Desktop\a2 i&v\edited code files\data\raw\BSL_Dataset\2_HAND_DATASET\A\3305.png,A,two_hand,"wrong_hand_count (detected 1, expected 2)"
C:\Users\singh\Desktop\a2 i&v\edited code files\data\raw\BSL_Dataset\2_HAND_DATASET\A\345.png,A,two_hand,"wrong_hand_count (detected 1, expected 2)"
C:\Users\singh\Desktop\a2 i&v\edited code files\data\raw\BSL_Dataset\2_HAND_DATASET\A\350.png,A,two_hand,"wrong_hand_count (detected 1, expected 2)"
C:\Users\singh\Desktop\a2 i&v\edited code files\data\raw\BSL_Dataset\2_HAND_DATASET\A\3610.png,A,two_hand,"wrong_hand_count (detected 1, expected 2)"
C:\Users\singh\Desktop\a2 i&v\edited code files\data\raw\BSL_Dataset\2_HAND_DATASET\A\370.png,A,two_hand,"wrong_hand_count (detected 1, expected 2)"
C:\Users\singh\Desktop\a2 i&v\edited code files\data\raw\BSL_Dataset\2_HAND_DATASET\A\3770.png,A,two_hand,"wrong_hand_count (detected 1, expected 2)"
C:\Users\singh\Desktop\a2 i&v\edited code files\data\raw\BSL_Dataset\2_HAND_DATASET\A\3885.png,A,two_hand,"wrong_hand_count (detected 1, expected 2)"
C:\Users\singh\Desktop\a2 i&v\edited code files\data\raw\BSL_Dataset\2_HAND_DATASET\A\3985.png,A,two_hand,"wrong_hand_count (detected 1, expected 2)"
C:\Users\singh\Desktop\a2 i&v\edited code files\data\raw\BSL_Dataset\2_HAND_DATASET\A\40.png,A,two_hand,"wrong_hand_count (detected 1, expected 2)"
C:\Users\singh\Desktop\a2 i&v\edited code files\data\raw\BSL_Dataset\2_HAND_DATASET\A\4160.png,A,two_hand,"wrong_hand_count (detected 1, expected 2)"
C:\Users\singh\Desktop\a2 i&v\edited code files\data\raw\BSL_Dataset\2_HAND_DATASET\A\4165.png,A,two_hand,"wrong_hand_count (detected 1, expected 2)"
C:\Users\singh\Desktop\a2 i&v\edited code files\data\raw\BSL_Dataset\2_HAND_DATASET\A\425.png,A,two_hand,"wrong_hand_count (detected 1, expected 2)"
C:\Users\singh\Desktop\a2 i&v\edited code files\data\raw\BSL_Dataset\2_HAND_DATASET\A\455.png,A,two_hand,"wrong_hand_count (detected 1, expected 2)"
C:\Users\singh\Desktop\a2 i&v\edited code files\data\raw\BSL_Dataset\2_HAND_DATASET\A\460.png,A,two_hand,"wrong_hand_count (detected 1, expected 2)"
C:\Users\singh\Desktop\a2 i&v\edited code files\data\raw\BSL_Dataset\2_HAND_DATASET\A\4615.png,A,two_hand,"wrong_hand_count (detected 1, expected 2)"
C:\Users\singh\Desktop\a2 i&v\edited code files\data\raw\BSL_Dataset\2_HAND_DATASET\A\4715.png,A,two_hand,"wrong_hand_count (detected 1, expected 2)"
C:\Users\singh\Desktop\a2 i&v\edited code files\data\raw\BSL_Dataset\2_HAND_DATASET\A\4900.png,A,two_hand,"wrong_hand_count (detected 1, expected 2)"
C:\Users\singh\Desktop\a2 i&v\edited code files\data\raw\BSL_Dataset\2_HAND_DATASET\A\495.png,A,two_hand,"wrong_hand_count (detected 1, expected 2)"
C:\Users\singh\Desktop\a2 i&v\edited code files\data\raw\BSL_Dataset\2_HAND_DATASET\A\505.png,A,two_hand,"wrong_hand_count (detected 1, expected 2)"
C:\Users\singh\Desktop\a2 i&v\edited code files\data\raw\BSL_Dataset\2_HAND_DATASET\A\55.png,A,two_hand,"wrong_hand_count (detected 1, expected 2)"
C:\Users\singh\Desktop\a2 i&v\edited code files\data\raw\BSL_Dataset\2_HAND_DATASET\A\590.png,A,two_hand,"wrong_hand_count (detected 1, expected 2)"
C:\Users\singh\Desktop\a2 i&v\edited code files\data\raw\BSL_Dataset\2_HAND_DATASET\A\865.png,A,two_hand,"wrong_hand_count (detected 1, expected 2)"
C:\Users\singh\Desktop\a2 i&v\edited code files\data\raw\BSL_Dataset\2_HAND_DATASET\A\905.png,A,two_hand,"wrong_hand_count (detected 1, expected 2)"
C:\Users\singh\Desktop\a2 i&v\edited code files\data\raw\BSL_Dataset\2_HAND_DATASET\A\965.png,A,two_hand,"wrong_hand_count (detected 1, expected 2)"
C:\Users\singh\Desktop\a2 i&v\edited code files\data\raw\BSL_Dataset\2_HAND_DATASET\B\10.png,B,two_hand,"wrong_hand_count (detected 1, expected 2)"
C:\Users\singh\Desktop\a2 i&v\edited code files\data\raw\BSL_Dataset\2_HAND_DATASET\B\100.png,B,two_hand,"wrong_hand_count (detected 1, expected 2)"
C:\Users\singh\Desktop\a2 i&v\edited code files\data\raw\BSL_Dataset\2_HAND_DATASET\B\105.png,B,two_hand,"wrong_hand_count (detected 1, expected 2)"
C:\Users\singh\Desktop\a2 i&v\edited code files\data\raw\BSL_Dataset\2_HAND_DATASET\B\1055.png,B,two_hand,"wrong_hand_count (detected 1, expected 2)"
C:\Users\singh\Desktop\a2 i&v\edited code files\data\raw\BSL_Dataset\2_HAND_DATASET\B\1135.png,B,two_hand,"wrong_hand_count (detected 1, expected 2)"
C:\Users\singh\Desktop\a2 i&v\edited code files\data\raw\BSL_Dataset\2_HAND_DATASET\B\1170.png,B,two_hand,"wrong_hand_count (detected 1, expected 2)"
C:\Users\singh\Desktop\a2 i&v\edited code files\data\raw\BSL_Dataset\2_HAND_DATASET\B\1240.png,B,two_hand,"wrong_hand_count (detected 1, expected 2)"
C:\Users\singh\Desktop\a2 i&v\edited code files\data\raw\BSL_Dataset\2_HAND_DATASET\B\1310.png,B,two_hand,"wrong_hand_count (detected 1, expected 2)"
C:\Users\singh\Desktop\a2 i&v\edited code files\data\raw\BSL_Dataset\2_HAND_DATASET\B\135.png,B,two_hand,"wrong_hand_count (detected 1, expected 2)"
C:\Users\singh\Desktop\a2 i&v\edited code files\data\raw\BSL_Dataset\2_HAND_DATASET\B\1410.png,B,two_hand,"wrong_hand_count (detected 1, expected 2)"
C:\Users\singh\Desktop\a2 i&v\edited code files\data\raw\BSL_Dataset\2_HAND_DATASET\B\1425.png,B,two_hand,"wrong_hand_count (detected 1, expected 2)"
C:\Users\singh\Desktop\a2 i&v\edited code files\data\raw\BSL_Dataset\2_HAND_DATASET\B\1455.png,B,two_hand,"wrong_hand_count (detected 1, expected 2)"
C:\Users\singh\Desktop\a2 i&v\edited code files\data\raw\BSL_Dataset\2_HAND_DATASET\B\1460.png,B,two_hand,"wrong_hand_count (detected 1, expected 2)"
C:\Users\singh\Desktop\a2 i&v\edited code files\data\raw\BSL_Dataset\2_HAND_DATASET\B\1495.png,B,two_hand,"wrong_hand_count (detected 1, expected 2)"
C:\Users\singh\Desktop\a2 i&v\edited code files\data\raw\BSL_Dataset\2_HAND_DATASET\B\150.png,B,two_hand,"wrong_hand_count (detected 1, expected 2)"
C:\Users\singh\Desktop\a2 i&v\edited code files\data\raw\BSL_Dataset\2_HAND_DATASET\B\1510.png,B,two_hand,"wrong_hand_count (detected 1, expected 2)"
C:\Users\singh\Desktop\a2 i&v\edited code files\data\raw\BSL_Dataset\2_HAND_DATASET\B\1535.png,B,two_hand,"wrong_hand_count (detected 1, expected 2)"
C:\Users\singh\Desktop\a2 i&v\edited code files\data\raw\BSL_Dataset\2_HAND_DATASET\B\1550.png,B,two_hand,"wrong_hand_count (detected 1, expected 2)"
C:\Users\singh\Desktop\a2 i&v\edited code files\data\raw\BSL_Dataset\2_HAND_DATASET\B\1560.png,B,two_hand,"wrong_hand_count (detected 1, expected 2)"
C:\Users\singh\Desktop\a2 i&v\edited code files\data\raw\BSL_Dataset\2_HAND_DATASET\B\1580.png,B,two_hand,"wrong_hand_count (detected 1, expected 2)"
C:\Users\singh\Desktop\a2 i&v\edited code files\data\raw\BSL_Dataset\2_HAND_DATASET\B\1590.png,B,two_hand,"wrong_hand_count (detected 1, expected 2)"
C:\Users\singh\Desktop\a2 i&v\edited code files\data\raw\BSL_Dataset\2_HAND_DATASET\B\1595.png,B,two_hand,"wrong_hand_count (detected 1, expected 2)"
C:\Users\singh\Desktop\a2 i&v\edited code files\data\raw\BSL_Dataset\2_HAND_DATASET\B\1625.png,B,two_hand,"wrong_hand_count (detected 1, expected 2)"
C:\Users\singh\Desktop\a2 i&v\edited code files\data\raw\BSL_Dataset\2_HAND_DATASET\B\1640.png,B,two_hand,"wrong_hand_count (detected 1, expected 2)"
C:\Users\singh\Desktop\a2 i&v\edited code files\data\raw\BSL_Dataset\2_HAND_DATASET\B\1660.png,B,two_hand,"wrong_hand_count (detected 1, expected 2)"
C:\Users\singh\Desktop\a2 i&v\edited code files\data\raw\BSL_Dataset\2_HAND_DATASET\B\1675.png,B,two_hand,"wrong_hand_count (detected 1, expected 2)"
C:\Users\singh\Desktop\a2 i&v\edited code files\data\raw\BSL_Dataset\2_HAND_DATASET\B\1730.png,B,two_hand,"wrong_hand_count (detected 1, expected 2)"
C:\Users\singh\Desktop\a2 i&v\edited code files\data\raw\BSL_Dataset\2_HAND_DATASET\B\1790.png,B,two_hand,"wrong_hand_count (detected 1, expected 2)"
C:\Users\singh\Desktop\a2 i&v\edited code files\data\raw\BSL_Dataset\2_HAND_DATASET\B\1800.png,B,two_hand,"wrong_hand_count (detected 1, expected 2)"
C:\Users\singh\Desktop\a2 i&v\edited code files\data\raw\BSL_Dataset\2_HAND_DATASET\B\1805.png,B,two_hand,"wrong_hand_count (detected 1, expected 2)"
C:\Users\singh\Desktop\a2 i&v\edited code files\data\raw\BSL_Dataset\2_HAND_DATASET\B\1840.png,B,two_hand,"wrong_hand_count (detected 1, expected 2)"
C:\Users\singh\Desktop\a2 i&v\edited code files\data\raw\BSL_Dataset\2_HAND_DATASET\B\1850.png,B,two_hand,"wrong_hand_count (detected 1, expected 2)"
C:\Users\singh\Desktop\a2 i&v\edited code files\data\raw\BSL_Dataset\2_HAND_DATASET\B\1865.png,B,two_hand,"wrong_hand_count (detected 1, expected 2)"
C:\Users\singh\Desktop\a2 i&v\edited code files\data\raw\BSL_Dataset\2_HAND_DATASET\B\1910.png,B,two_hand,"wrong_hand_count (detected 1, expected 2)"
C:\Users\singh\Desktop\a2 i&v\edited code files\data\raw\BSL_Dataset\2_HAND_DATASET\B\1940.png,B,two_hand,"wrong_hand_count (detected 1, expected 2)"
C:\Users\singh\Desktop\a2 i&v\edited code files\data\raw\BSL_Dataset\2_HAND_DATASET\B\195.png,B,two_hand,"wrong_hand_count (detected 1, expected 2)"
C:\Users\singh\Desktop\a2 i&v\edited code files\data\raw\BSL_Dataset\2_HAND_DATASET\B\1980.png,B,two_hand,"wrong_hand_count (detected 1, expected 2)"
C:\Users\singh\Desktop\a2 i&v\edited code files\data\raw\BSL_Dataset\2_HAND_DATASET\B\2035.png,B,two_hand,"wrong_hand_count (detected 1, expected 2)"
C:\Users\singh\Desktop\a2 i&v\edited code files\data\raw\BSL_Dataset\2_HAND_DATASET\B\2040.png,B,two_hand,"wrong_hand_count (detected 1, expected 2)"
C:\Users\singh\Desktop\a2 i&v\edited code files\data\raw\BSL_Dataset\2_HAND_DATASET\B\2060.png,B,two_hand,"wrong_hand_count (detected 1, expected 2)"
C:\Users\singh\Desktop\a2 i&v\edited code files\data\raw\BSL_Dataset\2_HAND_DATASET\B\2065.png,B,two_hand,"wrong_hand_count (detected 1, expected 2)"
C:\Users\singh\Desktop\a2 i&v\edited code files\data\raw\BSL_Dataset\2_HAND_DATASET\B\2070.png,B,two_hand,"wrong_hand_count (detected 1, expected 2)"
C:\Users\singh\Desktop\a2 i&v\edited code files\data\raw\BSL_Dataset\2_HAND_DATASET\B\2075.png,B,two_hand,no_hands
C:\Users\singh\Desktop\a2 i&v\edited code files\data\raw\BSL_Dataset\2_HAND_DATASET\B\2110.png,B,two_hand,"wrong_hand_count (detected 1, expected 2)"
C:\Users\singh\Desktop\a2 i&v\edited code files\data\raw\BSL_Dataset\2_HAND_DATASET\B\2135.png,B,two_hand,"wrong_hand_count (detected 1, expected 2)"
C:\Users\singh\Desktop\a2 i&v\edited code files\data\raw\BSL_Dataset\2_HAND_DATASET\B\2145.png,B,two_hand,"wrong_hand_count (detected 1, expected 2)"
C:\Users\singh\Desktop\a2 i&v\edited code files\data\raw\BSL_Dataset\2_HAND_DATASET\B\215.png,B,two_hand,"wrong_hand_count (detected 1, expected 2)"
C:\Users\singh\Desktop\a2 i&v\edited code files\data\raw\BSL_Dataset\2_HAND_DATASET\B\2170.png,B,two_hand,"wrong_hand_count (detected 1, expected 2)"
C:\Users\singh\Desktop\a2 i&v\edited code files\data\raw\BSL_Dataset\2_HAND_DATASET\B\2200.png,B,two_hand,"wrong_hand_count (detected 1, expected 2)"
C:\Users\singh\Desktop\a2 i&v\edited code files\data\raw\BSL_Dataset\2_HAND_DATASET\B\2210.png,B,two_hand,"wrong_hand_count (detected 1, expected 2)"
C:\Users\singh\Desktop\a2 i&v\edited code files\data\raw\BSL_Dataset\2_HAND_DATASET\B\2230.png,B,two_hand,"wrong_hand_count (detected 1, expected 2)"
C:\Users\singh\Desktop\a2 i&v\edited code files\data\raw\BSL_Dataset\2_HAND_DATASET\B\2235.png,B,two_hand,"wrong_hand_count (detected 1, expected 2)"
C:\Users\singh\Desktop\a2 i&v\edited code files\data\raw\BSL_Dataset\2_HAND_DATASET\B\2285.png,B,two_hand,"wrong_hand_count (detected 1, expected 2)"
C:\Users\singh\Desktop\a2 i&v\edited code files\data\raw\BSL_Dataset\2_HAND_DATASET\B\2290.png,B,two_hand,"wrong_hand_count (detected 1, expected 2)"
C:\Users\singh\Desktop\a2 i&v\edited code files\data\raw\BSL_Dataset\2_HAND_DATASET\B\2295.png,B,two_hand,"wrong_hand_count (detected 1, expected 2)"
C:\Users\singh\Desktop\a2 i&v\edited code files\data\raw\BSL_Dataset\2_HAND_DATASET\B\230.png,B,two_hand,"wrong_hand_count (detected 1, expected 2)"
C:\Users\singh\Desktop\a2 i&v\edited code files\data\raw\BSL_Dataset\2_HAND_DATASET\B\2300.png,B,two_hand,"wrong_hand_count (detected 1, expected 2)"
C:\Users\singh\Desktop\a2 i&v\edited code files\data\raw\BSL_Dataset\2_HAND_DATASET\B\2305.png,B,two_hand,"wrong_hand_count (detected 1, expected 2)"
C:\Users\singh\Desktop\a2 i&v\edited code files\data\raw\BSL_Dataset\2_HAND_DATASET\B\2310.png,B,two_hand,"wrong_hand_count (detected 1, expected 2)"
C:\Users\singh\Desktop\a2 i&v\edited code files\data\raw\BSL_Dataset\2_HAND_DATASET\B\2350.png,B,two_hand,"wrong_hand_count (detected 1, expected 2)"
C:\Users\singh\Desktop\a2 i&v\edited code files\data\raw\BSL_Dataset\2_HAND_DATASET\B\2355.png,B,two_hand,"wrong_hand_count (detected 1, expected 2)"
C:\Users\singh\Desktop\a2 i&v\edited code files\data\raw\BSL_Dataset\2_HAND_DATASET\B\2360.png,B,two_hand,"wrong_hand_count (detected 1, expected 2)"
C:\Users\singh\Desktop\a2 i&v\edited code files\data\raw\BSL_Dataset\2_HAND_DATASET\B\2365.png,B,two_hand,"wrong_hand_count (detected 1, expected 2)"
C:\Users\singh\Desktop\a2 i&v\edited code files\data\raw\BSL_Dataset\2_HAND_DATASET\B\2370.png,B,two_hand,"wrong_hand_count (detected 1, expected 2)"
C:\Users\singh\Desktop\a2 i&v\edited code files\data\raw\BSL_Dataset\2_HAND_DATASET\B\2385.png,B,two_hand,"wrong_hand_count (detected 1, expected 2)"
C:\Users\singh\Desktop\a2 i&v\edited code files\data\raw\BSL_Dataset\2_HAND_DATASET\B\2395.png,B,two_hand,"wrong_hand_count (detected 1, expected 2)"
C:\Users\singh\Desktop\a2 i&v\edited code files\data\raw\BSL_Dataset\2_HAND_DATASET\B\2400.png,B,two_hand,"wrong_hand_count (detected 1, expected 2)"
C:\Users\singh\Desktop\a2 i&v\edited code files\data\raw\BSL_Dataset\2_HAND_DATASET\B\2405.png,B,two_hand,"wrong_hand_count (detected 1, expected 2)"
C:\Users\singh\Desktop\a2 i&v\edited code files\data\raw\BSL_Dataset\2_HAND_DATASET\B\2415.png,B,two_hand,"wrong_hand_count (detected 1, expected 2)"
C:\Users\singh\Desktop\a2 i&v\edited code files\data\raw\BSL_Dataset\2_HAND_DATASET\B\2425.png,B,two_hand,"wrong_hand_count (detected 1, expected 2)"
C:\Users\singh\Desktop\a2 i&v\edited code files\data\raw\BSL_Dataset\2_HAND_DATASET\B\2430.png,B,two_hand,"wrong_hand_count (detected 1, expected 2)"
C:\Users\singh\Desktop\a2 i&v\edited code files\data\raw\BSL_Dataset\2_HAND_DATASET\B\2440.png,B,two_hand,"wrong_hand_count (detected 1, expected 2)"
C:\Users\singh\Desktop\a2 i&v\edited code files\data\raw\BSL_Dataset\2_HAND_DATASET\B\2445.png,B,two_hand,"wrong_hand_count (detected 1, expected 2)"
C:\Users\singh\Desktop\a2 i&v\edited code files\data\raw\BSL_Dataset\2_HAND_DATASET\B\2450.png,B,two_hand,"wrong_hand_count (detected 1, expected 2)"
C:\Users\singh\Desktop\a2 i&v\edited code files\data\raw\BSL_Dataset\2_HAND_DATASET\B\2455.png,B,two_hand,no_hands
C:\Users\singh\Desktop\a2 i&v\edited code files\data\raw\BSL_Dataset\2_HAND_DATASET\B\2460.png,B,two_hand,"wrong_hand_count (detected 1, expected 2)"
C:\Users\singh\Desktop\a2 i&v\edited code files\data\raw\BSL_Dataset\2_HAND_DATASET\B\2465.png,B,two_hand,"wrong_hand_count (detected 1, expected 2)"
C:\Users\singh\Desktop\a2 i&v\edited code files\data\raw\BSL_Dataset\2_HAND_DATASET\B\2470.png,B,two_hand,"wrong_hand_count (detected 1, expected 2)"
C:\Users\singh\Desktop\a2 i&v\edited code files\data\raw\BSL_Dataset\2_HAND_DATASET\B\2500.png,B,two_hand,"wrong_hand_count (detected 1, expected 2)"
C:\Users\singh\Desktop\a2 i&v\edited code files\data\raw\BSL_Dataset\2_HAND_DATASET\B\2505.png,B,two_hand,"wrong_hand_count (detected 1, expected 2)"
C:\Users\singh\Desktop\a2 i&v\edited code files\data\raw\BSL_Dataset\2_HAND_DATASET\B\2510.png,B,two_hand,"wrong_hand_count (detected 1, expected 2)"
C:\Users\singh\Desktop\a2 i&v\edited code files\data\raw\BSL_Dataset\2_HAND_DATASET\B\2515.png,B,two_hand,"wrong_hand_count (detected 1, expected 2)"
C:\Users\singh\Desktop\a2 i&v\edited code files\data\raw\BSL_Dataset\2_HAND_DATASET\B\2525.png,B,two_hand,"wrong_hand_count (detected 1, expected 2)"
C:\Users\singh\Desktop\a2 i&v\edited code files\data\raw\BSL_Dataset\2_HAND_DATASET\B\2530.png,B,two_hand,"wrong_hand_count (detected 1, expected 2)"
C:\Users\singh\Desktop\a2 i&v\edited code files\data\raw\BSL_Dataset\2_HAND_DATASET\B\2535.png,B,two_hand,"wrong_hand_count (detected 1, expected 2)"
C:\Users\singh\Desktop\a2 i&v\edited code files\data\raw\BSL_Dataset\2_HAND_DATASET\B\2540.png,B,two_hand,"wrong_hand_count (detected 1, expected 2)"
C:\Users\singh\Desktop\a2 i&v\edited code files\data\raw\BSL_Dataset\2_HAND_DATASET\B\2550.png,B,two_hand,"wrong_hand_count (detected 1, expected 2)"
C:\Users\singh\Desktop\a2 i&v\edited code files\data\raw\BSL_Dataset\2_HAND_DATASET\B\2555.png,B,two_hand,"wrong_hand_count (detected 1, expected 2)"
C:\Users\singh\Desktop\a2 i&v\edited code files\data\raw\BSL_Dataset\2_HAND_DATASET\B\2575.png,B,two_hand,"wrong_hand_count (detected 1, expected 2)"
C:\Users\singh\Desktop\a2 i&v\edited code files\data\raw\BSL_Dataset\2_HAND_DATASET\B\2590.png,B,two_hand,no_hands
C:\Users\singh\Desktop\a2 i&v\edited code files\data\raw\BSL_Dataset\2_HAND_DATASET\B\2595.png,B,two_hand,no_hands
C:\Users\singh\Desktop\a2 i&v\edited code files\data\raw\BSL_Dataset\2_HAND_DATASET\B\260.png,B,two_hand,"wrong_hand_count (detected 1, expected 2)"
C:\Users\singh\Desktop\a2 i&v\edited code files\data\raw\BSL_Dataset\2_HAND_DATASET\B\2600.png,B,two_hand,"wrong_hand_count (detected 1, expected 2)"
C:\Users\singh\Desktop\a2 i&v\edited code files\data\raw\BSL_Dataset\2_HAND_DATASET\B\2610.png,B,two_hand,"wrong_hand_count (detected 1, expected 2)"
C:\Users\singh\Desktop\a2 i&v\edited code files\data\raw\BSL_Dataset\2_HAND_DATASET\B\2625.png,B,two_hand,"wrong_hand_count (detected 1, expected 2)"
C:\Users\singh\Desktop\a2 i&v\edited code files\data\raw\BSL_Dataset\2_HAND_DATASET\B\2630.png,B,two_hand,"wrong_hand_count (detected 1, expected 2)"
C:\Users\singh\Desktop\a2 i&v\edited code files\data\raw\BSL_Dataset\2_HAND_DATASET\B\2635.png,B,two_hand,"wrong_hand_count (detected 1, expected 2)"
C:\Users\singh\Desktop\a2 i&v\edited code files\data\raw\BSL_Dataset\2_HAND_DATASET\B\2640.png,B,two_hand,"wrong_hand_count (detected 1, expected 2)"
C:\Users\singh\Desktop\a2 i&v\edited code files\data\raw\BSL_Dataset\2_HAND_DATASET\B\2655.png,B,two_hand,"wrong_hand_count (detected 1, expected 2)"
C:\Users\singh\Desktop\a2 i&v\edited code files\data\raw\BSL_Dataset\2_HAND_DATASET\B\2660.png,B,two_hand,"wrong_hand_count (detected 1, expected 2)"
C:\Users\singh\Desktop\a2 i&v\edited code files\data\raw\BSL_Dataset\2_HAND_DATASET\B\2675.png,B,two_hand,"wrong_hand_count (detected 1, expected 2)"
C:\Users\singh\Desktop\a2 i&v\edited code files\data\raw\BSL_Dataset\2_HAND_DATASET\B\2680.png,B,two_hand,"wrong_hand_count (detected 1, expected 2)"
C:\Users\singh\Desktop\a2 i&v\edited code files\data\raw\BSL_Dataset\2_HAND_DATASET\B\2685.png,B,two_hand,"wrong_hand_count (detected 1, expected 2)"
C:\Users\singh\Desktop\a2 i&v\edited code files\data\raw\BSL_Dataset\2_HAND_DATASET\B\2695.png,B,two_hand,"wrong_hand_count (detected 1, expected 2)"
C:\Users\singh\Desktop\a2 i&v\edited code files\data\raw\BSL_Dataset\2_HAND_DATASET\B\2700.png,B,two_hand,"wrong_hand_count (detected 1, expected 2)"
C:\Users\singh\Desktop\a2 i&v\edited code files\data\raw\BSL_Dataset\2_HAND_DATASET\B\2745.png,B,two_hand,no_hands
C:\Users\singh\Desktop\a2 i&v\edited code files\data\raw\BSL_Dataset\2_HAND_DATASET\B\2750.png,B,two_hand,no_hands
C:\Users\singh\Desktop\a2 i&v\edited code files\data\raw\BSL_Dataset\2_HAND_DATASET\B\2755.png,B,two_hand,"wrong_hand_count (detected 1, expected 2)"
C:\Users\singh\Desktop\a2 i&v\edited code files\data\raw\BSL_Dataset\2_HAND_DATASET\B\2770.png,B,two_hand,"wrong_hand_count (detected 1, expected 2)"
C:\Users\singh\Desktop\a2 i&v\edited code files\data\raw\BSL_Dataset\2_HAND_DATASET\B\2780.png,B,two_hand,"wrong_hand_count (detected 1, expected 2)"
C:\Users\singh\Desktop\a2 i&v\edited code files\data\raw\BSL_Dataset\2_HAND_DATASET\B\2790.png,B,two_hand,"wrong_hand_count (detected 1, expected 2)"
C:\Users\singh\Desktop\a2 i&v\edited code files\data\raw\BSL_Dataset\2_HAND_DATASET\B\2815.png,B,two_hand,"wrong_hand_count (detected 1, expected 2)"
C:\Users\singh\Desktop\a2 i&v\edited code files\data\raw\BSL_Dataset\2_HAND_DATASET\B\2830.png,B,two_hand,"wrong_hand_count (detected 1, expected 2)"
C:\Users\singh\Desktop\a2 i&v\edited code files\data\raw\BSL_Dataset\2_HAND_DATASET\B\2840.png,B,two_hand,"wrong_hand_count (detected 1, expected 2)"
C:\Users\singh\Desktop\a2 i&v\edited code files\data\raw\BSL_Dataset\2_HAND_DATASET\B\285.png,B,two_hand,"wrong_hand_count (detected 1, expected 2)"
C:\Users\singh\Desktop\a2 i&v\edited code files\data\raw\BSL_Dataset\2_HAND_DATASET\B\2860.png,B,two_hand,"wrong_hand_count (detected 1, expected 2)"
C:\Users\singh\Desktop\a2 i&v\edited code files\data\raw\BSL_Dataset\2_HAND_DATASET\B\2865.png,B,two_hand,"wrong_hand_count (detected 1, expected 2)"
C:\Users\singh\Desktop\a2 i&v\edited code files\data\raw\BSL_Dataset\2_HAND_DATASET\B\2870.png,B,two_hand,no_hands
C:\Users\singh\Desktop\a2 i&v\edited code files\data\raw\BSL_Dataset\2_HAND_DATASET\B\2900.png,B,two_hand,"wrong_hand_count (detected 1, expected 2)"
C:\Users\singh\Desktop\a2 i&v\edited code files\data\raw\BSL_Dataset\2_HAND_DATASET\B\2935.png,B,two_hand,"wrong_hand_count (detected 1, expected 2)"
C:\Users\singh\Desktop\a2 i&v\edited code files\data\raw\BSL_Dataset\2_HAND_DATASET\B\2940.png,B,two_hand,"wrong_hand_count (detected 1, expected 2)"
C:\Users\singh\Desktop\a2 i&v\edited code files\data\raw\BSL_Dataset\2_HAND_DATASET\B\2945.png,B,two_hand,"wrong_hand_count (detected 1, expected 2)"
C:\Users\singh\Desktop\a2 i&v\edited code files\data\raw\BSL_Dataset\2_HAND_DATASET\B\2950.png,B,two_hand,"wrong_hand_count (detected 1, expected 2)"
C:\Users\singh\Desktop\a2 i&v\edited code files\data\raw\BSL_Dataset\2_HAND_DATASET\B\2985.png,B,two_hand,"wrong_hand_count (detected 1, expected 2)"
C:\Users\singh\Desktop\a2 i&v\edited code files\data\raw\BSL_Dataset\2_HAND_DATASET\B\2990.png,B,two_hand,"wrong_hand_count (detected 1, expected 2)"
C:\Users\singh\Desktop\a2 i&v\edited code files\data\raw\BSL_Dataset\2_HAND_DATASET\B\3005.png,B,two_hand,"wrong_hand_count (detected 1, expected 2)"
C:\Users\singh\Desktop\a2 i&v\edited code files\data\raw\BSL_Dataset\2_HAND_DATASET\B\3010.png,B,two_hand,no_hands
C:\Users\singh\Desktop\a2 i&v\edited code files\data\raw\BSL_Dataset\2_HAND_DATASET\B\3020.png,B,two_hand,"wrong_hand_count (detected 1, expected 2)"
C:\Users\singh\Desktop\a2 i&v\edited code files\data\raw\BSL_Dataset\2_HAND_DATASET\B\3025.png,B,two_hand,"wrong_hand_count (detected 1, expected 2)"
C:\Users\singh\Desktop\a2 i&v\edited code files\data\raw\BSL_Dataset\2_HAND_DATASET\B\3045.png,B,two_hand,"wrong_hand_count (detected 1, expected 2)"
C:\Users\singh\Desktop\a2 i&v\edited code files\data\raw\BSL_Dataset\2_HAND_DATASET\B\3055.png,B,two_hand,"wrong_hand_count (detected 1, expected 2)"
C:\Users\singh\Desktop\a2 i&v\edited code files\data\raw\BSL_Dataset\2_HAND_DATASET\B\3060.png,B,two_hand,"wrong_hand_count (detected 1, expected 2)"
C:\Users\singh\Desktop\a2 i&v\edited code files\data\raw\BSL_Dataset\2_HAND_DATASET\B\3065.png,B,two_hand,"wrong_hand_count (detected 1, expected 2)"
C:\Users\singh\Desktop\a2 i&v\edited code files\data\raw\BSL_Dataset\2_HAND_DATASET\B\3085.png,B,two_hand,"wrong_hand_count (detected 1, expected 2)"
C:\Users\singh\Desktop\a2 i&v\edited code files\data\raw\BSL_Dataset\2_HAND_DATASET\B\3090.png,B,two_hand,"wrong_hand_count (detected 1, expected 2)"
C:\Users\singh\Desktop\a2 i&v\edited code files\data\raw\BSL_Dataset\2_HAND_DATASET\B\3100.png,B,two_hand,"wrong_hand_count (detected 1, expected 2)"
C:\Users\singh\Desktop\a2 i&v\edited code files\data\raw\BSL_Dataset\2_HAND_DATASET\B\3105.png,B,two_hand,"wrong_hand_count (detected 1, expected 2)"
C:\Users\singh\Desktop\a2 i&v\edited code files\data\raw\BSL_Dataset\2_HAND_DATASET\B\3120.png,B,two_hand,"wrong_hand_count (detected 1, expected 2)"
C:\Users\singh\Desktop\a2 i&v\edited code files\data\raw\BSL_Dataset\2_HAND_DATASET\B\3165.png,B,two_hand,"wrong_hand_count (detected 1, expected 2)"
C:\Users\singh\Desktop\a2 i&v\edited code files\data\raw\BSL_Dataset\2_HAND_DATASET\B\3170.png,B,two_hand,"wrong_hand_count (detected 1, expected 2)"
C:\Users\singh\Desktop\a2 i&v\edited code files\data\raw\BSL_Dataset\2_HAND_DATASET\B\3190.png,B,two_hand,"wrong_hand_count (detected 1, expected 2)"
C:\Users\singh\Desktop\a2 i&v\edited code files\data\raw\BSL_Dataset\2_HAND_DATASET\B\3195.png,B,two_hand,"wrong_hand_count (detected 1, expected 2)"
C:\Users\singh\Desktop\a2 i&v\edited code files\data\raw\BSL_Dataset\2_HAND_DATASET\B\320.png,B,two_hand,"wrong_hand_count (detected 1, expected 2)"
C:\Users\singh\Desktop\a2 i&v\edited code files\data\raw\BSL_Dataset\2_HAND_DATASET\B\3225.png,B,two_hand,"wrong_hand_count (detected 1, expected 2)"
C:\Users\singh\Desktop\a2 i&v\edited code files\data\raw\BSL_Dataset\2_HAND_DATASET\B\3230.png,B,two_hand,"wrong_hand_count (detected 1, expected 2)"
C:\Users\singh\Desktop\a2 i&v\edited code files\data\raw\BSL_Dataset\2_HAND_DATASET\B\3260.png,B,two_hand,"wrong_hand_count (detected 1, expected 2)"
C:\Users\singh\Desktop\a2 i&v\edited code files\data\raw\BSL_Dataset\2_HAND_DATASET\B\3265.png,B,two_hand,"wrong_hand_count (detected 1, expected 2)"
C:\Users\singh\Desktop\a2 i&v\edited code files\data\raw\BSL_Dataset\2_HAND_DATASET\B\3270.png,B,two_hand,"wrong_hand_count (detected 1, expected 2)"
C:\Users\singh\Desktop\a2 i&v\edited code files\data\raw\BSL_Dataset\2_HAND_DATASET\B\3275.png,B,two_hand,"wrong_hand_count (detected 1, expected 2)"
C:\Users\singh\Desktop\a2 i&v\edited code files\data\raw\BSL_Dataset\2_HAND_DATASET\B\3295.png,B,two_hand,"wrong_hand_count (detected 1, expected 2)"
C:\Users\singh\Desktop\a2 i&v\edited code files\data\raw\BSL_Dataset\2_HAND_DATASET\B\3300.png,B,two_hand,"wrong_hand_count (detected 1, expected 2)"
C:\Users\singh\Desktop\a2 i&v\edited code files\data\raw\BSL_Dataset\2_HAND_DATASET\B\3305.png,B,two_hand,"wrong_hand_count (detected 1, expected 2)"
C:\Users\singh\Desktop\a2 i&v\edited code files\data\raw\BSL_Dataset\2_HAND_DATASET\B\3310.png,B,two_hand,"wrong_hand_count (detected 1, expected 2)"
C:\Users\singh\Desktop\a2 i&v\edited code files\data\raw\BSL_Dataset\2_HAND_DATASET\B\3325.png,B,two_hand,"wrong_hand_count (detected 1, expected 2)"
C:\Users\singh\Desktop\a2 i&v\edited code files\data\raw\BSL_Dataset\2_HAND_DATASET\B\3330.png,B,two_hand,"wrong_hand_count (detected 1, expected 2)"
C:\Users\singh\Desktop\a2 i&v\edited code files\data\raw\BSL_Dataset\2_HAND_DATASET\B\3335.png,B,two_hand,"wrong_hand_count (detected 1, expected 2)"
C:\Users\singh\Desktop\a2 i&v\edited code files\data\raw\BSL_Dataset\2_HAND_DATASET\B\3340.png,B,two_hand,"wrong_hand_count (detected 1, expected 2)"
C:\Users\singh\Desktop\a2 i&v\edited code files\data\raw\BSL_Dataset\2_HAND_DATASET\B\3365.png,B,two_hand,"wrong_hand_count (detected 1, expected 2)"
C:\Users\singh\Desktop\a2 i&v\edited code files\data\raw\BSL_Dataset\2_HAND_DATASET\B\3370.png,B,two_hand,"wrong_hand_count (detected 1, expected 2)"
C:\Users\singh\Desktop\a2 i&v\edited code files\data\raw\BSL_Dataset\2_HAND_DATASET\B\3375.png,B,two_hand,"wrong_hand_count (detected 1, expected 2)"
C:\Users\singh\Desktop\a2 i&v\edited code files\data\raw\BSL_Dataset\2_HAND_DATASET\B\3395.png,B,two_hand,"wrong_hand_count (detected 1, expected 2)"
C:\Users\singh\Desktop\a2 i&v\edited code files\data\raw\BSL_Dataset\2_HAND_DATASET\B\340.png,B,two_hand,"wrong_hand_count (detected 1, expected 2)"
C:\Users\singh\Desktop\a2 i&v\edited code files\data\raw\BSL_Dataset\2_HAND_DATASET\B\3400.png,B,two_hand,"wrong_hand_count (detected 1, expected 2)"
C:\Users\singh\Desktop\a2 i&v\edited code files\data\raw\BSL_Dataset\2_HAND_DATASET\B\3405.png,B,two_hand,"wrong_hand_count (detected 1, expected 2)"
C:\Users\singh\Desktop\a2 i&v\edited code files\data\raw\BSL_Dataset\2_HAND_DATASET\B\3410.png,B,two_hand,"wrong_hand_count (detected 1, expected 2)"
C:\Users\singh\Desktop\a2 i&v\edited code files\data\raw\BSL_Dataset\2_HAND_DATASET\B\3420.png,B,two_hand,"wrong_hand_count (detected 1, expected 2)"
C:\Users\singh\Desktop\a2 i&v\edited code files\data\raw\BSL_Dataset\2_HAND_DATASET\B\3430.png,B,two_hand,"wrong_hand_count (detected 1, expected 2)"
C:\Users\singh\Desktop\a2 i&v\edited code files\data\raw\BSL_Dataset\2_HAND_DATASET\B\3450.png,B,two_hand,"wrong_hand_count (detected 1, expected 2)"
C:\Users\singh\Desktop\a2 i&v\edited code files\data\raw\BSL_Dataset\2_HAND_DATASET\B\3460.png,B,two_hand,"wrong_hand_count (detected 1, expected 2)"
C:\Users\singh\Desktop\a2 i&v\edited code files\data\raw\BSL_Dataset\2_HAND_DATASET\B\3480.png,B,two_hand,"wrong_hand_count (detected 1, expected 2)"
C:\Users\singh\Desktop\a2 i&v\edited code files\data\raw\BSL_Dataset\2_HAND_DATASET\B\3485.png,B,two_hand,"wrong_hand_count (detected 1, expected 2)"
C:\Users\singh\Desktop\a2 i&v\edited code files\data\raw\BSL_Dataset\2_HAND_DATASET\B\3490.png,B,two_hand,"wrong_hand_count (detected 1, expected 2)"
C:\Users\singh\Desktop\a2 i&v\edited code files\data\raw\BSL_Dataset\2_HAND_DATASET\B\3495.png,B,two_hand,"wrong_hand_count (detected 1, expected 2)"
C:\Users\singh\Desktop\a2 i&v\edited code files\data\raw\BSL_Dataset\2_HAND_DATASET\B\3510.png,B,two_hand,"wrong_hand_count (detected 1, expected 2)"
C:\Users\singh\Desktop\a2 i&v\edited code files\data\raw\BSL_Dataset\2_HAND_DATASET\B\3525.png,B,two_hand,"wrong_hand_count (detected 1, expected 2)"
C:\Users\singh\Desktop\a2 i&v\edited code files\data\raw\BSL_Dataset\2_HAND_DATASET\B\3535.png,B,two_hand,"wrong_hand_count (detected 1, expected 2)"
C:\Users\singh\Desktop\a2 i&v\edited code files\data\raw\BSL_Dataset\2_HAND_DATASET\B\3550.png,B,two_hand,"wrong_hand_count (detected 1, expected 2)"
C:\Users\singh\Desktop\a2 i&v\edited code files\data\raw\BSL_Dataset\2_HAND_DATASET\B\3555.png,B,two_hand,"wrong_hand_count (detected 1, expected 2)"
C:\Users\singh\Desktop\a2 i&v\edited code files\data\raw\BSL_Dataset\2_HAND_DATASET\B\3560.png,B,two_hand,"wrong_hand_count (detected 1, expected 2)"
C:\Users\singh\Desktop\a2 i&v\edited code files\data\raw\BSL_Dataset\2_HAND_DATASET\B\3565.png,B,two_hand,"wrong_hand_count (detected 1, expected 2)"
C:\Users\singh\Desktop\a2 i&v\edited code files\data\raw\BSL_Dataset\2_HAND_DATASET\B\3570.png,B,two_hand,"wrong_hand_count (detected 1, expected 2)"
C:\Users\singh\Desktop\a2 i&v\edited code files\data\raw\BSL_Dataset\2_HAND_DATASET\B\3595.png,B,two_hand,"wrong_hand_count (detected 1, expected 2)"
C:\Users\singh\Desktop\a2 i&v\edited code files\data\raw\BSL_Dataset\2_HAND_DATASET\B\360.png,B,two_hand,"wrong_hand_count (detected 1, expected 2)"
C:\Users\singh\Desktop\a2 i&v\edited code files\data\raw\BSL_Dataset\2_HAND_DATASET\B\3610.png,B,two_hand,"wrong_hand_count (detected 1, expected 2)"
C:\Users\singh\Desktop\a2 i&v\edited code files\data\raw\BSL_Dataset\2_HAND_DATASET\B\3625.png,B,two_hand,"wrong_hand_count (detected 1, expected 2)"
C:\Users\singh\Desktop\a2 i&v\edited code files\data\raw\BSL_Dataset\2_HAND_DATASET\B\3635.png,B,two_hand,"wrong_hand_count (detected 1, expected 2)"
C:\Users\singh\Desktop\a2 i&v\edited code files\data\raw\BSL_Dataset\2_HAND_DATASET\B\3640.png,B,two_hand,"wrong_hand_count (detected 1, expected 2)"
C:\Users\singh\Desktop\a2 i&v\edited code files\data\raw\BSL_Dataset\2_HAND_DATASET\B\365.png,B,two_hand,"wrong_hand_count (detected 1, expected 2)"
C:\Users\singh\Desktop\a2 i&v\edited code files\data\raw\BSL_Dataset\2_HAND_DATASET\B\3650.png,B,two_hand,"wrong_hand_count (detected 1, expected 2)"
C:\Users\singh\Desktop\a2 i&v\edited code files\data\raw\BSL_Dataset\2_HAND_DATASET\B\3660.png,B,two_hand,"wrong_hand_count (detected 1, expected 2)"
C:\Users\singh\Desktop\a2 i&v\edited code files\data\raw\BSL_Dataset\2_HAND_DATASET\B\3665.png,B,two_hand,"wrong_hand_count (detected 1, expected 2)"
C:\Users\singh\Desktop\a2 i&v\edited code files\data\raw\BSL_Dataset\2_HAND_DATASET\B\3695.png,B,two_hand,"wrong_hand_count (detected 1, expected 2)"
C:\Users\singh\Desktop\a2 i&v\edited code files\data\raw\BSL_Dataset\2_HAND_DATASET\B\370.png,B,two_hand,"wrong_hand_count (detected 1, expected 2)"
C:\Users\singh\Desktop\a2 i&v\edited code files\data\raw\BSL_Dataset\2_HAND_DATASET\B\3705.png,B,two_hand,"wrong_hand_count (detected 1, expected 2)"
C:\Users\singh\Desktop\a2 i&v\edited code files\data\raw\BSL_Dataset\2_HAND_DATASET\B\3735.png,B,two_hand,"wrong_hand_count (detected 1, expected 2)"
C:\Users\singh\Desktop\a2 i&v\edited code files\data\raw\BSL_Dataset\2_HAND_DATASET\B\3740.png,B,two_hand,"wrong_hand_count (detected 1, expected 2)"
C:\Users\singh\Desktop\a2 i&v\edited code files\data\raw\BSL_Dataset\2_HAND_DATASET\B\3745.png,B,two_hand,"wrong_hand_count (detected 1, expected 2)"
C:\Users\singh\Desktop\a2 i&v\edited code files\data\raw\BSL_Dataset\2_HAND_DATASET\B\3750.png,B,two_hand,"wrong_hand_count (detected 1, expected 2)"
C:\Users\singh\Desktop\a2 i&v\edited code files\data\raw\BSL_Dataset\2_HAND_DATASET\B\3770.png,B,two_hand,"wrong_hand_count (detected 1, expected 2)"
C:\Users\singh\Desktop\a2 i&v\edited code files\data\raw\BSL_Dataset\2_HAND_DATASET\B\3775.png,B,two_hand,"wrong_hand_count (detected 1, expected 2)"
C:\Users\singh\Desktop\a2 i&v\edited code files\data\raw\BSL_Dataset\2_HAND_DATASET\B\3790.png,B,two_hand,"wrong_hand_count (detected 1, expected 2)"
C:\Users\singh\Desktop\a2 i&v\edited code files\data\raw\BSL_Dataset\2_HAND_DATASET\B\380.png,B,two_hand,"wrong_hand_count (detected 1, expected 2)"
C:\Users\singh\Desktop\a2 i&v\edited code files\data\raw\BSL_Dataset\2_HAND_DATASET\B\3820.png,B,two_hand,"wrong_hand_count (detected 1, expected 2)"
C:\Users\singh\Desktop\a2 i&v\edited code files\data\raw\BSL_Dataset\2_HAND_DATASET\B\3840.png,B,two_hand,"wrong_hand_count (detected 1, expected 2)"
C:\Users\singh\Desktop\a2 i&v\edited code files\data\raw\BSL_Dataset\2_HAND_DATASET\B\3845.png,B,two_hand,"wrong_hand_count (detected 1, expected 2)"
C:\Users\singh\Desktop\a2 i&v\edited code files\data\raw\BSL_Dataset\2_HAND_DATASET\B\385.png,B,two_hand,"wrong_hand_count (detected 1, expected 2)"
C:\Users\singh\Desktop\a2 i&v\edited code files\data\raw\BSL_Dataset\2_HAND_DATASET\B\3850.png,B,two_hand,"wrong_hand_count (detected 1, expected 2)"
C:\Users\singh\Desktop\a2 i&v\edited code files\data\raw\BSL_Dataset\2_HAND_DATASET\B\3865.png,B,two_hand,"wrong_hand_count (detected 1, expected 2)"
C:\Users\singh\Desktop\a2 i&v\edited code files\data\raw\BSL_Dataset\2_HAND_DATASET\B\3885.png,B,two_hand,"wrong_hand_count (detected 1, expected 2)"
C:\Users\singh\Desktop\a2 i&v\edited code files\data\raw\BSL_Dataset\2_HAND_DATASET\B\3890.png,B,two_hand,"wrong_hand_count (detected 1, expected 2)"
C:\Users\singh\Desktop\a2 i&v\edited code files\data\raw\BSL_Dataset\2_HAND_DATASET\B\390.png,B,two_hand,"wrong_hand_count (detected 1, expected 2)"
C:\Users\singh\Desktop\a2 i&v\edited code files\data\raw\BSL_Dataset\2_HAND_DATASET\B\3910.png,B,two_hand,"wrong_hand_count (detected 1, expected 2)"
C:\Users\singh\Desktop\a2 i&v\edited code files\data\raw\BSL_Dataset\2_HAND_DATASET\B\3915.png,B,two_hand,"wrong_hand_count (detected 1, expected 2)"
C:\Users\singh\Desktop\a2 i&v\edited code files\data\raw\BSL_Dataset\2_HAND_DATASET\B\3920.png,B,two_hand,"wrong_hand_count (detected 1, expected 2)"
C:\Users\singh\Desktop\a2 i&v\edited code files\data\raw\BSL_Dataset\2_HAND_DATASET\B\3930.png,B,two_hand,"wrong_hand_count (detected 1, expected 2)"
C:\Users\singh\Desktop\a2 i&v\edited code files\data\raw\BSL_Dataset\2_HAND_DATASET\B\3940.png,B,two_hand,"wrong_hand_count (detected 1, expected 2)"
C:\Users\singh\Desktop\a2 i&v\edited code files\data\raw\BSL_Dataset\2_HAND_DATASET\B\3960.png,B,two_hand,"wrong_hand_count (detected 1, expected 2)"
C:\Users\singh\Desktop\a2 i&v\edited code files\data\raw\BSL_Dataset\2_HAND_DATASET\B\3965.png,B,two_hand,"wrong_hand_count (detected 1, expected 2)"
C:\Users\singh\Desktop\a2 i&v\edited code files\data\raw\BSL_Dataset\2_HAND_DATASET\B\3980.png,B,two_hand,"wrong_hand_count (detected 1, expected 2)"
C:\Users\singh\Desktop\a2 i&v\edited code files\data\raw\BSL_Dataset\2_HAND_DATASET\B\3985.png,B,two_hand,"wrong_hand_count (detected 1, expected 2)"
C:\Users\singh\Desktop\a2 i&v\edited code files\data\raw\BSL_Dataset\2_HAND_DATASET\B\3990.png,B,two_hand,"wrong_hand_count (detected 1, expected 2)"
C:\Users\singh\Desktop\a2 i&v\edited code files\data\raw\BSL_Dataset\2_HAND_DATASET\B\4010.png,B,two_hand,"wrong_hand_count (detected 1, expected 2)"
C:\Users\singh\Desktop\a2 i&v\edited code files\data\raw\BSL_Dataset\2_HAND_DATASET\B\4030.png,B,two_hand,"wrong_hand_count (detected 1, expected 2)"
C:\Users\singh\Desktop\a2 i&v\edited code files\data\raw\BSL_Dataset\2_HAND_DATASET\B\4035.png,B,two_hand,"wrong_hand_count (detected 1, expected 2)"
C:\Users\singh\Desktop\a2 i&v\edited code files\data\raw\BSL_Dataset\2_HAND_DATASET\B\405.png,B,two_hand,"wrong_hand_count (detected 1, expected 2)"
C:\Users\singh\Desktop\a2 i&v\edited code files\data\raw\BSL_Dataset\2_HAND_DATASET\B\4160.png,B,two_hand,"wrong_hand_count (detected 1, expected 2)"
C:\Users\singh\Desktop\a2 i&v\edited code files\data\raw\BSL_Dataset\2_HAND_DATASET\B\430.png,B,two_hand,"wrong_hand_count (detected 1, expected 2)"
C:\Users\singh\Desktop\a2 i&v\edited code files\data\raw\BSL_Dataset\2_HAND_DATASET\B\4335.png,B,two_hand,"wrong_hand_count (detected 1, expected 2)"
C:\Users\singh\Desktop\a2 i&v\edited code files\data\raw\BSL_Dataset\2_HAND_DATASET\B\4365.png,B,two_hand,"wrong_hand_count (detected 1, expected 2)"
C:\Users\singh\Desktop\a2 i&v\edited code files\data\raw\BSL_Dataset\2_HAND_DATASET\B\4405.png,B,two_hand,"wrong_hand_count (detected 1, expected 2)"
C:\Users\singh\Desktop\a2 i&v\edited code files\data\raw\BSL_Dataset\2_HAND_DATASET\B\4415.png,B,two_hand,"wrong_hand_count (detected 1, expected 2)"
C:\Users\singh\Desktop\a2 i&v\edited code files\data\raw\BSL_Dataset\2_HAND_DATASET\B\4475.png,B,two_hand,"wrong_hand_count (detected 1, expected 2)"
C:\Users\singh\Desktop\a2 i&v\edited code files\data\raw\BSL_Dataset\2_HAND_DATASET\B\4495.png,B,two_hand,"wrong_hand_count (detected 1, expected 2)"
C:\Users\singh\Desktop\a2 i&v\edited code files\data\raw\BSL_Dataset\2_HAND_DATASET\B\45.png,B,two_hand,"wrong_hand_count (detected 1, expected 2)"
C:\Users\singh\Desktop\a2 i&v\edited code files\data\raw\BSL_Dataset\2_HAND_DATASET\B\4520.png,B,two_hand,"wrong_hand_count (detected 1, expected 2)"
C:\Users\singh\Desktop\a2 i&v\edited code files\data\raw\BSL_Dataset\2_HAND_DATASET\B\4570.png,B,two_hand,"wrong_hand_count (detected 1, expected 2)"
C:\Users\singh\Desktop\a2 i&v\edited code files\data\raw\BSL_Dataset\2_HAND_DATASET\B\4615.png,B,two_hand,"wrong_hand_count (detected 1, expected 2)"
C:\Users\singh\Desktop\a2 i&v\edited code files\data\raw\BSL_Dataset\2_HAND_DATASET\B\4665.png,B,two_hand,"wrong_hand_count (detected 1, expected 2)"
C:\Users\singh\Desktop\a2 i&v\edited code files\data\raw\BSL_Dataset\2_HAND_DATASET\B\4685.png,B,two_hand,"wrong_hand_count (detected 1, expected 2)"
C:\Users\singh\Desktop\a2 i&v\edited code files\data\raw\BSL_Dataset\2_HAND_DATASET\B\4725.png,B,two_hand,"wrong_hand_count (detected 1, expected 2)"
C:\Users\singh\Desktop\a2 i&v\edited code files\data\raw\BSL_Dataset\2_HAND_DATASET\B\4730.png,B,two_hand,"wrong_hand_count (detected 1, expected 2)"
C:\Users\singh\Desktop\a2 i&v\edited code files\data\raw\BSL_Dataset\2_HAND_DATASET\B\475.png,B,two_hand,"wrong_hand_count (detected 1, expected 2)"
C:\Users\singh\Desktop\a2 i&v\edited code files\data\raw\BSL_Dataset\2_HAND_DATASET\B\4750.png,B,two_hand,"wrong_hand_count (detected 1, expected 2)"
C:\Users\singh\Desktop\a2 i&v\edited code files\data\raw\BSL_Dataset\2_HAND_DATASET\B\4810.png,B,two_hand,"wrong_hand_count (detected 1, expected 2)"
C:\Users\singh\Desktop\a2 i&v\edited code files\data\raw\BSL_Dataset\2_HAND_DATASET\B\4855.png,B,two_hand,"wrong_hand_count (detected 1, expected 2)"
C:\Users\singh\Desktop\a2 i&v\edited code files\data\raw\BSL_Dataset\2_HAND_DATASET\B\4885.png,B,two_hand,"wrong_hand_count (detected 1, expected 2)"
C:\Users\singh\Desktop\a2 i&v\edited code files\data\raw\BSL_Dataset\2_HAND_DATASET\B\4905.png,B,two_hand,"wrong_hand_count (detected 1, expected 2)"
C:\Users\singh\Desktop\a2 i&v\edited code files\data\raw\BSL_Dataset\2_HAND_DATASET\B\4950.png,B,two_hand,"wrong_hand_count (detected 1, expected 2)"
C:\Users\singh\Desktop\a2 i&v\edited code files\data\raw\BSL_Dataset\2_HAND_DATASET\B\4985.png,B,two_hand,"wrong_hand_count (detected 1, expected 2)"
C:\Users\singh\Desktop\a2 i&v\edited code files\data\raw\BSL_Dataset\2_HAND_DATASET\B\5.png,B,two_hand,"wrong_hand_count (detected 1, expected 2)"
C:\Users\singh\Desktop\a2 i&v\edited code files\data\raw\BSL_Dataset\2_HAND_DATASET\B\50.png,B,two_hand,"wrong_hand_count (detected 1, expected 2)"
C:\Users\singh\Desktop\a2 i&v\edited code files\data\raw\BSL_Dataset\2_HAND_DATASET\B\570.png,B,two_hand,"wrong_hand_count (detected 1, expected 2)"
C:\Users\singh\Desktop\a2 i&v\edited code files\data\raw\BSL_Dataset\2_HAND_DATASET\B\575.png,B,two_hand,"wrong_hand_count (detected 1, expected 2)"
C:\Users\singh\Desktop\a2 i&v\edited code files\data\raw\BSL_Dataset\2_HAND_DATASET\B\585.png,B,two_hand,"wrong_hand_count (detected 1, expected 2)"
C:\Users\singh\Desktop\a2 i&v\edited code files\data\raw\BSL_Dataset\2_HAND_DATASET\B\625.png,B,two_hand,"wrong_hand_count (detected 1, expected 2)"
C:\Users\singh\Desktop\a2 i&v\edited code files\data\raw\BSL_Dataset\2_HAND_DATASET\B\635.png,B,two_hand,"wrong_hand_count (detected 1, expected 2)"
C:\Users\singh\Desktop\a2 i&v\edited code files\data\raw\BSL_Dataset\2_HAND_DATASET\B\70.png,B,two_hand,"wrong_hand_count (detected 1, expected 2)"
C:\Users\singh\Desktop\a2 i&v\edited code files\data\raw\BSL_Dataset\2_HAND_DATASET\B\80.png,B,two_hand,"wrong_hand_count (detected 1, expected 2)"
C:\Users\singh\Desktop\a2 i&v\edited code files\data\raw\BSL_Dataset\2_HAND_DATASET\B\85.png,B,two_hand,"wrong_hand_count (detected 1, expected 2)"
C:\Users\singh\Desktop\a2 i&v\edited code files\data\raw\BSL_Dataset\2_HAND_DATASET\B\860.png,B,two_hand,"wrong_hand_count (detected 1, expected 2)"
C:\Users\singh\Desktop\a2 i&v\edited code files\data\raw\BSL_Dataset\2_HAND_DATASET\B\90.png,B,two_hand,no_hands
C:\Users\singh\Desktop\a2 i&v\edited code files\data\raw\BSL_Dataset\2_HAND_DATASET\B\920.png,B,two_hand,"wrong_hand_count (detected 1, expected 2)"
C:\Users\singh\Desktop\a2 i&v\edited code files\data\raw\BSL_Dataset\2_HAND_DATASET\B\95.png,B,two_hand,no_hands
C:\Users\singh\Desktop\a2 i&v\edited code files\data\raw\BSL_Dataset\2_HAND_DATASET\D\1035.png,D,two_hand,"wrong_hand_count (detected 1, expected 2)"
C:\Users\singh\Desktop\a2 i&v\edited code files\data\raw\BSL_Dataset\2_HAND_DATASET\D\1040.png,D,two_hand,"wrong_hand_count (detected 1, expected 2)"
C:\Users\singh\Desktop\a2 i&v\edited code files\data\raw\BSL_Dataset\2_HAND_DATASET\D\1065.png,D,two_hand,"wrong_hand_count (detected 1, expected 2)"
C:\Users\singh\Desktop\a2 i&v\edited code files\data\raw\BSL_Dataset\2_HAND_DATASET\D\1095.png,D,two_hand,"wrong_hand_count (detected 1, expected 2)"
C:\Users\singh\Desktop\a2 i&v\edited code files\data\raw\BSL_Dataset\2_HAND_DATASET\D\1110.png,D,two_hand,"wrong_hand_count (detected 1, expected 2)"
C:\Users\singh\Desktop\a2 i&v\edited code files\data\raw\BSL_Dataset\2_HAND_DATASET\D\1185.png,D,two_hand,"wrong_hand_count (detected 1, expected 2)"
C:\Users\singh\Desktop\a2 i&v\edited code files\data\raw\BSL_Dataset\2_HAND_DATASET\D\1190.png,D,two_hand,"wrong_hand_count (detected 1, expected 2)"
C:\Users\singh\Desktop\a2 i&v\edited code files\data\raw\BSL_Dataset\2_HAND_DATASET\D\1270.png,D,two_hand,"wrong_hand_count (detected 1, expected 2)"
C:\Users\singh\Desktop\a2 i&v\edited code files\data\raw\BSL_Dataset\2_HAND_DATASET\D\1325.png,D,two_hand,"wrong_hand_count (detected 1, expected 2)"
C:\Users\singh\Desktop\a2 i&v\edited code files\data\raw\BSL_Dataset\2_HAND_DATASET\D\15.png,D,two_hand,"wrong_hand_count (detected 1, expected 2)"
C:\Users\singh\Desktop\a2 i&v\edited code files\data\raw\BSL_Dataset\2_HAND_DATASET\D\155.png,D,two_hand,"wrong_hand_count (detected 1, expected 2)"
C:\Users\singh\Desktop\a2 i&v\edited code files\data\raw\BSL_Dataset\2_HAND_DATASET\D\1580.png,D,two_hand,"wrong_hand_count (detected 1, expected 2)"
C:\Users\singh\Desktop\a2 i&v\edited code files\data\raw\BSL_Dataset\2_HAND_DATASET\D\1635.png,D,two_hand,"wrong_hand_count (detected 1, expected 2)"
C:\Users\singh\Desktop\a2 i&v\edited code files\data\raw\BSL_Dataset\2_HAND_DATASET\D\1665.png,D,two_hand,"wrong_hand_count (detected 1, expected 2)"
C:\Users\singh\Desktop\a2 i&v\edited code files\data\raw\BSL_Dataset\2_HAND_DATASET\D\1670.png,D,two_hand,"wrong_hand_count (detected 1, expected 2)"
C:\Users\singh\Desktop\a2 i&v\edited code files\data\raw\BSL_Dataset\2_HAND_DATASET\D\1845.png,D,two_hand,"wrong_hand_count (detected 1, expected 2)"
C:\Users\singh\Desktop\a2 i&v\edited code files\data\raw\BSL_Dataset\2_HAND_DATASET\D\185.png,D,two_hand,"wrong_hand_count (detected 1, expected 2)"
C:\Users\singh\Desktop\a2 i&v\edited code files\data\raw\BSL_Dataset\2_HAND_DATASET\D\2085.png,D,two_hand,"wrong_hand_count (detected 1, expected 2)"
C:\Users\singh\Desktop\a2 i&v\edited code files\data\raw\BSL_Dataset\2_HAND_DATASET\D\2090.png,D,two_hand,no_hands
C:\Users\singh\Desktop\a2 i&v\edited code files\data\raw\BSL_Dataset\2_HAND_DATASET\D\2095.png,D,two_hand,"wrong_hand_count (detected 1, expected 2)"
C:\Users\singh\Desktop\a2 i&v\edited code files\data\raw\BSL_Dataset\2_HAND_DATASET\D\2100.png,D,two_hand,"wrong_hand_count (detected 1, expected 2)"
C:\Users\singh\Desktop\a2 i&v\edited code files\data\raw\BSL_Dataset\2_HAND_DATASET\D\2115.png,D,two_hand,no_hands
C:\Users\singh\Desktop\a2 i&v\edited code files\data\raw\BSL_Dataset\2_HAND_DATASET\D\2125.png,D,two_hand,"wrong_hand_count (detected 1, expected 2)"
C:\Users\singh\Desktop\a2 i&v\edited code files\data\raw\BSL_Dataset\2_HAND_DATASET\D\2140.png,D,two_hand,"wrong_hand_count (detected 1, expected 2)"
C:\Users\singh\Desktop\a2 i&v\edited code files\data\raw\BSL_Dataset\2_HAND_DATASET\D\215.png,D,two_hand,"wrong_hand_count (detected 1, expected 2)"
C:\Users\singh\Desktop\a2 i&v\edited code files\data\raw\BSL_Dataset\2_HAND_DATASET\D\2195.png,D,two_hand,"wrong_hand_count (detected 1, expected 2)"
C:\Users\singh\Desktop\a2 i&v\edited code files\data\raw\BSL_Dataset\2_HAND_DATASET\D\2225.png,D,two_hand,"wrong_hand_count (detected 1, expected 2)"
C:\Users\singh\Desktop\a2 i&v\edited code files\data\raw\BSL_Dataset\2_HAND_DATASET\D\2230.png,D,two_hand,"wrong_hand_count (detected 1, expected 2)"
C:\Users\singh\Desktop\a2 i&v\edited code files\data\raw\BSL_Dataset\2_HAND_DATASET\D\2255.png,D,two_hand,"wrong_hand_count (detected 1, expected 2)"
C:\Users\singh\Desktop\a2 i&v\edited code files\data\raw\BSL_Dataset\2_HAND_DATASET\D\230.png,D,two_hand,"wrong_hand_count (detected 1, expected 2)"
C:\Users\singh\Desktop\a2 i&v\edited code files\data\raw\BSL_Dataset\2_HAND_DATASET\D\2300.png,D,two_hand,"wrong_hand_count (detected 1, expected 2)"
C:\Users\singh\Desktop\a2 i&v\edited code files\data\raw\BSL_Dataset\2_HAND_DATASET\D\2315.png,D,two_hand,"wrong_hand_count (detected 1, expected 2)"
C:\Users\singh\Desktop\a2 i&v\edited code files\data\raw\BSL_Dataset\2_HAND_DATASET\D\2335.png,D,two_hand,"wrong_hand_count (detected 1, expected 2)"
C:\Users\singh\Desktop\a2 i&v\edited code files\data\raw\BSL_Dataset\2_HAND_DATASET\D\2365.png,D,two_hand,"wrong_hand_count (detected 1, expected 2)"
C:\Users\singh\Desktop\a2 i&v\edited code files\data\raw\BSL_Dataset\2_HAND_DATASET\D\2385.png,D,two_hand,"wrong_hand_count (detected 1, expected 2)"
C:\Users\singh\Desktop\a2 i&v\edited code files\data\raw\BSL_Dataset\2_HAND_DATASET\D\2390.png,D,two_hand,"wrong_hand_count (detected 1, expected 2)"
C:\Users\singh\Desktop\a2 i&v\edited code files\data\raw\BSL_Dataset\2_HAND_DATASET\D\2405.png,D,two_hand,"wrong_hand_count (detected 1, expected 2)"
C:\Users\singh\Desktop\a2 i&v\edited code files\data\raw\BSL_Dataset\2_HAND_DATASET\D\2420.png,D,two_hand,"wrong_hand_count (detected 1, expected 2)"
C:\Users\singh\Desktop\a2 i&v\edited code files\data\raw\BSL_Dataset\2_HAND_DATASET\D\2430.png,D,two_hand,"wrong_hand_count (detected 1, expected 2)"
C:\Users\singh\Desktop\a2 i&v\edited code files\data\raw\BSL_Dataset\2_HAND_DATASET\D\2435.png,D,two_hand,"wrong_hand_count (detected 1, expected 2)"
C:\Users\singh\Desktop\a2 i&v\edited code files\data\raw\BSL_Dataset\2_HAND_DATASET\D\245.png,D,two_hand,"wrong_hand_count (detected 1, expected 2)"
C:\Users\singh\Desktop\a2 i&v\edited code files\data\raw\BSL_Dataset\2_HAND_DATASET\D\2480.png,D,two_hand,no_hands
C:\Users\singh\Desktop\a2 i&v\edited code files\data\raw\BSL_Dataset\2_HAND_DATASET\D\2485.png,D,two_hand,"wrong_hand_count (detected 1, expected 2)"
C:\Users\singh\Desktop\a2 i&v\edited code files\data\raw\BSL_Dataset\2_HAND_DATASET\D\2495.png,D,two_hand,"wrong_hand_count (detected 1, expected 2)"
C:\Users\singh\Desktop\a2 i&v\edited code files\data\raw\BSL_Dataset\2_HAND_DATASET\D\2500.png,D,two_hand,"wrong_hand_count (detected 1, expected 2)"
C:\Users\singh\Desktop\a2 i&v\edited code files\data\raw\BSL_Dataset\2_HAND_DATASET\D\2505.png,D,two_hand,"wrong_hand_count (detected 1, expected 2)"
C:\Users\singh\Desktop\a2 i&v\edited code files\data\raw\BSL_Dataset\2_HAND_DATASET\D\2515.png,D,two_hand,"wrong_hand_count (detected 1, expected 2)"
C:\Users\singh\Desktop\a2 i&v\edited code files\data\raw\BSL_Dataset\2_HAND_DATASET\D\2520.png,D,two_hand,"wrong_hand_count (detected 1, expected 2)"
C:\Users\singh\Desktop\a2 i&v\edited code files\data\raw\BSL_Dataset\2_HAND_DATASET\D\2535.png,D,two_hand,"wrong_hand_count (detected 1, expected 2)"
C:\Users\singh\Desktop\a2 i&v\edited code files\data\raw\BSL_Dataset\2_HAND_DATASET\D\2570.png,D,two_hand,"wrong_hand_count (detected 1, expected 2)"
C:\Users\singh\Desktop\a2 i&v\edited code files\data\raw\BSL_Dataset\2_HAND_DATASET\D\260.png,D,two_hand,"wrong_hand_count (detected 1, expected 2)"
C:\Users\singh\Desktop\a2 i&v\edited code files\data\raw\BSL_Dataset\2_HAND_DATASET\D\2600.png,D,two_hand,"wrong_hand_count (detected 1, expected 2)"
C:\Users\singh\Desktop\a2 i&v\edited code files\data\raw\BSL_Dataset\2_HAND_DATASET\D\2635.png,D,two_hand,"wrong_hand_count (detected 1, expected 2)"
C:\Users\singh\Desktop\a2 i&v\edited code files\data\raw\BSL_Dataset\2_HAND_DATASET\D\2640.png,D,two_hand,"wrong_hand_count (detected 1, expected 2)"
C:\Users\singh\Desktop\a2 i&v\edited code files\data\raw\BSL_Dataset\2_HAND_DATASET\D\2645.png,D,two_hand,"wrong_hand_count (detected 1, expected 2)"
C:\Users\singh\Desktop\a2 i&v\edited code files\data\raw\BSL_Dataset\2_HAND_DATASET\D\265.png,D,two_hand,"wrong_hand_count (detected 1, expected 2)"
C:\Users\singh\Desktop\a2 i&v\edited code files\data\raw\BSL_Dataset\2_HAND_DATASET\D\2650.png,D,two_hand,"wrong_hand_count (detected 1, expected 2)"
C:\Users\singh\Desktop\a2 i&v\edited code files\data\raw\BSL_Dataset\2_HAND_DATASET\D\2665.png,D,two_hand,"wrong_hand_count (detected 1, expected 2)"
C:\Users\singh\Desktop\a2 i&v\edited code files\data\raw\BSL_Dataset\2_HAND_DATASET\D\2675.png,D,two_hand,"wrong_hand_count (detected 1, expected 2)"
C:\Users\singh\Desktop\a2 i&v\edited code files\data\raw\BSL_Dataset\2_HAND_DATASET\D\2695.png,D,two_hand,"wrong_hand_count (detected 1, expected 2)"
C:\Users\singh\Desktop\a2 i&v\edited code files\data\raw\BSL_Dataset\2_HAND_DATASET\D\2715.png,D,two_hand,no_hands
C:\Users\singh\Desktop\a2 i&v\edited code files\data\raw\BSL_Dataset\2_HAND_DATASET\D\2720.png,D,two_hand,"wrong_hand_count (detected 1, expected 2)"
C:\Users\singh\Desktop\a2 i&v\edited code files\data\raw\BSL_Dataset\2_HAND_DATASET\D\2730.png,D,two_hand,"wrong_hand_count (detected 1, expected 2)"
C:\Users\singh\Desktop\a2 i&v\edited code files\data\raw\BSL_Dataset\2_HAND_DATASET\D\2760.png,D,two_hand,"wrong_hand_count (detected 1, expected 2)"
C:\Users\singh\Desktop\a2 i&v\edited code files\data\raw\BSL_Dataset\2_HAND_DATASET\D\2835.png,D,two_hand,"wrong_hand_count (detected 1, expected 2)"
C:\Users\singh\Desktop\a2 i&v\edited code files\data\raw\BSL_Dataset\2_HAND_DATASET\D\2865.png,D,two_hand,"wrong_hand_count (detected 1, expected 2)"
C:\Users\singh\Desktop\a2 i&v\edited code files\data\raw\BSL_Dataset\2_HAND_DATASET\D\2870.png,D,two_hand,"wrong_hand_count (detected 1, expected 2)"
C:\Users\singh\Desktop\a2 i&v\edited code files\data\raw\BSL_Dataset\2_HAND_DATASET\D\2885.png,D,two_hand,"wrong_hand_count (detected 1, expected 2)"
C:\Users\singh\Desktop\a2 i&v\edited code files\data\raw\BSL_Dataset\2_HAND_DATASET\D\2895.png,D,two_hand,"wrong_hand_count (detected 1, expected 2)"
C:\Users\singh\Desktop\a2 i&v\edited code files\data\raw\BSL_Dataset\2_HAND_DATASET\D\290.png,D,two_hand,"wrong_hand_count (detected 1, expected 2)"
C:\Users\singh\Desktop\a2 i&v\edited code files\data\raw\BSL_Dataset\2_HAND_DATASET\D\2900.png,D,two_hand,"wrong_hand_count (detected 1, expected 2)"
C:\Users\singh\Desktop\a2 i&v\edited code files\data\raw\BSL_Dataset\2_HAND_DATASET\D\2910.png,D,two_hand,"wrong_hand_count (detected 1, expected 2)"
C:\Users\singh\Desktop\a2 i&v\edited code files\data\raw\BSL_Dataset\2_HAND_DATASET\D\2915.png,D,two_hand,"wrong_hand_count (detected 1, expected 2)"
C:\Users\singh\Desktop\a2 i&v\edited code files\data\raw\BSL_Dataset\2_HAND_DATASET\D\2920.png,D,two_hand,"wrong_hand_count (detected 1, expected 2)"
C:\Users\singh\Desktop\a2 i&v\edited code files\data\raw\BSL_Dataset\2_HAND_DATASET\D\2950.png,D,two_hand,"wrong_hand_count (detected 1, expected 2)"
C:\Users\singh\Desktop\a2 i&v\edited code files\data\raw\BSL_Dataset\2_HAND_DATASET\D\3035.png,D,two_hand,"wrong_hand_count (detected 1, expected 2)"
C:\Users\singh\Desktop\a2 i&v\edited code files\data\raw\BSL_Dataset\2_HAND_DATASET\D\3040.png,D,two_hand,"wrong_hand_count (detected 1, expected 2)"
C:\Users\singh\Desktop\a2 i&v\edited code files\data\raw\BSL_Dataset\2_HAND_DATASET\D\3110.png,D,two_hand,"wrong_hand_count (detected 1, expected 2)"
C:\Users\singh\Desktop\a2 i&v\edited code files\data\raw\BSL_Dataset\2_HAND_DATASET\D\3130.png,D,two_hand,"wrong_hand_count (detected 1, expected 2)"
C:\Users\singh\Desktop\a2 i&v\edited code files\data\raw\BSL_Dataset\2_HAND_DATASET\D\3145.png,D,two_hand,"wrong_hand_count (detected 1, expected 2)"
C:\Users\singh\Desktop\a2 i&v\edited code files\data\raw\BSL_Dataset\2_HAND_DATASET\D\3150.png,D,two_hand,"wrong_hand_count (detected 1, expected 2)"
C:\Users\singh\Desktop\a2 i&v\edited code files\data\raw\BSL_Dataset\2_HAND_DATASET\D\3175.png,D,two_hand,"wrong_hand_count (detected 1, expected 2)"
C:\Users\singh\Desktop\a2 i&v\edited code files\data\raw\BSL_Dataset\2_HAND_DATASET\D\3270.png,D,two_hand,"wrong_hand_count (detected 1, expected 2)"
C:\Users\singh\Desktop\a2 i&v\edited code files\data\raw\BSL_Dataset\2_HAND_DATASET\D\3295.png,D,two_hand,"wrong_hand_count (detected 1, expected 2)"
C:\Users\singh\Desktop\a2 i&v\edited code files\data\raw\BSL_Dataset\2_HAND_DATASET\D\3300.png,D,two_hand,"wrong_hand_count (detected 1, expected 2)"
C:\Users\singh\Desktop\a2 i&v\edited code files\data\raw\BSL_Dataset\2_HAND_DATASET\D\3340.png,D,two_hand,"wrong_hand_count (detected 1, expected 2)"
C:\Users\singh\Desktop\a2 i&v\edited code files\data\raw\BSL_Dataset\2_HAND_DATASET\D\3395.png,D,two_hand,"wrong_hand_count (detected 1, expected 2)"
C:\Users\singh\Desktop\a2 i&v\edited code files\data\raw\BSL_Dataset\2_HAND_DATASET\D\3425.png,D,two_hand,"wrong_hand_count (detected 1, expected 2)"
C:\Users\singh\Desktop\a2 i&v\edited code files\data\raw\BSL_Dataset\2_HAND_DATASET\D\345.png,D,two_hand,"wrong_hand_count (detected 1, expected 2)"
C:\Users\singh\Desktop\a2 i&v\edited code files\data\raw\BSL_Dataset\2_HAND_DATASET\D\3515.png,D,two_hand,"wrong_hand_count (detected 1, expected 2)"
C:\Users\singh\Desktop\a2 i&v\edited code files\data\raw\BSL_Dataset\2_HAND_DATASET\D\3715.png,D,two_hand,"wrong_hand_count (detected 1, expected 2)"
C:\Users\singh\Desktop\a2 i&v\edited code files\data\raw\BSL_Dataset\2_HAND_DATASET\D\3730.png,D,two_hand,"wrong_hand_count (detected 1, expected 2)"
C:\Users\singh\Desktop\a2 i&v\edited code files\data\raw\BSL_Dataset\2_HAND_DATASET\D\3775.png,D,two_hand,"wrong_hand_count (detected 1, expected 2)"
C:\Users\singh\Desktop\a2 i&v\edited code files\data\raw\BSL_Dataset\2_HAND_DATASET\D\3830.png,D,two_hand,"wrong_hand_count (detected 1, expected 2)"
C:\Users\singh\Desktop\a2 i&v\edited code files\data\raw\BSL_Dataset\2_HAND_DATASET\D\3845.png,D,two_hand,"wrong_hand_count (detected 1, expected 2)"
C:\Users\singh\Desktop\a2 i&v\edited code files\data\raw\BSL_Dataset\2_HAND_DATASET\D\3890.png,D,two_hand,no_hands
C:\Users\singh\Desktop\a2 i&v\edited code files\data\raw\BSL_Dataset\2_HAND_DATASET\D\3900.png,D,two_hand,"wrong_hand_count (detected 1, expected 2)"
C:\Users\singh\Desktop\a2 i&v\edited code files\data\raw\BSL_Dataset\2_HAND_DATASET\D\3910.png,D,two_hand,"wrong_hand_count (detected 1, expected 2)"
C:\Users\singh\Desktop\a2 i&v\edited code files\data\raw\BSL_Dataset\2_HAND_DATASET\D\3930.png,D,two_hand,"wrong_hand_count (detected 1, expected 2)"
C:\Users\singh\Desktop\a2 i&v\edited code files\data\raw\BSL_Dataset\2_HAND_DATASET\D\4035.png,D,two_hand,"wrong_hand_count (detected 1, expected 2)"
C:\Users\singh\Desktop\a2 i&v\edited code files\data\raw\BSL_Dataset\2_HAND_DATASET\D\4055.png,D,two_hand,"wrong_hand_count (detected 1, expected 2)"
C:\Users\singh\Desktop\a2 i&v\edited code files\data\raw\BSL_Dataset\2_HAND_DATASET\D\4065.png,D,two_hand,"wrong_hand_count (detected 1, expected 2)"
C:\Users\singh\Desktop\a2 i&v\edited code files\data\raw\BSL_Dataset\2_HAND_DATASET\D\4090.png,D,two_hand,"wrong_hand_count (detected 1, expected 2)"
C:\Users\singh\Desktop\a2 i&v\edited code files\data\raw\BSL_Dataset\2_HAND_DATASET\D\4110.png,D,two_hand,"wrong_hand_count (detected 1, expected 2)"
C:\Users\singh\Desktop\a2 i&v\edited code files\data\raw\BSL_Dataset\2_HAND_DATASET\D\4135.png,D,two_hand,"wrong_hand_count (detected 1, expected 2)"
C:\Users\singh\Desktop\a2 i&v\edited code files\data\raw\BSL_Dataset\2_HAND_DATASET\D\4150.png,D,two_hand,"wrong_hand_count (detected 1, expected 2)"
C:\Users\singh\Desktop\a2 i&v\edited code files\data\raw\BSL_Dataset\2_HAND_DATASET\D\4195.png,D,two_hand,"wrong_hand_count (detected 1, expected 2)"
C:\Users\singh\Desktop\a2 i&v\edited code files\data\raw\BSL_Dataset\2_HAND_DATASET\D\4220.png,D,two_hand,"wrong_hand_count (detected 1, expected 2)"
C:\Users\singh\Desktop\a2 i&v\edited code files\data\raw\BSL_Dataset\2_HAND_DATASET\D\4280.png,D,two_hand,"wrong_hand_count (detected 1, expected 2)"
C:\Users\singh\Desktop\a2 i&v\edited code files\data\raw\BSL_Dataset\2_HAND_DATASET\D\4315.png,D,two_hand,"wrong_hand_count (detected 1, expected 2)"
C:\Users\singh\Desktop\a2 i&v\edited code files\data\raw\BSL_Dataset\2_HAND_DATASET\D\4340.png,D,two_hand,"wrong_hand_count (detected 1, expected 2)"
C:\Users\singh\Desktop\a2 i&v\edited code files\data\raw\BSL_Dataset\2_HAND_DATASET\D\4350.png,D,two_hand,"wrong_hand_count (detected 1, expected 2)"
C:\Users\singh\Desktop\a2 i&v\edited code files\data\raw\BSL_Dataset\2_HAND_DATASET\D\4375.png,D,two_hand,"wrong_hand_count (detected 1, expected 2)"
C:\Users\singh\Desktop\a2 i&v\edited code files\data\raw\BSL_Dataset\2_HAND_DATASET\D\4460.png,D,two_hand,"wrong_hand_count (detected 1, expected 2)"
C:\Users\singh\Desktop\a2 i&v\edited code files\data\raw\BSL_Dataset\2_HAND_DATASET\D\4495.png,D,two_hand,"wrong_hand_count (detected 1, expected 2)"
C:\Users\singh\Desktop\a2 i&v\edited code files\data\raw\BSL_Dataset\2_HAND_DATASET\D\4500.png,D,two_hand,"wrong_hand_count (detected 1, expected 2)"
C:\Users\singh\Desktop\a2 i&v\edited code files\data\raw\BSL_Dataset\2_HAND_DATASET\D\4530.png,D,two_hand,"wrong_hand_count (detected 1, expected 2)"
C:\Users\singh\Desktop\a2 i&v\edited code files\data\raw\BSL_Dataset\2_HAND_DATASET\D\4565.png,D,two_hand,"wrong_hand_count (detected 1, expected 2)"
C:\Users\singh\Desktop\a2 i&v\edited code files\data\raw\BSL_Dataset\2_HAND_DATASET\D\460.png,D,two_hand,"wrong_hand_count (detected 1, expected 2)"
C:\Users\singh\Desktop\a2 i&v\edited code files\data\raw\BSL_Dataset\2_HAND_DATASET\D\4625.png,D,two_hand,"wrong_hand_count (detected 1, expected 2)"
C:\Users\singh\Desktop\a2 i&v\edited code files\data\raw\BSL_Dataset\2_HAND_DATASET\D\4650.png,D,two_hand,"wrong_hand_count (detected 1, expected 2)"
C:\Users\singh\Desktop\a2 i&v\edited code files\data\raw\BSL_Dataset\2_HAND_DATASET\D\4660.png,D,two_hand,no_hands
C:\Users\singh\Desktop\a2 i&v\edited code files\data\raw\BSL_Dataset\2_HAND_DATASET\D\4735.png,D,two_hand,"wrong_hand_count (detected 1, expected 2)"
C:\Users\singh\Desktop\a2 i&v\edited code files\data\raw\BSL_Dataset\2_HAND_DATASET\D\4745.png,D,two_hand,"wrong_hand_count (detected 1, expected 2)"
C:\Users\singh\Desktop\a2 i&v\edited code files\data\raw\BSL_Dataset\2_HAND_DATASET\D\4755.png,D,two_hand,"wrong_hand_count (detected 1, expected 2)"
C:\Users\singh\Desktop\a2 i&v\edited code files\data\raw\BSL_Dataset\2_HAND_DATASET\D\4780.png,D,two_hand,"wrong_hand_count (detected 1, expected 2)"
C:\Users\singh\Desktop\a2 i&v\edited code files\data\raw\BSL_Dataset\2_HAND_DATASET\D\4805.png,D,two_hand,"wrong_hand_count (detected 1, expected 2)"
C:\Users\singh\Desktop\a2 i&v\edited code files\data\raw\BSL_Dataset\2_HAND_DATASET\D\4815.png,D,two_hand,"wrong_hand_count (detected 1, expected 2)"
C:\Users\singh\Desktop\a2 i&v\edited code files\data\raw\BSL_Dataset\2_HAND_DATASET\D\4825.png,D,two_hand,"wrong_hand_count (detected 1, expected 2)"
C:\Users\singh\Desktop\a2 i&v\edited code files\data\raw\BSL_Dataset\2_HAND_DATASET\D\4840.png,D,two_hand,no_hands
C:\Users\singh\Desktop\a2 i&v\edited code files\data\raw\BSL_Dataset\2_HAND_DATASET\D\4845.png,D,two_hand,"wrong_hand_count (detected 1, expected 2)"
C:\Users\singh\Desktop\a2 i&v\edited code files\data\raw\BSL_Dataset\2_HAND_DATASET\D\4890.png,D,two_hand,"wrong_hand_count (detected 1, expected 2)"
C:\Users\singh\Desktop\a2 i&v\edited code files\data\raw\BSL_Dataset\2_HAND_DATASET\D\4950.png,D,two_hand,"wrong_hand_count (detected 1, expected 2)"
C:\Users\singh\Desktop\a2 i&v\edited code files\data\raw\BSL_Dataset\2_HAND_DATASET\D\5.png,D,two_hand,"wrong_hand_count (detected 1, expected 2)"
C:\Users\singh\Desktop\a2 i&v\edited code files\data\raw\BSL_Dataset\2_HAND_DATASET\D\520.png,D,two_hand,"wrong_hand_count (detected 1, expected 2)"
C:\Users\singh\Desktop\a2 i&v\edited code files\data\raw\BSL_Dataset\2_HAND_DATASET\D\525.png,D,two_hand,"wrong_hand_count (detected 1, expected 2)"
C:\Users\singh\Desktop\a2 i&v\edited code files\data\raw\BSL_Dataset\2_HAND_DATASET\D\675.png,D,two_hand,"wrong_hand_count (detected 1, expected 2)"
C:\Users\singh\Desktop\a2 i&v\edited code files\data\raw\BSL_Dataset\2_HAND_DATASET\D\775.png,D,two_hand,"wrong_hand_count (detected 1, expected 2)"
C:\Users\singh\Desktop\a2 i&v\edited code files\data\raw\BSL_Dataset\2_HAND_DATASET\D\870.png,D,two_hand,"wrong_hand_count (detected 1, expected 2)"
C:\Users\singh\Desktop\a2 i&v\edited code files\data\raw\BSL_Dataset\2_HAND_DATASET\D\915.png,D,two_hand,"wrong_hand_count (detected 1, expected 2)"
C:\Users\singh\Desktop\a2 i&v\edited code files\data\raw\BSL_Dataset\2_HAND_DATASET\E\1020.png,E,two_hand,"wrong_hand_count (detected 1, expected 2)"
C:\Users\singh\Desktop\a2 i&v\edited code files\data\raw\BSL_Dataset\2_HAND_DATASET\E\1025.png,E,two_hand,"wrong_hand_count (detected 1, expected 2)"
C:\Users\singh\Desktop\a2 i&v\edited code files\data\raw\BSL_Dataset\2_HAND_DATASET\E\1130.png,E,two_hand,"wrong_hand_count (detected 1, expected 2)"
C:\Users\singh\Desktop\a2 i&v\edited code files\data\raw\BSL_Dataset\2_HAND_DATASET\E\1150.png,E,two_hand,"wrong_hand_count (detected 1, expected 2)"
C:\Users\singh\Desktop\a2 i&v\edited code files\data\raw\BSL_Dataset\2_HAND_DATASET\E\1165.png,E,two_hand,"wrong_hand_count (detected 1, expected 2)"
C:\Users\singh\Desktop\a2 i&v\edited code files\data\raw\BSL_Dataset\2_HAND_DATASET\E\1190.png,E,two_hand,"wrong_hand_count (detected 1, expected 2)"
C:\Users\singh\Desktop\a2 i&v\edited code files\data\raw\BSL_Dataset\2_HAND_DATASET\E\1280.png,E,two_hand,"wrong_hand_count (detected 1, expected 2)"
C:\Users\singh\Desktop\a2 i&v\edited code files\data\raw\BSL_Dataset\2_HAND_DATASET\E\1320.png,E,two_hand,"wrong_hand_count (detected 1, expected 2)"
C:\Users\singh\Desktop\a2 i&v\edited code files\data\raw\BSL_Dataset\2_HAND_DATASET\E\1455.png,E,two_hand,"wrong_hand_count (detected 1, expected 2)"
C:\Users\singh\Desktop\a2 i&v\edited code files\data\raw\BSL_Dataset\2_HAND_DATASET\E\1475.png,E,two_hand,"wrong_hand_count (detected 1, expected 2)"
C:\Users\singh\Desktop\a2 i&v\edited code files\data\raw\BSL_Dataset\2_HAND_DATASET\E\1515.png,E,two_hand,"wrong_hand_count (detected 1, expected 2)"
C:\Users\singh\Desktop\a2 i&v\edited code files\data\raw\BSL_Dataset\2_HAND_DATASET\E\1520.png,E,two_hand,"wrong_hand_count (detected 1, expected 2)"
C:\Users\singh\Desktop\a2 i&v\edited code files\data\raw\BSL_Dataset\2_HAND_DATASET\E\1550.png,E,two_hand,"wrong_hand_count (detected 1, expected 2)"
C:\Users\singh\Desktop\a2 i&v\edited code files\data\raw\BSL_Dataset\2_HAND_DATASET\E\1610.png,E,two_hand,"wrong_hand_count (detected 1, expected 2)"
C:\Users\singh\Desktop\a2 i&v\edited code files\data\raw\BSL_Dataset\2_HAND_DATASET\E\1705.png,E,two_hand,"wrong_hand_count (detected 1, expected 2)"
C:\Users\singh\Desktop\a2 i&v\edited code files\data\raw\BSL_Dataset\2_HAND_DATASET\E\1855.png,E,two_hand,"wrong_hand_count (detected 1, expected 2)"
C:\Users\singh\Desktop\a2 i&v\edited code files\data\raw\BSL_Dataset\2_HAND_DATASET\E\1880.png,E,two_hand,"wrong_hand_count (detected 1, expected 2)"
C:\Users\singh\Desktop\a2 i&v\edited code files\data\raw\BSL_Dataset\2_HAND_DATASET\E\190.png,E,two_hand,"wrong_hand_count (detected 1, expected 2)"
C:\Users\singh\Desktop\a2 i&v\edited code files\data\raw\BSL_Dataset\2_HAND_DATASET\E\2030.png,E,two_hand,"wrong_hand_count (detected 1, expected 2)"
C:\Users\singh\Desktop\a2 i&v\edited code files\data\raw\BSL_Dataset\2_HAND_DATASET\E\2050.png,E,two_hand,"wrong_hand_count (detected 1, expected 2)"
C:\Users\singh\Desktop\a2 i&v\edited code files\data\raw\BSL_Dataset\2_HAND_DATASET\E\2090.png,E,two_hand,"wrong_hand_count (detected 1, expected 2)"
C:\Users\singh\Desktop\a2 i&v\edited code files\data\raw\BSL_Dataset\2_HAND_DATASET\E\2125.png,E,two_hand,"wrong_hand_count (detected 1, expected 2)"
C:\Users\singh\Desktop\a2 i&v\edited code files\data\raw\BSL_Dataset\2_HAND_DATASET\E\2160.png,E,two_hand,"wrong_hand_count (detected 1, expected 2)"
C:\Users\singh\Desktop\a2 i&v\edited code files\data\raw\BSL_Dataset\2_HAND_DATASET\E\2195.png,E,two_hand,"wrong_hand_count (detected 1, expected 2)"
C:\Users\singh\Desktop\a2 i&v\edited code files\data\raw\BSL_Dataset\2_HAND_DATASET\E\2200.png,E,two_hand,"wrong_hand_count (detected 1, expected 2)"
C:\Users\singh\Desktop\a2 i&v\edited code files\data\raw\BSL_Dataset\2_HAND_DATASET\E\2220.png,E,two_hand,"wrong_hand_count (detected 1, expected 2)"
C:\Users\singh\Desktop\a2 i&v\edited code files\data\raw\BSL_Dataset\2_HAND_DATASET\E\225.png,E,two_hand,"wrong_hand_count (detected 1, expected 2)"
C:\Users\singh\Desktop\a2 i&v\edited code files\data\raw\BSL_Dataset\2_HAND_DATASET\E\2295.png,E,two_hand,"wrong_hand_count (detected 1, expected 2)"
C:\Users\singh\Desktop\a2 i&v\edited code files\data\raw\BSL_Dataset\2_HAND_DATASET\E\2300.png,E,two_hand,"wrong_hand_count (detected 1, expected 2)"
C:\Users\singh\Desktop\a2 i&v\edited code files\data\raw\BSL_Dataset\2_HAND_DATASET\E\2380.png,E,two_hand,"wrong_hand_count (detected 1, expected 2)"
C:\Users\singh\Desktop\a2 i&v\edited code files\data\raw\BSL_Dataset\2_HAND_DATASET\E\2410.png,E,two_hand,"wrong_hand_count (detected 1, expected 2)"
C:\Users\singh\Desktop\a2 i&v\edited code files\data\raw\BSL_Dataset\2_HAND_DATASET\E\2430.png,E,two_hand,"wrong_hand_count (detected 1, expected 2)"
C:\Users\singh\Desktop\a2 i&v\edited code files\data\raw\BSL_Dataset\2_HAND_DATASET\E\2435.png,E,two_hand,"wrong_hand_count (detected 1, expected 2)"
C:\Users\singh\Desktop\a2 i&v\edited code files\data\raw\BSL_Dataset\2_HAND_DATASET\E\2450.png,E,two_hand,"wrong_hand_count (detected 1, expected 2)"
C:\Users\singh\Desktop\a2 i&v\edited code files\data\raw\BSL_Dataset\2_HAND_DATASET\E\2465.png,E,two_hand,"wrong_hand_count (detected 1, expected 2)"
C:\Users\singh\Desktop\a2 i&v\edited code files\data\raw\BSL_Dataset\2_HAND_DATASET\E\2475.png,E,two_hand,"wrong_hand_count (detected 1, expected 2)"
C:\Users\singh\Desktop\a2 i&v\edited code files\data\raw\BSL_Dataset\2_HAND_DATASET\E\2655.png,E,two_hand,"wrong_hand_count (detected 1, expected 2)"
C:\Users\singh\Desktop\a2 i&v\edited code files\data\raw\BSL_Dataset\2_HAND_DATASET\E\2670.png,E,two_hand,"wrong_hand_count (detected 1, expected 2)"
C:\Users\singh\Desktop\a2 i&v\edited code files\data\raw\BSL_Dataset\2_HAND_DATASET\E\2675.png,E,two_hand,"wrong_hand_count (detected 1, expected 2)"
C:\Users\singh\Desktop\a2 i&v\edited code files\data\raw\BSL_Dataset\2_HAND_DATASET\E\2685.png,E,two_hand,"wrong_hand_count (detected 1, expected 2)"
C:\Users\singh\Desktop\a2 i&v\edited code files\data\raw\BSL_Dataset\2_HAND_DATASET\E\2705.png,E,two_hand,"wrong_hand_count (detected 1, expected 2)"
C:\Users\singh\Desktop\a2 i&v\edited code files\data\raw\BSL_Dataset\2_HAND_DATASET\E\275.png,E,two_hand,"wrong_hand_count (detected 1, expected 2)"
C:\Users\singh\Desktop\a2 i&v\edited code files\data\raw\BSL_Dataset\2_HAND_DATASET\E\2770.png,E,two_hand,"wrong_hand_count (detected 1, expected 2)"
C:\Users\singh\Desktop\a2 i&v\edited code files\data\raw\BSL_Dataset\2_HAND_DATASET\E\2785.png,E,two_hand,"wrong_hand_count (detected 1, expected 2)"
C:\Users\singh\Desktop\a2 i&v\edited code files\data\raw\BSL_Dataset\2_HAND_DATASET\E\2805.png,E,two_hand,"wrong_hand_count (detected 1, expected 2)"
C:\Users\singh\Desktop\a2 i&v\edited code files\data\raw\BSL_Dataset\2_HAND_DATASET\E\2810.png,E,two_hand,"wrong_hand_count (detected 1, expected 2)"
C:\Users\singh\Desktop\a2 i&v\edited code files\data\raw\BSL_Dataset\2_HAND_DATASET\E\2830.png,E,two_hand,"wrong_hand_count (detected 1, expected 2)"
C:\Users\singh\Desktop\a2 i&v\edited code files\data\raw\BSL_Dataset\2_HAND_DATASET\E\2925.png,E,two_hand,"wrong_hand_count (detected 1, expected 2)"
C:\Users\singh\Desktop\a2 i&v\edited code files\data\raw\BSL_Dataset\2_HAND_DATASET\E\2930.png,E,two_hand,"wrong_hand_count (detected 1, expected 2)"
C:\Users\singh\Desktop\a2 i&v\edited code files\data\raw\BSL_Dataset\2_HAND_DATASET\E\2940.png,E,two_hand,"wrong_hand_count (detected 1, expected 2)"
C:\Users\singh\Desktop\a2 i&v\edited code files\data\raw\BSL_Dataset\2_HAND_DATASET\E\2965.png,E,two_hand,"wrong_hand_count (detected 1, expected 2)"
C:\Users\singh\Desktop\a2 i&v\edited code files\data\raw\BSL_Dataset\2_HAND_DATASET\E\3140.png,E,two_hand,"wrong_hand_count (detected 1, expected 2)"
C:\Users\singh\Desktop\a2 i&v\edited code files\data\raw\BSL_Dataset\2_HAND_DATASET\E\3445.png,E,two_hand,"wrong_hand_count (detected 1, expected 2)"
C:\Users\singh\Desktop\a2 i&v\edited code files\data\raw\BSL_Dataset\2_HAND_DATASET\E\3635.png,E,two_hand,"wrong_hand_count (detected 1, expected 2)"
C:\Users\singh\Desktop\a2 i&v\edited code files\data\raw\BSL_Dataset\2_HAND_DATASET\E\3760.png,E,two_hand,"wrong_hand_count (detected 1, expected 2)"
C:\Users\singh\Desktop\a2 i&v\edited code files\data\raw\BSL_Dataset\2_HAND_DATASET\E\3785.png,E,two_hand,"wrong_hand_count (detected 1, expected 2)"
C:\Users\singh\Desktop\a2 i&v\edited code files\data\raw\BSL_Dataset\2_HAND_DATASET\E\3920.png,E,two_hand,"wrong_hand_count (detected 1, expected 2)"
C:\Users\singh\Desktop\a2 i&v\edited code files\data\raw\BSL_Dataset\2_HAND_DATASET\E\3970.png,E,two_hand,"wrong_hand_count (detected 1, expected 2)"
C:\Users\singh\Desktop\a2 i&v\edited code files\data\raw\BSL_Dataset\2_HAND_DATASET\E\3985.png,E,two_hand,"wrong_hand_count (detected 1, expected 2)"
C:\Users\singh\Desktop\a2 i&v\edited code files\data\raw\BSL_Dataset\2_HAND_DATASET\E\4035.png,E,two_hand,"wrong_hand_count (detected 1, expected 2)"
C:\Users\singh\Desktop\a2 i&v\edited code files\data\raw\BSL_Dataset\2_HAND_DATASET\E\4070.png,E,two_hand,"wrong_hand_count (detected 1, expected 2)"
C:\Users\singh\Desktop\a2 i&v\edited code files\data\raw\BSL_Dataset\2_HAND_DATASET\E\4130.png,E,two_hand,"wrong_hand_count (detected 1, expected 2)"
C:\Users\singh\Desktop\a2 i&v\edited code files\data\raw\BSL_Dataset\2_HAND_DATASET\E\4175.png,E,two_hand,"wrong_hand_count (detected 1, expected 2)"
C:\Users\singh\Desktop\a2 i&v\edited code files\data\raw\BSL_Dataset\2_HAND_DATASET\E\4290.png,E,two_hand,"wrong_hand_count (detected 1, expected 2)"
C:\Users\singh\Desktop\a2 i&v\edited code files\data\raw\BSL_Dataset\2_HAND_DATASET\E\4295.png,E,two_hand,"wrong_hand_count (detected 1, expected 2)"
C:\Users\singh\Desktop\a2 i&v\edited code files\data\raw\BSL_Dataset\2_HAND_DATASET\E\435.png,E,two_hand,"wrong_hand_count (detected 1, expected 2)"
C:\Users\singh\Desktop\a2 i&v\edited code files\data\raw\BSL_Dataset\2_HAND_DATASET\E\4390.png,E,two_hand,"wrong_hand_count (detected 1, expected 2)"
C:\Users\singh\Desktop\a2 i&v\edited code files\data\raw\BSL_Dataset\2_HAND_DATASET\E\4395.png,E,two_hand,no_hands
C:\Users\singh\Desktop\a2 i&v\edited code files\data\raw\BSL_Dataset\2_HAND_DATASET\E\4505.png,E,two_hand,"wrong_hand_count (detected 1, expected 2)"
C:\Users\singh\Desktop\a2 i&v\edited code files\data\raw\BSL_Dataset\2_HAND_DATASET\E\455.png,E,two_hand,"wrong_hand_count (detected 1, expected 2)"
C:\Users\singh\Desktop\a2 i&v\edited code files\data\raw\BSL_Dataset\2_HAND_DATASET\E\4555.png,E,two_hand,"wrong_hand_count (detected 1, expected 2)"
C:\Users\singh\Desktop\a2 i&v\edited code files\data\raw\BSL_Dataset\2_HAND_DATASET\E\4570.png,E,two_hand,"wrong_hand_count (detected 1, expected 2)"
C:\Users\singh\Desktop\a2 i&v\edited code files\data\raw\BSL_Dataset\2_HAND_DATASET\E\4580.png,E,two_hand,"wrong_hand_count (detected 1, expected 2)"
C:\Users\singh\Desktop\a2 i&v\edited code files\data\raw\BSL_Dataset\2_HAND_DATASET\E\4620.png,E,two_hand,"wrong_hand_count (detected 1, expected 2)"
C:\Users\singh\Desktop\a2 i&v\edited code files\data\raw\BSL_Dataset\2_HAND_DATASET\E\470.png,E,two_hand,"wrong_hand_count (detected 1, expected 2)"
C:\Users\singh\Desktop\a2 i&v\edited code files\data\raw\BSL_Dataset\2_HAND_DATASET\E\4985.png,E,two_hand,"wrong_hand_count (detected 1, expected 2)"
C:\Users\singh\Desktop\a2 i&v\edited code files\data\raw\BSL_Dataset\2_HAND_DATASET\E\505.png,E,two_hand,"wrong_hand_count (detected 1, expected 2)"
C:\Users\singh\Desktop\a2 i&v\edited code files\data\raw\BSL_Dataset\2_HAND_DATASET\E\515.png,E,two_hand,"wrong_hand_count (detected 1, expected 2)"
C:\Users\singh\Desktop\a2 i&v\edited code files\data\raw\BSL_Dataset\2_HAND_DATASET\E\575.png,E,two_hand,"wrong_hand_count (detected 1, expected 2)"
C:\Users\singh\Desktop\a2 i&v\edited code files\data\raw\BSL_Dataset\2_HAND_DATASET\E\685.png,E,two_hand,"wrong_hand_count (detected 1, expected 2)"
C:\Users\singh\Desktop\a2 i&v\edited code files\data\raw\BSL_Dataset\2_HAND_DATASET\E\700.png,E,two_hand,"wrong_hand_count (detected 1, expected 2)"
C:\Users\singh\Desktop\a2 i&v\edited code files\data\raw\BSL_Dataset\2_HAND_DATASET\E\850.png,E,two_hand,"wrong_hand_count (detected 1, expected 2)"
C:\Users\singh\Desktop\a2 i&v\edited code files\data\raw\BSL_Dataset\2_HAND_DATASET\E\930.png,E,two_hand,"wrong_hand_count (detected 1, expected 2)"
C:\Users\singh\Desktop\a2 i&v\edited code files\data\raw\BSL_Dataset\2_HAND_DATASET\E\950.png,E,two_hand,"wrong_hand_count (detected 1, expected 2)"
C:\Users\singh\Desktop\a2 i&v\edited code files\data\raw\BSL_Dataset\2_HAND_DATASET\E\980.png,E,two_hand,"wrong_hand_count (detected 1, expected 2)"
C:\Users\singh\Desktop\a2 i&v\edited code files\data\raw\BSL_Dataset\2_HAND_DATASET\F\100.png,F,two_hand,"wrong_hand_count (detected 1, expected 2)"
C:\Users\singh\Desktop\a2 i&v\edited code files\data\raw\BSL_Dataset\2_HAND_DATASET\F\1000.png,F,two_hand,"wrong_hand_count (detected 1, expected 2)"
C:\Users\singh\Desktop\a2 i&v\edited code files\data\raw\BSL_Dataset\2_HAND_DATASET\F\1060.png,F,two_hand,"wrong_hand_count (detected 1, expected 2)"
C:\Users\singh\Desktop\a2 i&v\edited code files\data\raw\BSL_Dataset\2_HAND_DATASET\F\1095.png,F,two_hand,"wrong_hand_count (detected 1, expected 2)"
C:\Users\singh\Desktop\a2 i&v\edited code files\data\raw\BSL_Dataset\2_HAND_DATASET\F\1100.png,F,two_hand,"wrong_hand_count (detected 1, expected 2)"
C:\Users\singh\Desktop\a2 i&v\edited code files\data\raw\BSL_Dataset\2_HAND_DATASET\F\1105.png,F,two_hand,"wrong_hand_count (detected 1, expected 2)"
C:\Users\singh\Desktop\a2 i&v\edited code files\data\raw\BSL_Dataset\2_HAND_DATASET\F\1110.png,F,two_hand,"wrong_hand_count (detected 1, expected 2)"
C:\Users\singh\Desktop\a2 i&v\edited code files\data\raw\BSL_Dataset\2_HAND_DATASET\F\1115.png,F,two_hand,"wrong_hand_count (detected 1, expected 2)"
C:\Users\singh\Desktop\a2 i&v\edited code files\data\raw\BSL_Dataset\2_HAND_DATASET\F\1120.png,F,two_hand,"wrong_hand_count (detected 1, expected 2)"
C:\Users\singh\Desktop\a2 i&v\edited code files\data\raw\BSL_Dataset\2_HAND_DATASET\F\1125.png,F,two_hand,"wrong_hand_count (detected 1, expected 2)"
C:\Users\singh\Desktop\a2 i&v\edited code files\data\raw\BSL_Dataset\2_HAND_DATASET\F\1130.png,F,two_hand,"wrong_hand_count (detected 1, expected 2)"
C:\Users\singh\Desktop\a2 i&v\edited code files\data\raw\BSL_Dataset\2_HAND_DATASET\F\1135.png,F,two_hand,"wrong_hand_count (detected 1, expected 2)"
C:\Users\singh\Desktop\a2 i&v\edited code files\data\raw\BSL_Dataset\2_HAND_DATASET\F\1145.png,F,two_hand,"wrong_hand_count (detected 1, expected 2)"
C:\Users\singh\Desktop\a2 i&v\edited code files\data\raw\BSL_Dataset\2_HAND_DATASET\F\1215.png,F,two_hand,"wrong_hand_count (detected 1, expected 2)"
C:\Users\singh\Desktop\a2 i&v\edited code files\data\raw\BSL_Dataset\2_HAND_DATASET\F\1225.png,F,two_hand,"wrong_hand_count (detected 1, expected 2)"
C:\Users\singh\Desktop\a2 i&v\edited code files\data\raw\BSL_Dataset\2_HAND_DATASET\F\1245.png,F,two_hand,"wrong_hand_count (detected 1, expected 2)"
C:\Users\singh\Desktop\a2 i&v\edited code files\data\raw\BSL_Dataset\2_HAND_DATASET\F\125.png,F,two_hand,"wrong_hand_count (detected 1, expected 2)"
C:\Users\singh\Desktop\a2 i&v\edited code files\data\raw\BSL_Dataset\2_HAND_DATASET\F\1270.png,F,two_hand,"wrong_hand_count (detected 1, expected 2)"
C:\Users\singh\Desktop\a2 i&v\edited code files\data\raw\BSL_Dataset\2_HAND_DATASET\F\1280.png,F,two_hand,"wrong_hand_count (detected 1, expected 2)"
C:\Users\singh\Desktop\a2 i&v\edited code files\data\raw\BSL_Dataset\2_HAND_DATASET\F\130.png,F,two_hand,"wrong_hand_count (detected 1, expected 2)"
C:\Users\singh\Desktop\a2 i&v\edited code files\data\raw\BSL_Dataset\2_HAND_DATASET\F\1330.png,F,two_hand,"wrong_hand_count (detected 1, expected 2)"
C:\Users\singh\Desktop\a2 i&v\edited code files\data\raw\BSL_Dataset\2_HAND_DATASET\F\1335.png,F,two_hand,"wrong_hand_count (detected 1, expected 2)"
C:\Users\singh\Desktop\a2 i&v\edited code files\data\raw\BSL_Dataset\2_HAND_DATASET\F\135.png,F,two_hand,"wrong_hand_count (detected 1, expected 2)"
C:\Users\singh\Desktop\a2 i&v\edited code files\data\raw\BSL_Dataset\2_HAND_DATASET\F\1365.png,F,two_hand,"wrong_hand_count (detected 1, expected 2)"
C:\Users\singh\Desktop\a2 i&v\edited code files\data\raw\BSL_Dataset\2_HAND_DATASET\F\1420.png,F,two_hand,"wrong_hand_count (detected 1, expected 2)"
C:\Users\singh\Desktop\a2 i&v\edited code files\data\raw\BSL_Dataset\2_HAND_DATASET\F\1430.png,F,two_hand,"wrong_hand_count (detected 1, expected 2)"
C:\Users\singh\Desktop\a2 i&v\edited code files\data\raw\BSL_Dataset\2_HAND_DATASET\F\145.png,F,two_hand,"wrong_hand_count (detected 1, expected 2)"
C:\Users\singh\Desktop\a2 i&v\edited code files\data\raw\BSL_Dataset\2_HAND_DATASET\F\1450.png,F,two_hand,"wrong_hand_count (detected 1, expected 2)"
C:\Users\singh\Desktop\a2 i&v\edited code files\data\raw\BSL_Dataset\2_HAND_DATASET\F\1480.png,F,two_hand,"wrong_hand_count (detected 1, expected 2)"
C:\Users\singh\Desktop\a2 i&v\edited code files\data\raw\BSL_Dataset\2_HAND_DATASET\F\1510.png,F,two_hand,"wrong_hand_count (detected 1, expected 2)"
C:\Users\singh\Desktop\a2 i&v\edited code files\data\raw\BSL_Dataset\2_HAND_DATASET\F\1515.png,F,two_hand,"wrong_hand_count (detected 1, expected 2)"
C:\Users\singh\Desktop\a2 i&v\edited code files\data\raw\BSL_Dataset\2_HAND_DATASET\F\155.png,F,two_hand,no_hands
C:\Users\singh\Desktop\a2 i&v\edited code files\data\raw\BSL_Dataset\2_HAND_DATASET\F\1595.png,F,two_hand,"wrong_hand_count (detected 1, expected 2)"
C:\Users\singh\Desktop\a2 i&v\edited code files\data\raw\BSL_Dataset\2_HAND_DATASET\F\1605.png,F,two_hand,"wrong_hand_count (detected 1, expected 2)"
C:\Users\singh\Desktop\a2 i&v\edited code files\data\raw\BSL_Dataset\2_HAND_DATASET\F\1630.png,F,two_hand,"wrong_hand_count (detected 1, expected 2)"
C:\Users\singh\Desktop\a2 i&v\edited code files\data\raw\BSL_Dataset\2_HAND_DATASET\F\1655.png,F,two_hand,"wrong_hand_count (detected 1, expected 2)"
C:\Users\singh\Desktop\a2 i&v\edited code files\data\raw\BSL_Dataset\2_HAND_DATASET\F\1665.png,F,two_hand,"wrong_hand_count (detected 1, expected 2)"
C:\Users\singh\Desktop\a2 i&v\edited code files\data\raw\BSL_Dataset\2_HAND_DATASET\F\1720.png,F,two_hand,"wrong_hand_count (detected 1, expected 2)"
C:\Users\singh\Desktop\a2 i&v\edited code files\data\raw\BSL_Dataset\2_HAND_DATASET\F\1740.png,F,two_hand,"wrong_hand_count (detected 1, expected 2)"
C:\Users\singh\Desktop\a2 i&v\edited code files\data\raw\BSL_Dataset\2_HAND_DATASET\F\1775.png,F,two_hand,"wrong_hand_count (detected 1, expected 2)"
C:\Users\singh\Desktop\a2 i&v\edited code files\data\raw\BSL_Dataset\2_HAND_DATASET\F\1785.png,F,two_hand,"wrong_hand_count (detected 1, expected 2)"
C:\Users\singh\Desktop\a2 i&v\edited code files\data\raw\BSL_Dataset\2_HAND_DATASET\F\1790.png,F,two_hand,"wrong_hand_count (detected 1, expected 2)"
C:\Users\singh\Desktop\a2 i&v\edited code files\data\raw\BSL_Dataset\2_HAND_DATASET\F\180.png,F,two_hand,"wrong_hand_count (detected 1, expected 2)"
C:\Users\singh\Desktop\a2 i&v\edited code files\data\raw\BSL_Dataset\2_HAND_DATASET\F\1830.png,F,two_hand,"wrong_hand_count (detected 1, expected 2)"
C:\Users\singh\Desktop\a2 i&v\edited code files\data\raw\BSL_Dataset\2_HAND_DATASET\F\1855.png,F,two_hand,"wrong_hand_count (detected 1, expected 2)"
C:\Users\singh\Desktop\a2 i&v\edited code files\data\raw\BSL_Dataset\2_HAND_DATASET\F\1870.png,F,two_hand,"wrong_hand_count (detected 1, expected 2)"
C:\Users\singh\Desktop\a2 i&v\edited code files\data\raw\BSL_Dataset\2_HAND_DATASET\F\1880.png,F,two_hand,"wrong_hand_count (detected 1, expected 2)"
C:\Users\singh\Desktop\a2 i&v\edited code files\data\raw\BSL_Dataset\2_HAND_DATASET\F\1920.png,F,two_hand,"wrong_hand_count (detected 1, expected 2)"
C:\Users\singh\Desktop\a2 i&v\edited code files\data\raw\BSL_Dataset\2_HAND_DATASET\F\1950.png,F,two_hand,"wrong_hand_count (detected 1, expected 2)"
C:\Users\singh\Desktop\a2 i&v\edited code files\data\raw\BSL_Dataset\2_HAND_DATASET\F\1970.png,F,two_hand,"wrong_hand_count (detected 1, expected 2)"
C:\Users\singh\Desktop\a2 i&v\edited code files\data\raw\BSL_Dataset\2_HAND_DATASET\F\1985.png,F,two_hand,"wrong_hand_count (detected 1, expected 2)"
C:\Users\singh\Desktop\a2 i&v\edited code files\data\raw\BSL_Dataset\2_HAND_DATASET\F\2010.png,F,two_hand,"wrong_hand_count (detected 1, expected 2)"
C:\Users\singh\Desktop\a2 i&v\edited code files\data\raw\BSL_Dataset\2_HAND_DATASET\F\2020.png,F,two_hand,"wrong_hand_count (detected 1, expected 2)"
C:\Users\singh\Desktop\a2 i&v\edited code files\data\raw\BSL_Dataset\2_HAND_DATASET\F\2035.png,F,two_hand,"wrong_hand_count (detected 1, expected 2)"
C:\Users\singh\Desktop\a2 i&v\edited code files\data\raw\BSL_Dataset\2_HAND_DATASET\F\210.png,F,two_hand,"wrong_hand_count (detected 1, expected 2)"
C:\Users\singh\Desktop\a2 i&v\edited code files\data\raw\BSL_Dataset\2_HAND_DATASET\F\2120.png,F,two_hand,"wrong_hand_count (detected 1, expected 2)"
C:\Users\singh\Desktop\a2 i&v\edited code files\data\raw\BSL_Dataset\2_HAND_DATASET\F\2125.png,F,two_hand,"wrong_hand_count (detected 1, expected 2)"
C:\Users\singh\Desktop\a2 i&v\edited code files\data\raw\BSL_Dataset\2_HAND_DATASET\F\2130.png,F,two_hand,"wrong_hand_count (detected 1, expected 2)"
C:\Users\singh\Desktop\a2 i&v\edited code files\data\raw\BSL_Dataset\2_HAND_DATASET\F\2135.png,F,two_hand,"wrong_hand_count (detected 1, expected 2)"
C:\Users\singh\Desktop\a2 i&v\edited code files\data\raw\BSL_Dataset\2_HAND_DATASET\F\2140.png,F,two_hand,"wrong_hand_count (detected 1, expected 2)"
C:\Users\singh\Desktop\a2 i&v\edited code files\data\raw\BSL_Dataset\2_HAND_DATASET\F\2215.png,F,two_hand,"wrong_hand_count (detected 1, expected 2)"
C:\Users\singh\Desktop\a2 i&v\edited code files\data\raw\BSL_Dataset\2_HAND_DATASET\F\2240.png,F,two_hand,"wrong_hand_count (detected 1, expected 2)"
C:\Users\singh\Desktop\a2 i&v\edited code files\data\raw\BSL_Dataset\2_HAND_DATASET\F\2245.png,F,two_hand,"wrong_hand_count (detected 1, expected 2)"
C:\Users\singh\Desktop\a2 i&v\edited code files\data\raw\BSL_Dataset\2_HAND_DATASET\F\2250.png,F,two_hand,"wrong_hand_count (detected 1, expected 2)"
C:\Users\singh\Desktop\a2 i&v\edited code files\data\raw\BSL_Dataset\2_HAND_DATASET\F\2375.png,F,two_hand,"wrong_hand_count (detected 1, expected 2)"
C:\Users\singh\Desktop\a2 i&v\edited code files\data\raw\BSL_Dataset\2_HAND_DATASET\F\2445.png,F,two_hand,"wrong_hand_count (detected 1, expected 2)"
C:\Users\singh\Desktop\a2 i&v\edited code files\data\raw\BSL_Dataset\2_HAND_DATASET\F\2455.png,F,two_hand,"wrong_hand_count (detected 1, expected 2)"
C:\Users\singh\Desktop\a2 i&v\edited code files\data\raw\BSL_Dataset\2_HAND_DATASET\F\2470.png,F,two_hand,"wrong_hand_count (detected 1, expected 2)"
C:\Users\singh\Desktop\a2 i&v\edited code files\data\raw\BSL_Dataset\2_HAND_DATASET\F\2480.png,F,two_hand,"wrong_hand_count (detected 1, expected 2)"
C:\Users\singh\Desktop\a2 i&v\edited code files\data\raw\BSL_Dataset\2_HAND_DATASET\F\2485.png,F,two_hand,"wrong_hand_count (detected 1, expected 2)"
C:\Users\singh\Desktop\a2 i&v\edited code files\data\raw\BSL_Dataset\2_HAND_DATASET\F\2585.png,F,two_hand,"wrong_hand_count (detected 1, expected 2)"
C:\Users\singh\Desktop\a2 i&v\edited code files\data\raw\BSL_Dataset\2_HAND_DATASET\F\2645.png,F,two_hand,"wrong_hand_count (detected 1, expected 2)"
C:\Users\singh\Desktop\a2 i&v\edited code files\data\raw\BSL_Dataset\2_HAND_DATASET\F\265.png,F,two_hand,no_hands
C:\Users\singh\Desktop\a2 i&v\edited code files\data\raw\BSL_Dataset\2_HAND_DATASET\F\280.png,F,two_hand,"wrong_hand_count (detected 1, expected 2)"
C:\Users\singh\Desktop\a2 i&v\edited code files\data\raw\BSL_Dataset\2_HAND_DATASET\F\2840.png,F,two_hand,"wrong_hand_count (detected 1, expected 2)"
C:\Users\singh\Desktop\a2 i&v\edited code files\data\raw\BSL_Dataset\2_HAND_DATASET\F\2845.png,F,two_hand,"wrong_hand_count (detected 1, expected 2)"
C:\Users\singh\Desktop\a2 i&v\edited code files\data\raw\BSL_Dataset\2_HAND_DATASET\F\285.png,F,two_hand,"wrong_hand_count (detected 1, expected 2)"
C:\Users\singh\Desktop\a2 i&v\edited code files\data\raw\BSL_Dataset\2_HAND_DATASET\F\2865.png,F,two_hand,"wrong_hand_count (detected 1, expected 2)"
C:\Users\singh\Desktop\a2 i&v\edited code files\data\raw\BSL_Dataset\2_HAND_DATASET\F\2870.png,F,two_hand,"wrong_hand_count (detected 1, expected 2)"
C:\Users\singh\Desktop\a2 i&v\edited code files\data\raw\BSL_Dataset\2_HAND_DATASET\F\2880.png,F,two_hand,"wrong_hand_count (detected 1, expected 2)"
C:\Users\singh\Desktop\a2 i&v\edited code files\data\raw\BSL_Dataset\2_HAND_DATASET\F\290.png,F,two_hand,"wrong_hand_count (detected 1, expected 2)"
C:\Users\singh\Desktop\a2 i&v\edited code files\data\raw\BSL_Dataset\2_HAND_DATASET\F\295.png,F,two_hand,"wrong_hand_count (detected 1, expected 2)"
C:\Users\singh\Desktop\a2 i&v\edited code files\data\raw\BSL_Dataset\2_HAND_DATASET\F\3040.png,F,two_hand,"wrong_hand_count (detected 1, expected 2)"
C:\Users\singh\Desktop\a2 i&v\edited code files\data\raw\BSL_Dataset\2_HAND_DATASET\F\3105.png,F,two_hand,"wrong_hand_count (detected 1, expected 2)"
C:\Users\singh\Desktop\a2 i&v\edited code files\data\raw\BSL_Dataset\2_HAND_DATASET\F\3110.png,F,two_hand,"wrong_hand_count (detected 1, expected 2)"
C:\Users\singh\Desktop\a2 i&v\edited code files\data\raw\BSL_Dataset\2_HAND_DATASET\F\320.png,F,two_hand,"wrong_hand_count (detected 1, expected 2)"
C:\Users\singh\Desktop\a2 i&v\edited code files\data\raw\BSL_Dataset\2_HAND_DATASET\F\3220.png,F,two_hand,"wrong_hand_count (detected 1, expected 2)"
C:\Users\singh\Desktop\a2 i&v\edited code files\data\raw\BSL_Dataset\2_HAND_DATASET\F\3230.png,F,two_hand,"wrong_hand_count (detected 1, expected 2)"
C:\Users\singh\Desktop\a2 i&v\edited code files\data\raw\BSL_Dataset\2_HAND_DATASET\F\3235.png,F,two_hand,"wrong_hand_count (detected 1, expected 2)"
C:\Users\singh\Desktop\a2 i&v\edited code files\data\raw\BSL_Dataset\2_HAND_DATASET\F\3240.png,F,two_hand,"wrong_hand_count (detected 1, expected 2)"
C:\Users\singh\Desktop\a2 i&v\edited code files\data\raw\BSL_Dataset\2_HAND_DATASET\F\3265.png,F,two_hand,"wrong_hand_count (detected 1, expected 2)"
C:\Users\singh\Desktop\a2 i&v\edited code files\data\raw\BSL_Dataset\2_HAND_DATASET\F\3285.png,F,two_hand,"wrong_hand_count (detected 1, expected 2)"
C:\Users\singh\Desktop\a2 i&v\edited code files\data\raw\BSL_Dataset\2_HAND_DATASET\F\330.png,F,two_hand,"wrong_hand_count (detected 1, expected 2)"
C:\Users\singh\Desktop\a2 i&v\edited code files\data\raw\BSL_Dataset\2_HAND_DATASET\F\3315.png,F,two_hand,"wrong_hand_count (detected 1, expected 2)"
C:\Users\singh\Desktop\a2 i&v\edited code files\data\raw\BSL_Dataset\2_HAND_DATASET\F\3330.png,F,two_hand,"wrong_hand_count (detected 1, expected 2)"
C:\Users\singh\Desktop\a2 i&v\edited code files\data\raw\BSL_Dataset\2_HAND_DATASET\F\335.png,F,two_hand,"wrong_hand_count (detected 1, expected 2)"
C:\Users\singh\Desktop\a2 i&v\edited code files\data\raw\BSL_Dataset\2_HAND_DATASET\F\3350.png,F,two_hand,"wrong_hand_count (detected 1, expected 2)"
C:\Users\singh\Desktop\a2 i&v\edited code files\data\raw\BSL_Dataset\2_HAND_DATASET\F\3355.png,F,two_hand,"wrong_hand_count (detected 1, expected 2)"
C:\Users\singh\Desktop\a2 i&v\edited code files\data\raw\BSL_Dataset\2_HAND_DATASET\F\3360.png,F,two_hand,"wrong_hand_count (detected 1, expected 2)"
C:\Users\singh\Desktop\a2 i&v\edited code files\data\raw\BSL_Dataset\2_HAND_DATASET\F\3385.png,F,two_hand,"wrong_hand_count (detected 1, expected 2)"
C:\Users\singh\Desktop\a2 i&v\edited code files\data\raw\BSL_Dataset\2_HAND_DATASET\F\340.png,F,two_hand,"wrong_hand_count (detected 1, expected 2)"
C:\Users\singh\Desktop\a2 i&v\edited code files\data\raw\BSL_Dataset\2_HAND_DATASET\F\3430.png,F,two_hand,"wrong_hand_count (detected 1, expected 2)"
C:\Users\singh\Desktop\a2 i&v\edited code files\data\raw\BSL_Dataset\2_HAND_DATASET\F\3435.png,F,two_hand,"wrong_hand_count (detected 1, expected 2)"
C:\Users\singh\Desktop\a2 i&v\edited code files\data\raw\BSL_Dataset\2_HAND_DATASET\F\3480.png,F,two_hand,"wrong_hand_count (detected 1, expected 2)"
C:\Users\singh\Desktop\a2 i&v\edited code files\data\raw\BSL_Dataset\2_HAND_DATASET\F\3500.png,F,two_hand,"wrong_hand_count (detected 1, expected 2)"
C:\Users\singh\Desktop\a2 i&v\edited code files\data\raw\BSL_Dataset\2_HAND_DATASET\F\355.png,F,two_hand,"wrong_hand_count (detected 1, expected 2)"
C:\Users\singh\Desktop\a2 i&v\edited code files\data\raw\BSL_Dataset\2_HAND_DATASET\F\3595.png,F,two_hand,"wrong_hand_count (detected 1, expected 2)"
C:\Users\singh\Desktop\a2 i&v\edited code files\data\raw\BSL_Dataset\2_HAND_DATASET\F\360.png,F,two_hand,"wrong_hand_count (detected 1, expected 2)"
C:\Users\singh\Desktop\a2 i&v\edited code files\data\raw\BSL_Dataset\2_HAND_DATASET\F\3640.png,F,two_hand,"wrong_hand_count (detected 1, expected 2)"
C:\Users\singh\Desktop\a2 i&v\edited code files\data\raw\BSL_Dataset\2_HAND_DATASET\F\365.png,F,two_hand,"wrong_hand_count (detected 1, expected 2)"
C:\Users\singh\Desktop\a2 i&v\edited code files\data\raw\BSL_Dataset\2_HAND_DATASET\F\3665.png,F,two_hand,"wrong_hand_count (detected 1, expected 2)"
C:\Users\singh\Desktop\a2 i&v\edited code files\data\raw\BSL_Dataset\2_HAND_DATASET\F\370.png,F,two_hand,"wrong_hand_count (detected 1, expected 2)"
C:\Users\singh\Desktop\a2 i&v\edited code files\data\raw\BSL_Dataset\2_HAND_DATASET\F\3740.png,F,two_hand,"wrong_hand_count (detected 1, expected 2)"
C:\Users\singh\Desktop\a2 i&v\edited code files\data\raw\BSL_Dataset\2_HAND_DATASET\F\375.png,F,two_hand,"wrong_hand_count (detected 1, expected 2)"
C:\Users\singh\Desktop\a2 i&v\edited code files\data\raw\BSL_Dataset\2_HAND_DATASET\F\3770.png,F,two_hand,"wrong_hand_count (detected 1, expected 2)"
C:\Users\singh\Desktop\a2 i&v\edited code files\data\raw\BSL_Dataset\2_HAND_DATASET\F\3780.png,F,two_hand,"wrong_hand_count (detected 1, expected 2)"
C:\Users\singh\Desktop\a2 i&v\edited code files\data\raw\BSL_Dataset\2_HAND_DATASET\F\3870.png,F,two_hand,"wrong_hand_count (detected 1, expected 2)"
C:\Users\singh\Desktop\a2 i&v\edited code files\data\raw\BSL_Dataset\2_HAND_DATASET\F\3900.png,F,two_hand,"wrong_hand_count (detected 1, expected 2)"
C:\Users\singh\Desktop\a2 i&v\edited code files\data\raw\BSL_Dataset\2_HAND_DATASET\F\3920.png,F,two_hand,"wrong_hand_count (detected 1, expected 2)"
C:\Users\singh\Desktop\a2 i&v\edited code files\data\raw\BSL_Dataset\2_HAND_DATASET\F\3930.png,F,two_hand,"wrong_hand_count (detected 1, expected 2)"
C:\Users\singh\Desktop\a2 i&v\edited code files\data\raw\BSL_Dataset\2_HAND_DATASET\F\3945.png,F,two_hand,"wrong_hand_count (detected 1, expected 2)"
C:\Users\singh\Desktop\a2 i&v\edited code files\data\raw\BSL_Dataset\2_HAND_DATASET\F\395.png,F,two_hand,"wrong_hand_count (detected 1, expected 2)"
C:\Users\singh\Desktop\a2 i&v\edited code files\data\raw\BSL_Dataset\2_HAND_DATASET\F\40.png,F,two_hand,"wrong_hand_count (detected 1, expected 2)"
C:\Users\singh\Desktop\a2 i&v\edited code files\data\raw\BSL_Dataset\2_HAND_DATASET\F\400.png,F,two_hand,"wrong_hand_count (detected 1, expected 2)"
C:\Users\singh\Desktop\a2 i&v\edited code files\data\raw\BSL_Dataset\2_HAND_DATASET\F\405.png,F,two_hand,"wrong_hand_count (detected 1, expected 2)"
C:\Users\singh\Desktop\a2 i&v\edited code files\data\raw\BSL_Dataset\2_HAND_DATASET\F\4055.png,F,two_hand,"wrong_hand_count (detected 1, expected 2)"
C:\Users\singh\Desktop\a2 i&v\edited code files\data\raw\BSL_Dataset\2_HAND_DATASET\F\4080.png,F,two_hand,"wrong_hand_count (detected 1, expected 2)"
C:\Users\singh\Desktop\a2 i&v\edited code files\data\raw\BSL_Dataset\2_HAND_DATASET\F\4105.png,F,two_hand,"wrong_hand_count (detected 1, expected 2)"
C:\Users\singh\Desktop\a2 i&v\edited code files\data\raw\BSL_Dataset\2_HAND_DATASET\F\4110.png,F,two_hand,"wrong_hand_count (detected 1, expected 2)"
C:\Users\singh\Desktop\a2 i&v\edited code files\data\raw\BSL_Dataset\2_HAND_DATASET\F\4160.png,F,two_hand,"wrong_hand_count (detected 1, expected 2)"
C:\Users\singh\Desktop\a2 i&v\edited code files\data\raw\BSL_Dataset\2_HAND_DATASET\F\4195.png,F,two_hand,"wrong_hand_count (detected 1, expected 2)"
C:\Users\singh\Desktop\a2 i&v\edited code files\data\raw\BSL_Dataset\2_HAND_DATASET\F\420.png,F,two_hand,"wrong_hand_count (detected 1, expected 2)"
C:\Users\singh\Desktop\a2 i&v\edited code files\data\raw\BSL_Dataset\2_HAND_DATASET\F\4205.png,F,two_hand,"wrong_hand_count (detected 1, expected 2)"
C:\Users\singh\Desktop\a2 i&v\edited code files\data\raw\BSL_Dataset\2_HAND_DATASET\F\4210.png,F,two_hand,"wrong_hand_count (detected 1, expected 2)"
C:\Users\singh\Desktop\a2 i&v\edited code files\data\raw\BSL_Dataset\2_HAND_DATASET\F\4215.png,F,two_hand,"wrong_hand_count (detected 1, expected 2)"
C:\Users\singh\Desktop\a2 i&v\edited code files\data\raw\BSL_Dataset\2_HAND_DATASET\F\4220.png,F,two_hand,"wrong_hand_count (detected 1, expected 2)"
C:\Users\singh\Desktop\a2 i&v\edited code files\data\raw\BSL_Dataset\2_HAND_DATASET\F\4250.png,F,two_hand,"wrong_hand_count (detected 1, expected 2)"
C:\Users\singh\Desktop\a2 i&v\edited code files\data\raw\BSL_Dataset\2_HAND_DATASET\F\4270.png,F,two_hand,"wrong_hand_count (detected 1, expected 2)"
C:\Users\singh\Desktop\a2 i&v\edited code files\data\raw\BSL_Dataset\2_HAND_DATASET\F\430.png,F,two_hand,"wrong_hand_count (detected 1, expected 2)"
C:\Users\singh\Desktop\a2 i&v\edited code files\data\raw\BSL_Dataset\2_HAND_DATASET\F\4300.png,F,two_hand,"wrong_hand_count (detected 1, expected 2)"
C:\Users\singh\Desktop\a2 i&v\edited code files\data\raw\BSL_Dataset\2_HAND_DATASET\F\4305.png,F,two_hand,"wrong_hand_count (detected 1, expected 2)"
C:\Users\singh\Desktop\a2 i&v\edited code files\data\raw\BSL_Dataset\2_HAND_DATASET\F\4310.png,F,two_hand,no_hands
C:\Users\singh\Desktop\a2 i&v\edited code files\data\raw\BSL_Dataset\2_HAND_DATASET\F\4315.png,F,two_hand,"wrong_hand_count (detected 1, expected 2)"
C:\Users\singh\Desktop\a2 i&v\edited code files\data\raw\BSL_Dataset\2_HAND_DATASET\F\4320.png,F,two_hand,"wrong_hand_count (detected 1, expected 2)"
C:\Users\singh\Desktop\a2 i&v\edited code files\data\raw\BSL_Dataset\2_HAND_DATASET\F\4370.png,F,two_hand,no_hands
C:\Users\singh\Desktop\a2 i&v\edited code files\data\raw\BSL_Dataset\2_HAND_DATASET\F\4400.png,F,two_hand,"wrong_hand_count (detected 1, expected 2)"
C:\Users\singh\Desktop\a2 i&v\edited code files\data\raw\BSL_Dataset\2_HAND_DATASET\F\4410.png,F,two_hand,"wrong_hand_count (detected 1, expected 2)"
C:\Users\singh\Desktop\a2 i&v\edited code files\data\raw\BSL_Dataset\2_HAND_DATASET\F\4415.png,F,two_hand,"wrong_hand_count (detected 1, expected 2)"
C:\Users\singh\Desktop\a2 i&v\edited code files\data\raw\BSL_Dataset\2_HAND_DATASET\F\4420.png,F,two_hand,"wrong_hand_count (detected 1, expected 2)"
C:\Users\singh\Desktop\a2 i&v\edited code files\data\raw\BSL_Dataset\2_HAND_DATASET\F\4425.png,F,two_hand,"wrong_hand_count (detected 1, expected 2)"
C:\Users\singh\Desktop\a2 i&v\edited code files\data\raw\BSL_Dataset\2_HAND_DATASET\F\4430.png,F,two_hand,"wrong_hand_count (detected 1, expected 2)"
C:\Users\singh\Desktop\a2 i&v\edited code files\data\raw\BSL_Dataset\2_HAND_DATASET\F\4445.png,F,two_hand,"wrong_hand_count (detected 1, expected 2)"
C:\Users\singh\Desktop\a2 i&v\edited code files\data\raw\BSL_Dataset\2_HAND_DATASET\F\4465.png,F,two_hand,"wrong_hand_count (detected 1, expected 2)"
C:\Users\singh\Desktop\a2 i&v\edited code files\data\raw\BSL_Dataset\2_HAND_DATASET\F\4475.png,F,two_hand,"wrong_hand_count (detected 1, expected 2)"
C:\Users\singh\Desktop\a2 i&v\edited code files\data\raw\BSL_Dataset\2_HAND_DATASET\F\4485.png,F,two_hand,"wrong_hand_count (detected 1, expected 2)"
C:\Users\singh\Desktop\a2 i&v\edited code files\data\raw\BSL_Dataset\2_HAND_DATASET\F\4495.png,F,two_hand,"wrong_hand_count (detected 1, expected 2)"
C:\Users\singh\Desktop\a2 i&v\edited code files\data\raw\BSL_Dataset\2_HAND_DATASET\F\450.png,F,two_hand,"wrong_hand_count (detected 1, expected 2)"
C:\Users\singh\Desktop\a2 i&v\edited code files\data\raw\BSL_Dataset\2_HAND_DATASET\F\4500.png,F,two_hand,"wrong_hand_count (detected 1, expected 2)"
C:\Users\singh\Desktop\a2 i&v\edited code files\data\raw\BSL_Dataset\2_HAND_DATASET\F\4505.png,F,two_hand,"wrong_hand_count (detected 1, expected 2)"
C:\Users\singh\Desktop\a2 i&v\edited code files\data\raw\BSL_Dataset\2_HAND_DATASET\F\4530.png,F,two_hand,"wrong_hand_count (detected 1, expected 2)"
C:\Users\singh\Desktop\a2 i&v\edited code files\data\raw\BSL_Dataset\2_HAND_DATASET\F\4540.png,F,two_hand,"wrong_hand_count (detected 1, expected 2)"
C:\Users\singh\Desktop\a2 i&v\edited code files\data\raw\BSL_Dataset\2_HAND_DATASET\F\4545.png,F,two_hand,"wrong_hand_count (detected 1, expected 2)"
C:\Users\singh\Desktop\a2 i&v\edited code files\data\raw\BSL_Dataset\2_HAND_DATASET\F\455.png,F,two_hand,"wrong_hand_count (detected 1, expected 2)"
C:\Users\singh\Desktop\a2 i&v\edited code files\data\raw\BSL_Dataset\2_HAND_DATASET\F\4555.png,F,two_hand,"wrong_hand_count (detected 1, expected 2)"
C:\Users\singh\Desktop\a2 i&v\edited code files\data\raw\BSL_Dataset\2_HAND_DATASET\F\4565.png,F,two_hand,"wrong_hand_count (detected 1, expected 2)"
C:\Users\singh\Desktop\a2 i&v\edited code files\data\raw\BSL_Dataset\2_HAND_DATASET\F\4585.png,F,two_hand,"wrong_hand_count (detected 1, expected 2)"
C:\Users\singh\Desktop\a2 i&v\edited code files\data\raw\BSL_Dataset\2_HAND_DATASET\F\4590.png,F,two_hand,no_hands
C:\Users\singh\Desktop\a2 i&v\edited code files\data\raw\BSL_Dataset\2_HAND_DATASET\F\4595.png,F,two_hand,"wrong_hand_count (detected 1, expected 2)"
C:\Users\singh\Desktop\a2 i&v\edited code files\data\raw\BSL_Dataset\2_HAND_DATASET\F\460.png,F,two_hand,"wrong_hand_count (detected 1, expected 2)"
C:\Users\singh\Desktop\a2 i&v\edited code files\data\raw\BSL_Dataset\2_HAND_DATASET\F\4600.png,F,two_hand,"wrong_hand_count (detected 1, expected 2)"
C:\Users\singh\Desktop\a2 i&v\edited code files\data\raw\BSL_Dataset\2_HAND_DATASET\F\4635.png,F,two_hand,"wrong_hand_count (detected 1, expected 2)"
C:\Users\singh\Desktop\a2 i&v\edited code files\data\raw\BSL_Dataset\2_HAND_DATASET\F\4645.png,F,two_hand,"wrong_hand_count (detected 1, expected 2)"
C:\Users\singh\Desktop\a2 i&v\edited code files\data\raw\BSL_Dataset\2_HAND_DATASET\F\465.png,F,two_hand,no_hands
C:\Users\singh\Desktop\a2 i&v\edited code files\data\raw\BSL_Dataset\2_HAND_DATASET\F\4650.png,F,two_hand,"wrong_hand_count (detected 1, expected 2)"
C:\Users\singh\Desktop\a2 i&v\edited code files\data\raw\BSL_Dataset\2_HAND_DATASET\F\4675.png,F,two_hand,"wrong_hand_count (detected 1, expected 2)"
C:\Users\singh\Desktop\a2 i&v\edited code files\data\raw\BSL_Dataset\2_HAND_DATASET\F\4680.png,F,two_hand,"wrong_hand_count (detected 1, expected 2)"
C:\Users\singh\Desktop\a2 i&v\edited code files\data\raw\BSL_Dataset\2_HAND_DATASET\F\4685.png,F,two_hand,"wrong_hand_count (detected 1, expected 2)"
C:\Users\singh\Desktop\a2 i&v\edited code files\data\raw\BSL_Dataset\2_HAND_DATASET\F\4690.png,F,two_hand,"wrong_hand_count (detected 1, expected 2)"
C:\Users\singh\Desktop\a2 i&v\edited code files\data\raw\BSL_Dataset\2_HAND_DATASET\F\4695.png,F,two_hand,"wrong_hand_count (detected 1, expected 2)"
C:\Users\singh\Desktop\a2 i&v\edited code files\data\raw\BSL_Dataset\2_HAND_DATASET\F\470.png,F,two_hand,"wrong_hand_count (detected 1, expected 2)"
C:\Users\singh\Desktop\a2 i&v\edited code files\data\raw\BSL_Dataset\2_HAND_DATASET\F\4725.png,F,two_hand,"wrong_hand_count (detected 1, expected 2)"
C:\Users\singh\Desktop\a2 i&v\edited code files\data\raw\BSL_Dataset\2_HAND_DATASET\F\4735.png,F,two_hand,"wrong_hand_count (detected 1, expected 2)"
C:\Users\singh\Desktop\a2 i&v\edited code files\data\raw\BSL_Dataset\2_HAND_DATASET\F\4745.png,F,two_hand,"wrong_hand_count (detected 1, expected 2)"
C:\Users\singh\Desktop\a2 i&v\edited code files\data\raw\BSL_Dataset\2_HAND_DATASET\F\4755.png,F,two_hand,"wrong_hand_count (detected 1, expected 2)"
C:\Users\singh\Desktop\a2 i&v\edited code files\data\raw\BSL_Dataset\2_HAND_DATASET\F\4765.png,F,two_hand,"wrong_hand_count (detected 1, expected 2)"
C:\Users\singh\Desktop\a2 i&v\edited code files\data\raw\BSL_Dataset\2_HAND_DATASET\F\4770.png,F,two_hand,no_hands
C:\Users\singh\Desktop\a2 i&v\edited code files\data\raw\BSL_Dataset\2_HAND_DATASET\F\4775.png,F,two_hand,"wrong_hand_count (detected 1, expected 2)"
C:\Users\singh\Desktop\a2 i&v\edited code files\data\raw\BSL_Dataset\2_HAND_DATASET\F\4795.png,F,two_hand,"wrong_hand_count (detected 1, expected 2)"
C:\Users\singh\Desktop\a2 i&v\edited code files\data\raw\BSL_Dataset\2_HAND_DATASET\F\480.png,F,two_hand,"wrong_hand_count (detected 1, expected 2)"
C:\Users\singh\Desktop\a2 i&v\edited code files\data\raw\BSL_Dataset\2_HAND_DATASET\F\4800.png,F,two_hand,"wrong_hand_count (detected 1, expected 2)"
C:\Users\singh\Desktop\a2 i&v\edited code files\data\raw\BSL_Dataset\2_HAND_DATASET\F\4805.png,F,two_hand,"wrong_hand_count (detected 1, expected 2)"
C:\Users\singh\Desktop\a2 i&v\edited code files\data\raw\BSL_Dataset\2_HAND_DATASET\F\4810.png,F,two_hand,"wrong_hand_count (detected 1, expected 2)"
C:\Users\singh\Desktop\a2 i&v\edited code files\data\raw\BSL_Dataset\2_HAND_DATASET\F\4815.png,F,two_hand,"wrong_hand_count (detected 1, expected 2)"
C:\Users\singh\Desktop\a2 i&v\edited code files\data\raw\BSL_Dataset\2_HAND_DATASET\F\4820.png,F,two_hand,"wrong_hand_count (detected 1, expected 2)"
C:\Users\singh\Desktop\a2 i&v\edited code files\data\raw\BSL_Dataset\2_HAND_DATASET\F\4840.png,F,two_hand,"wrong_hand_count (detected 1, expected 2)"
C:\Users\singh\Desktop\a2 i&v\edited code files\data\raw\BSL_Dataset\2_HAND_DATASET\F\4845.png,F,two_hand,"wrong_hand_count (detected 1, expected 2)"
C:\Users\singh\Desktop\a2 i&v\edited code files\data\raw\BSL_Dataset\2_HAND_DATASET\F\4850.png,F,two_hand,"wrong_hand_count (detected 1, expected 2)"
C:\Users\singh\Desktop\a2 i&v\edited code files\data\raw\BSL_Dataset\2_HAND_DATASET\F\4855.png,F,two_hand,"wrong_hand_count (detected 1, expected 2)"
C:\Users\singh\Desktop\a2 i&v\edited code files\data\raw\BSL_Dataset\2_HAND_DATASET\F\4860.png,F,two_hand,"wrong_hand_count (detected 1, expected 2)"
C:\Users\singh\Desktop\a2 i&v\edited code files\data\raw\BSL_Dataset\2_HAND_DATASET\F\4865.png,F,two_hand,"wrong_hand_count (detected 1, expected 2)"
C:\Users\singh\Desktop\a2 i&v\edited code files\data\raw\BSL_Dataset\2_HAND_DATASET\F\4875.png,F,two_hand,"wrong_hand_count (detected 1, expected 2)"
C:\Users\singh\Desktop\a2 i&v\edited code files\data\raw\BSL_Dataset\2_HAND_DATASET\F\4885.png,F,two_hand,"wrong_hand_count (detected 1, expected 2)"
C:\Users\singh\Desktop\a2 i&v\edited code files\data\raw\BSL_Dataset\2_HAND_DATASET\F\4895.png,F,two_hand,"wrong_hand_count (detected 1, expected 2)"
C:\Users\singh\Desktop\a2 i&v\edited code files\data\raw\BSL_Dataset\2_HAND_DATASET\F\490.png,F,two_hand,"wrong_hand_count (detected 1, expected 2)"
C:\Users\singh\Desktop\a2 i&v\edited code files\data\raw\BSL_Dataset\2_HAND_DATASET\F\4900.png,F,two_hand,"wrong_hand_count (detected 1, expected 2)"
C:\Users\singh\Desktop\a2 i&v\edited code files\data\raw\BSL_Dataset\2_HAND_DATASET\F\4915.png,F,two_hand,"wrong_hand_count (detected 1, expected 2)"
C:\Users\singh\Desktop\a2 i&v\edited code files\data\raw\BSL_Dataset\2_HAND_DATASET\F\4930.png,F,two_hand,"wrong_hand_count (detected 1, expected 2)"
C:\Users\singh\Desktop\a2 i&v\edited code files\data\raw\BSL_Dataset\2_HAND_DATASET\F\4935.png,F,two_hand,"wrong_hand_count (detected 1, expected 2)"
C:\Users\singh\Desktop\a2 i&v\edited code files\data\raw\BSL_Dataset\2_HAND_DATASET\F\4940.png,F,two_hand,"wrong_hand_count (detected 1, expected 2)"
C:\Users\singh\Desktop\a2 i&v\edited code files\data\raw\BSL_Dataset\2_HAND_DATASET\F\4945.png,F,two_hand,"wrong_hand_count (detected 1, expected 2)"
C:\Users\singh\Desktop\a2 i&v\edited code files\data\raw\BSL_Dataset\2_HAND_DATASET\F\4950.png,F,two_hand,no_hands
C:\Users\singh\Desktop\a2 i&v\edited code files\data\raw\BSL_Dataset\2_HAND_DATASET\F\4980.png,F,two_hand,"wrong_hand_count (detected 1, expected 2)"
C:\Users\singh\Desktop\a2 i&v\edited code files\data\raw\BSL_Dataset\2_HAND_DATASET\F\4990.png,F,two_hand,"wrong_hand_count (detected 1, expected 2)"
C:\Users\singh\Desktop\a2 i&v\edited code files\data\raw\BSL_Dataset\2_HAND_DATASET\F\500.png,F,two_hand,"wrong_hand_count (detected 1, expected 2)"
C:\Users\singh\Desktop\a2 i&v\edited code files\data\raw\BSL_Dataset\2_HAND_DATASET\F\505.png,F,two_hand,"wrong_hand_count (detected 1, expected 2)"
C:\Users\singh\Desktop\a2 i&v\edited code files\data\raw\BSL_Dataset\2_HAND_DATASET\F\510.png,F,two_hand,"wrong_hand_count (detected 1, expected 2)"
C:\Users\singh\Desktop\a2 i&v\edited code files\data\raw\BSL_Dataset\2_HAND_DATASET\F\515.png,F,two_hand,"wrong_hand_count (detected 1, expected 2)"
C:\Users\singh\Desktop\a2 i&v\edited code files\data\raw\BSL_Dataset\2_HAND_DATASET\F\525.png,F,two_hand,"wrong_hand_count (detected 1, expected 2)"
C:\Users\singh\Desktop\a2 i&v\edited code files\data\raw\BSL_Dataset\2_HAND_DATASET\F\535.png,F,two_hand,"wrong_hand_count (detected 1, expected 2)"
C:\Users\singh\Desktop\a2 i&v\edited code files\data\raw\BSL_Dataset\2_HAND_DATASET\F\545.png,F,two_hand,"wrong_hand_count (detected 1, expected 2)"
C:\Users\singh\Desktop\a2 i&v\edited code files\data\raw\BSL_Dataset\2_HAND_DATASET\F\560.png,F,two_hand,"wrong_hand_count (detected 1, expected 2)"
C:\Users\singh\Desktop\a2 i&v\edited code files\data\raw\BSL_Dataset\2_HAND_DATASET\F\565.png,F,two_hand,"wrong_hand_count (detected 1, expected 2)"
C:\Users\singh\Desktop\a2 i&v\edited code files\data\raw\BSL_Dataset\2_HAND_DATASET\F\570.png,F,two_hand,no_hands
C:\Users\singh\Desktop\a2 i&v\edited code files\data\raw\BSL_Dataset\2_HAND_DATASET\F\585.png,F,two_hand,"wrong_hand_count (detected 1, expected 2)"
C:\Users\singh\Desktop\a2 i&v\edited code files\data\raw\BSL_Dataset\2_HAND_DATASET\F\590.png,F,two_hand,"wrong_hand_count (detected 1, expected 2)"
C:\Users\singh\Desktop\a2 i&v\edited code files\data\raw\BSL_Dataset\2_HAND_DATASET\F\595.png,F,two_hand,"wrong_hand_count (detected 1, expected 2)"
C:\Users\singh\Desktop\a2 i&v\edited code files\data\raw\BSL_Dataset\2_HAND_DATASET\F\60.png,F,two_hand,"wrong_hand_count (detected 1, expected 2)"
C:\Users\singh\Desktop\a2 i&v\edited code files\data\raw\BSL_Dataset\2_HAND_DATASET\F\610.png,F,two_hand,"wrong_hand_count (detected 1, expected 2)"
C:\Users\singh\Desktop\a2 i&v\edited code files\data\raw\BSL_Dataset\2_HAND_DATASET\F\615.png,F,two_hand,"wrong_hand_count (detected 1, expected 2)"
C:\Users\singh\Desktop\a2 i&v\edited code files\data\raw\BSL_Dataset\2_HAND_DATASET\F\620.png,F,two_hand,"wrong_hand_count (detected 1, expected 2)"
C:\Users\singh\Desktop\a2 i&v\edited code files\data\raw\BSL_Dataset\2_HAND_DATASET\F\625.png,F,two_hand,"wrong_hand_count (detected 1, expected 2)"
C:\Users\singh\Desktop\a2 i&v\edited code files\data\raw\BSL_Dataset\2_HAND_DATASET\F\630.png,F,two_hand,"wrong_hand_count (detected 1, expected 2)"
C:\Users\singh\Desktop\a2 i&v\edited code files\data\raw\BSL_Dataset\2_HAND_DATASET\F\640.png,F,two_hand,"wrong_hand_count (detected 1, expected 2)"
C:\Users\singh\Desktop\a2 i&v\edited code files\data\raw\BSL_Dataset\2_HAND_DATASET\F\645.png,F,two_hand,"wrong_hand_count (detected 1, expected 2)"
C:\Users\singh\Desktop\a2 i&v\edited code files\data\raw\BSL_Dataset\2_HAND_DATASET\F\665.png,F,two_hand,"wrong_hand_count (detected 1, expected 2)"
C:\Users\singh\Desktop\a2 i&v\edited code files\data\raw\BSL_Dataset\2_HAND_DATASET\F\670.png,F,two_hand,"wrong_hand_count (detected 1, expected 2)"
C:\Users\singh\Desktop\a2 i&v\edited code files\data\raw\BSL_Dataset\2_HAND_DATASET\F\675.png,F,two_hand,no_hands
C:\Users\singh\Desktop\a2 i&v\edited code files\data\raw\BSL_Dataset\2_HAND_DATASET\F\680.png,F,two_hand,"wrong_hand_count (detected 1, expected 2)"
C:\Users\singh\Desktop\a2 i&v\edited code files\data\raw\BSL_Dataset\2_HAND_DATASET\F\695.png,F,two_hand,"wrong_hand_count (detected 1, expected 2)"
C:\Users\singh\Desktop\a2 i&v\edited code files\data\raw\BSL_Dataset\2_HAND_DATASET\F\700.png,F,two_hand,no_hands
C:\Users\singh\Desktop\a2 i&v\edited code files\data\raw\BSL_Dataset\2_HAND_DATASET\F\705.png,F,two_hand,no_hands
C:\Users\singh\Desktop\a2 i&v\edited code files\data\raw\BSL_Dataset\2_HAND_DATASET\F\715.png,F,two_hand,"wrong_hand_count (detected 1, expected 2)"
C:\Users\singh\Desktop\a2 i&v\edited code files\data\raw\BSL_Dataset\2_HAND_DATASET\F\725.png,F,two_hand,no_hands
C:\Users\singh\Desktop\a2 i&v\edited code files\data\raw\BSL_Dataset\2_HAND_DATASET\F\730.png,F,two_hand,"wrong_hand_count (detected 1, expected 2)"
C:\Users\singh\Desktop\a2 i&v\edited code files\data\raw\BSL_Dataset\2_HAND_DATASET\F\735.png,F,two_hand,"wrong_hand_count (detected 1, expected 2)"
C:\Users\singh\Desktop\a2 i&v\edited code files\data\raw\BSL_Dataset\2_HAND_DATASET\F\745.png,F,two_hand,"wrong_hand_count (detected 1, expected 2)"
C:\Users\singh\Desktop\a2 i&v\edited code files\data\raw\BSL_Dataset\2_HAND_DATASET\F\75.png,F,two_hand,"wrong_hand_count (detected 1, expected 2)"
C:\Users\singh\Desktop\a2 i&v\edited code files\data\raw\BSL_Dataset\2_HAND_DATASET\F\755.png,F,two_hand,"wrong_hand_count (detected 1, expected 2)"
C:\Users\singh\Desktop\a2 i&v\edited code files\data\raw\BSL_Dataset\2_HAND_DATASET\F\760.png,F,two_hand,no_hands
C:\Users\singh\Desktop\a2 i&v\edited code files\data\raw\BSL_Dataset\2_HAND_DATASET\F\775.png,F,two_hand,no_hands
C:\Users\singh\Desktop\a2 i&v\edited code files\data\raw\BSL_Dataset\2_HAND_DATASET\F\780.png,F,two_hand,"wrong_hand_count (detected 1, expected 2)"
C:\Users\singh\Desktop\a2 i&v\edited code files\data\raw\BSL_Dataset\2_HAND_DATASET\F\785.png,F,two_hand,"wrong_hand_count (detected 1, expected 2)"
C:\Users\singh\Desktop\a2 i&v\edited code files\data\raw\BSL_Dataset\2_HAND_DATASET\F\790.png,F,two_hand,"wrong_hand_count (detected 1, expected 2)"
C:\Users\singh\Desktop\a2 i&v\edited code files\data\raw\BSL_Dataset\2_HAND_DATASET\F\795.png,F,two_hand,"wrong_hand_count (detected 1, expected 2)"
C:\Users\singh\Desktop\a2 i&v\edited code files\data\raw\BSL_Dataset\2_HAND_DATASET\F\810.png,F,two_hand,"wrong_hand_count (detected 1, expected 2)"
C:\Users\singh\Desktop\a2 i&v\edited code files\data\raw\BSL_Dataset\2_HAND_DATASET\F\815.png,F,two_hand,"wrong_hand_count (detected 1, expected 2)"
C:\Users\singh\Desktop\a2 i&v\edited code files\data\raw\BSL_Dataset\2_HAND_DATASET\F\825.png,F,two_hand,"wrong_hand_count (detected 1, expected 2)"
C:\Users\singh\Desktop\a2 i&v\edited code files\data\raw\BSL_Dataset\2_HAND_DATASET\F\830.png,F,two_hand,no_hands
C:\Users\singh\Desktop\a2 i&v\edited code files\data\raw\BSL_Dataset\2_HAND_DATASET\F\835.png,F,two_hand,"wrong_hand_count (detected 1, expected 2)"
C:\Users\singh\Desktop\a2 i&v\edited code files\data\raw\BSL_Dataset\2_HAND_DATASET\F\840.png,F,two_hand,"wrong_hand_count (detected 1, expected 2)"
C:\Users\singh\Desktop\a2 i&v\edited code files\data\raw\BSL_Dataset\2_HAND_DATASET\F\855.png,F,two_hand,"wrong_hand_count (detected 1, expected 2)"
C:\Users\singh\Desktop\a2 i&v\edited code files\data\raw\BSL_Dataset\2_HAND_DATASET\F\880.png,F,two_hand,no_hands
C:\Users\singh\Desktop\a2 i&v\edited code files\data\raw\BSL_Dataset\2_HAND_DATASET\F\885.png,F,two_hand,"wrong_hand_count (detected 1, expected 2)"
C:\Users\singh\Desktop\a2 i&v\edited code files\data\raw\BSL_Dataset\2_HAND_DATASET\F\890.png,F,two_hand,no_hands
C:\Users\singh\Desktop\a2 i&v\edited code files\data\raw\BSL_Dataset\2_HAND_DATASET\F\895.png,F,two_hand,"wrong_hand_count (detected 1, expected 2)"
C:\Users\singh\Desktop\a2 i&v\edited code files\data\raw\BSL_Dataset\2_HAND_DATASET\F\905.png,F,two_hand,"wrong_hand_count (detected 1, expected 2)"
C:\Users\singh\Desktop\a2 i&v\edited code files\data\raw\BSL_Dataset\2_HAND_DATASET\F\920.png,F,two_hand,"wrong_hand_count (detected 1, expected 2)"
C:\Users\singh\Desktop\a2 i&v\edited code files\data\raw\BSL_Dataset\2_HAND_DATASET\F\935.png,F,two_hand,"wrong_hand_count (detected 1, expected 2)"
C:\Users\singh\Desktop\a2 i&v\edited code files\data\raw\BSL_Dataset\2_HAND_DATASET\F\940.png,F,two_hand,"wrong_hand_count (detected 1, expected 2)"
C:\Users\singh\Desktop\a2 i&v\edited code files\data\raw\BSL_Dataset\2_HAND_DATASET\F\945.png,F,two_hand,"wrong_hand_count (detected 1, expected 2)"
C:\Users\singh\Desktop\a2 i&v\edited code files\data\raw\BSL_Dataset\2_HAND_DATASET\F\95.png,F,two_hand,"wrong_hand_count (detected 1, expected 2)"
C:\Users\singh\Desktop\a2 i&v\edited code files\data\raw\BSL_Dataset\2_HAND_DATASET\F\950.png,F,two_hand,"wrong_hand_count (detected 1, expected 2)"
C:\Users\singh\Desktop\a2 i&v\edited code files\data\raw\BSL_Dataset\2_HAND_DATASET\F\955.png,F,two_hand,"wrong_hand_count (detected 1, expected 2)"
C:\Users\singh\Desktop\a2 i&v\edited code files\data\raw\BSL_Dataset\2_HAND_DATASET\F\975.png,F,two_hand,"wrong_hand_count (detected 1, expected 2)"
C:\Users\singh\Desktop\a2 i&v\edited code files\data\raw\BSL_Dataset\2_HAND_DATASET\F\980.png,F,two_hand,"wrong_hand_count (detected 1, expected 2)"
C:\Users\singh\Desktop\a2 i&v\edited code files\data\raw\BSL_Dataset\2_HAND_DATASET\F\995.png,F,two_hand,no_hands
C:\Users\singh\Desktop\a2 i&v\edited code files\data\raw\BSL_Dataset\2_HAND_DATASET\G\1035.png,G,two_hand,"wrong_hand_count (detected 1, expected 2)"
C:\Users\singh\Desktop\a2 i&v\edited code files\data\raw\BSL_Dataset\2_HAND_DATASET\G\1100.png,G,two_hand,"wrong_hand_count (detected 1, expected 2)"
C:\Users\singh\Desktop\a2 i&v\edited code files\data\raw\BSL_Dataset\2_HAND_DATASET\G\1105.png,G,two_hand,"wrong_hand_count (detected 1, expected 2)"
C:\Users\singh\Desktop\a2 i&v\edited code files\data\raw\BSL_Dataset\2_HAND_DATASET\G\1140.png,G,two_hand,"wrong_hand_count (detected 1, expected 2)"
C:\Users\singh\Desktop\a2 i&v\edited code files\data\raw\BSL_Dataset\2_HAND_DATASET\G\1180.png,G,two_hand,"wrong_hand_count (detected 1, expected 2)"
C:\Users\singh\Desktop\a2 i&v\edited code files\data\raw\BSL_Dataset\2_HAND_DATASET\G\1190.png,G,two_hand,"wrong_hand_count (detected 1, expected 2)"
C:\Users\singh\Desktop\a2 i&v\edited code files\data\raw\BSL_Dataset\2_HAND_DATASET\G\1195.png,G,two_hand,"wrong_hand_count (detected 1, expected 2)"
C:\Users\singh\Desktop\a2 i&v\edited code files\data\raw\BSL_Dataset\2_HAND_DATASET\G\1215.png,G,two_hand,"wrong_hand_count (detected 1, expected 2)"
C:\Users\singh\Desktop\a2 i&v\edited code files\data\raw\BSL_Dataset\2_HAND_DATASET\G\1265.png,G,two_hand,"wrong_hand_count (detected 1, expected 2)"
C:\Users\singh\Desktop\a2 i&v\edited code files\data\raw\BSL_Dataset\2_HAND_DATASET\G\1295.png,G,two_hand,"wrong_hand_count (detected 1, expected 2)"
C:\Users\singh\Desktop\a2 i&v\edited code files\data\raw\BSL_Dataset\2_HAND_DATASET\G\1355.png,G,two_hand,"wrong_hand_count (detected 1, expected 2)"
C:\Users\singh\Desktop\a2 i&v\edited code files\data\raw\BSL_Dataset\2_HAND_DATASET\G\1360.png,G,two_hand,"wrong_hand_count (detected 1, expected 2)"
C:\Users\singh\Desktop\a2 i&v\edited code files\data\raw\BSL_Dataset\2_HAND_DATASET\G\1405.png,G,two_hand,"wrong_hand_count (detected 1, expected 2)"
C:\Users\singh\Desktop\a2 i&v\edited code files\data\raw\BSL_Dataset\2_HAND_DATASET\G\1460.png,G,two_hand,"wrong_hand_count (detected 1, expected 2)"
C:\Users\singh\Desktop\a2 i&v\edited code files\data\raw\BSL_Dataset\2_HAND_DATASET\G\1505.png,G,two_hand,"wrong_hand_count (detected 1, expected 2)"
C:\Users\singh\Desktop\a2 i&v\edited code files\data\raw\BSL_Dataset\2_HAND_DATASET\G\1605.png,G,two_hand,"wrong_hand_count (detected 1, expected 2)"
C:\Users\singh\Desktop\a2 i&v\edited code files\data\raw\BSL_Dataset\2_HAND_DATASET\G\1640.png,G,two_hand,"wrong_hand_count (detected 1, expected 2)"
C:\Users\singh\Desktop\a2 i&v\edited code files\data\raw\BSL_Dataset\2_HAND_DATASET\G\170.png,G,two_hand,"wrong_hand_count (detected 1, expected 2)"
C:\Users\singh\Desktop\a2 i&v\edited code files\data\raw\BSL_Dataset\2_HAND_DATASET\G\1785.png,G,two_hand,"wrong_hand_count (detected 1, expected 2)"
C:\Users\singh\Desktop\a2 i&v\edited code files\data\raw\BSL_Dataset\2_HAND_DATASET\G\1830.png,G,two_hand,"wrong_hand_count (detected 1, expected 2)"
C:\Users\singh\Desktop\a2 i&v\edited code files\data\raw\BSL_Dataset\2_HAND_DATASET\G\1835.png,G,two_hand,"wrong_hand_count (detected 1, expected 2)"
C:\Users\singh\Desktop\a2 i&v\edited code files\data\raw\BSL_Dataset\2_HAND_DATASET\G\1905.png,G,two_hand,"wrong_hand_count (detected 1, expected 2)"
C:\Users\singh\Desktop\a2 i&v\edited code files\data\raw\BSL_Dataset\2_HAND_DATASET\G\1930.png,G,two_hand,"wrong_hand_count (detected 1, expected 2)"
C:\Users\singh\Desktop\a2 i&v\edited code files\data\raw\BSL_Dataset\2_HAND_DATASET\G\2005.png,G,two_hand,"wrong_hand_count (detected 1, expected 2)"
C:\Users\singh\Desktop\a2 i&v\edited code files\data\raw\BSL_Dataset\2_HAND_DATASET\G\2010.png,G,two_hand,"wrong_hand_count (detected 1, expected 2)"
C:\Users\singh\Desktop\a2 i&v\edited code files\data\raw\BSL_Dataset\2_HAND_DATASET\G\2015.png,G,two_hand,no_hands
C:\Users\singh\Desktop\a2 i&v\edited code files\data\raw\BSL_Dataset\2_HAND_DATASET\G\2020.png,G,two_hand,"wrong_hand_count (detected 1, expected 2)"
C:\Users\singh\Desktop\a2 i&v\edited code files\data\raw\BSL_Dataset\2_HAND_DATASET\G\2070.png,G,two_hand,"wrong_hand_count (detected 1, expected 2)"
C:\Users\singh\Desktop\a2 i&v\edited code files\data\raw\BSL_Dataset\2_HAND_DATASET\G\2075.png,G,two_hand,"wrong_hand_count (detected 1, expected 2)"
C:\Users\singh\Desktop\a2 i&v\edited code files\data\raw\BSL_Dataset\2_HAND_DATASET\G\2080.png,G,two_hand,"wrong_hand_count (detected 1, expected 2)"
C:\Users\singh\Desktop\a2 i&v\edited code files\data\raw\BSL_Dataset\2_HAND_DATASET\G\2085.png,G,two_hand,"wrong_hand_count (detected 1, expected 2)"
C:\Users\singh\Desktop\a2 i&v\edited code files\data\raw\BSL_Dataset\2_HAND_DATASET\G\2125.png,G,two_hand,"wrong_hand_count (detected 1, expected 2)"
C:\Users\singh\Desktop\a2 i&v\edited code files\data\raw\BSL_Dataset\2_HAND_DATASET\G\2130.png,G,two_hand,"wrong_hand_count (detected 1, expected 2)"
C:\Users\singh\Desktop\a2 i&v\edited code files\data\raw\BSL_Dataset\2_HAND_DATASET\G\2190.png,G,two_hand,"wrong_hand_count (detected 1, expected 2)"
C:\Users\singh\Desktop\a2 i&v\edited code files\data\raw\BSL_Dataset\2_HAND_DATASET\G\2260.png,G,two_hand,"wrong_hand_count (detected 1, expected 2)"
C:\Users\singh\Desktop\a2 i&v\edited code files\data\raw\BSL_Dataset\2_HAND_DATASET\G\2290.png,G,two_hand,"wrong_hand_count (detected 1, expected 2)"
C:\Users\singh\Desktop\a2 i&v\edited code files\data\raw\BSL_Dataset\2_HAND_DATASET\G\2295.png,G,two_hand,"wrong_hand_count (detected 1, expected 2)"
C:\Users\singh\Desktop\a2 i&v\edited code files\data\raw\BSL_Dataset\2_HAND_DATASET\G\2310.png,G,two_hand,"wrong_hand_count (detected 1, expected 2)"
C:\Users\singh\Desktop\a2 i&v\edited code files\data\raw\BSL_Dataset\2_HAND_DATASET\G\2315.png,G,two_hand,"wrong_hand_count (detected 1, expected 2)"
C:\Users\singh\Desktop\a2 i&v\edited code files\data\raw\BSL_Dataset\2_HAND_DATASET\G\2350.png,G,two_hand,"wrong_hand_count (detected 1, expected 2)"
C:\Users\singh\Desktop\a2 i&v\edited code files\data\raw\BSL_Dataset\2_HAND_DATASET\G\2360.png,G,two_hand,"wrong_hand_count (detected 1, expected 2)"
C:\Users\singh\Desktop\a2 i&v\edited code files\data\raw\BSL_Dataset\2_HAND_DATASET\G\2375.png,G,two_hand,"wrong_hand_count (detected 1, expected 2)"
C:\Users\singh\Desktop\a2 i&v\edited code files\data\raw\BSL_Dataset\2_HAND_DATASET\G\2420.png,G,two_hand,"wrong_hand_count (detected 1, expected 2)"
C:\Users\singh\Desktop\a2 i&v\edited code files\data\raw\BSL_Dataset\2_HAND_DATASET\G\2425.png,G,two_hand,"wrong_hand_count (detected 1, expected 2)"
C:\Users\singh\Desktop\a2 i&v\edited code files\data\raw\BSL_Dataset\2_HAND_DATASET\G\2495.png,G,two_hand,"wrong_hand_count (detected 1, expected 2)"
C:\Users\singh\Desktop\a2 i&v\edited code files\data\raw\BSL_Dataset\2_HAND_DATASET\G\2540.png,G,two_hand,"wrong_hand_count (detected 1, expected 2)"
C:\Users\singh\Desktop\a2 i&v\edited code files\data\raw\BSL_Dataset\2_HAND_DATASET\G\2600.png,G,two_hand,"wrong_hand_count (detected 1, expected 2)"
C:\Users\singh\Desktop\a2 i&v\edited code files\data\raw\BSL_Dataset\2_HAND_DATASET\G\2660.png,G,two_hand,"wrong_hand_count (detected 1, expected 2)"
C:\Users\singh\Desktop\a2 i&v\edited code files\data\raw\BSL_Dataset\2_HAND_DATASET\G\2675.png,G,two_hand,"wrong_hand_count (detected 1, expected 2)"
C:\Users\singh\Desktop\a2 i&v\edited code files\data\raw\BSL_Dataset\2_HAND_DATASET\G\2700.png,G,two_hand,"wrong_hand_count (detected 1, expected 2)"
C:\Users\singh\Desktop\a2 i&v\edited code files\data\raw\BSL_Dataset\2_HAND_DATASET\G\2780.png,G,two_hand,"wrong_hand_count (detected 1, expected 2)"
C:\Users\singh\Desktop\a2 i&v\edited code files\data\raw\BSL_Dataset\2_HAND_DATASET\G\2795.png,G,two_hand,"wrong_hand_count (detected 1, expected 2)"
C:\Users\singh\Desktop\a2 i&v\edited code files\data\raw\BSL_Dataset\2_HAND_DATASET\G\2810.png,G,two_hand,"wrong_hand_count (detected 1, expected 2)"
C:\Users\singh\Desktop\a2 i&v\edited code files\data\raw\BSL_Dataset\2_HAND_DATASET\G\2875.png,G,two_hand,"wrong_hand_count (detected 1, expected 2)"
C:\Users\singh\Desktop\a2 i&v\edited code files\data\raw\BSL_Dataset\2_HAND_DATASET\G\2905.png,G,two_hand,"wrong_hand_count (detected 1, expected 2)"
C:\Users\singh\Desktop\a2 i&v\edited code files\data\raw\BSL_Dataset\2_HAND_DATASET\G\2920.png,G,two_hand,"wrong_hand_count (detected 1, expected 2)"
C:\Users\singh\Desktop\a2 i&v\edited code files\data\raw\BSL_Dataset\2_HAND_DATASET\G\2940.png,G,two_hand,"wrong_hand_count (detected 1, expected 2)"
C:\Users\singh\Desktop\a2 i&v\edited code files\data\raw\BSL_Dataset\2_HAND_DATASET\G\2945.png,G,two_hand,"wrong_hand_count (detected 1, expected 2)"
C:\Users\singh\Desktop\a2 i&v\edited code files\data\raw\BSL_Dataset\2_HAND_DATASET\G\295.png,G,two_hand,"wrong_hand_count (detected 1, expected 2)"
C:\Users\singh\Desktop\a2 i&v\edited code files\data\raw\BSL_Dataset\2_HAND_DATASET\G\2960.png,G,two_hand,"wrong_hand_count (detected 1, expected 2)"
C:\Users\singh\Desktop\a2 i&v\edited code files\data\raw\BSL_Dataset\2_HAND_DATASET\G\2965.png,G,two_hand,"wrong_hand_count (detected 1, expected 2)"
C:\Users\singh\Desktop\a2 i&v\edited code files\data\raw\BSL_Dataset\2_HAND_DATASET\G\2970.png,G,two_hand,"wrong_hand_count (detected 1, expected 2)"
C:\Users\singh\Desktop\a2 i&v\edited code files\data\raw\BSL_Dataset\2_HAND_DATASET\G\3000.png,G,two_hand,"wrong_hand_count (detected 1, expected 2)"
C:\Users\singh\Desktop\a2 i&v\edited code files\data\raw\BSL_Dataset\2_HAND_DATASET\G\3015.png,G,two_hand,"wrong_hand_count (detected 1, expected 2)"
C:\Users\singh\Desktop\a2 i&v\edited code files\data\raw\BSL_Dataset\2_HAND_DATASET\G\3060.png,G,two_hand,"wrong_hand_count (detected 1, expected 2)"
C:\Users\singh\Desktop\a2 i&v\edited code files\data\raw\BSL_Dataset\2_HAND_DATASET\G\3100.png,G,two_hand,"wrong_hand_count (detected 1, expected 2)"
C:\Users\singh\Desktop\a2 i&v\edited code files\data\raw\BSL_Dataset\2_HAND_DATASET\G\3120.png,G,two_hand,"wrong_hand_count (detected 1, expected 2)"
C:\Users\singh\Desktop\a2 i&v\edited code files\data\raw\BSL_Dataset\2_HAND_DATASET\G\3140.png,G,two_hand,"wrong_hand_count (detected 1, expected 2)"
C:\Users\singh\Desktop\a2 i&v\edited code files\data\raw\BSL_Dataset\2_HAND_DATASET\G\3145.png,G,two_hand,"wrong_hand_count (detected 1, expected 2)"
C:\Users\singh\Desktop\a2 i&v\edited code files\data\raw\BSL_Dataset\2_HAND_DATASET\G\3175.png,G,two_hand,"wrong_hand_count (detected 1, expected 2)"
C:\Users\singh\Desktop\a2 i&v\edited code files\data\raw\BSL_Dataset\2_HAND_DATASET\G\3180.png,G,two_hand,"wrong_hand_count (detected 1, expected 2)"
C:\Users\singh\Desktop\a2 i&v\edited code files\data\raw\BSL_Dataset\2_HAND_DATASET\G\3205.png,G,two_hand,"wrong_hand_count (detected 1, expected 2)"
C:\Users\singh\Desktop\a2 i&v\edited code files\data\raw\BSL_Dataset\2_HAND_DATASET\G\3260.png,G,two_hand,"wrong_hand_count (detected 1, expected 2)"
C:\Users\singh\Desktop\a2 i&v\edited code files\data\raw\BSL_Dataset\2_HAND_DATASET\G\3275.png,G,two_hand,"wrong_hand_count (detected 1, expected 2)"
C:\Users\singh\Desktop\a2 i&v\edited code files\data\raw\BSL_Dataset\2_HAND_DATASET\G\3280.png,G,two_hand,"wrong_hand_count (detected 1, expected 2)"
C:\Users\singh\Desktop\a2 i&v\edited code files\data\raw\BSL_Dataset\2_HAND_DATASET\G\330.png,G,two_hand,"wrong_hand_count (detected 1, expected 2)"
C:\Users\singh\Desktop\a2 i&v\edited code files\data\raw\BSL_Dataset\2_HAND_DATASET\G\3305.png,G,two_hand,"wrong_hand_count (detected 1, expected 2)"
C:\Users\singh\Desktop\a2 i&v\edited code files\data\raw\BSL_Dataset\2_HAND_DATASET\G\3365.png,G,two_hand,"wrong_hand_count (detected 1, expected 2)"
C:\Users\singh\Desktop\a2 i&v\edited code files\data\raw\BSL_Dataset\2_HAND_DATASET\G\3395.png,G,two_hand,"wrong_hand_count (detected 1, expected 2)"
C:\Users\singh\Desktop\a2 i&v\edited code files\data\raw\BSL_Dataset\2_HAND_DATASET\G\3405.png,G,two_hand,"wrong_hand_count (detected 1, expected 2)"
C:\Users\singh\Desktop\a2 i&v\edited code files\data\raw\BSL_Dataset\2_HAND_DATASET\G\3410.png,G,two_hand,"wrong_hand_count (detected 1, expected 2)"
C:\Users\singh\Desktop\a2 i&v\edited code files\data\raw\BSL_Dataset\2_HAND_DATASET\G\3415.png,G,two_hand,no_hands
C:\Users\singh\Desktop\a2 i&v\edited code files\data\raw\BSL_Dataset\2_HAND_DATASET\G\3440.png,G,two_hand,"wrong_hand_count (detected 1, expected 2)"
C:\Users\singh\Desktop\a2 i&v\edited code files\data\raw\BSL_Dataset\2_HAND_DATASET\G\3460.png,G,two_hand,"wrong_hand_count (detected 1, expected 2)"
C:\Users\singh\Desktop\a2 i&v\edited code files\data\raw\BSL_Dataset\2_HAND_DATASET\G\3485.png,G,two_hand,"wrong_hand_count (detected 1, expected 2)"
C:\Users\singh\Desktop\a2 i&v\edited code files\data\raw\BSL_Dataset\2_HAND_DATASET\G\350.png,G,two_hand,"wrong_hand_count (detected 1, expected 2)"
C:\Users\singh\Desktop\a2 i&v\edited code files\data\raw\BSL_Dataset\2_HAND_DATASET\G\3555.png,G,two_hand,"wrong_hand_count (detected 1, expected 2)"
C:\Users\singh\Desktop\a2 i&v\edited code files\data\raw\BSL_Dataset\2_HAND_DATASET\G\3585.png,G,two_hand,"wrong_hand_count (detected 1, expected 2)"
C:\Users\singh\Desktop\a2 i&v\edited code files\data\raw\BSL_Dataset\2_HAND_DATASET\G\3625.png,G,two_hand,no_hands
C:\Users\singh\Desktop\a2 i&v\edited code files\data\raw\BSL_Dataset\2_HAND_DATASET\G\3635.png,G,two_hand,"wrong_hand_count (detected 1, expected 2)"
C:\Users\singh\Desktop\a2 i&v\edited code files\data\raw\BSL_Dataset\2_HAND_DATASET\G\3655.png,G,two_hand,"wrong_hand_count (detected 1, expected 2)"
C:\Users\singh\Desktop\a2 i&v\edited code files\data\raw\BSL_Dataset\2_HAND_DATASET\G\3665.png,G,two_hand,"wrong_hand_count (detected 1, expected 2)"
C:\Users\singh\Desktop\a2 i&v\edited code files\data\raw\BSL_Dataset\2_HAND_DATASET\G\3680.png,G,two_hand,"wrong_hand_count (detected 1, expected 2)"
C:\Users\singh\Desktop\a2 i&v\edited code files\data\raw\BSL_Dataset\2_HAND_DATASET\G\3690.png,G,two_hand,"wrong_hand_count (detected 1, expected 2)"
C:\Users\singh\Desktop\a2 i&v\edited code files\data\raw\BSL_Dataset\2_HAND_DATASET\G\375.png,G,two_hand,"wrong_hand_count (detected 1, expected 2)"
C:\Users\singh\Desktop\a2 i&v\edited code files\data\raw\BSL_Dataset\2_HAND_DATASET\G\3755.png,G,two_hand,"wrong_hand_count (detected 1, expected 2)"
C:\Users\singh\Desktop\a2 i&v\edited code files\data\raw\BSL_Dataset\2_HAND_DATASET\G\3765.png,G,two_hand,"wrong_hand_count (detected 1, expected 2)"
C:\Users\singh\Desktop\a2 i&v\edited code files\data\raw\BSL_Dataset\2_HAND_DATASET\G\3770.png,G,two_hand,"wrong_hand_count (detected 1, expected 2)"
C:\Users\singh\Desktop\a2 i&v\edited code files\data\raw\BSL_Dataset\2_HAND_DATASET\G\3785.png,G,two_hand,"wrong_hand_count (detected 1, expected 2)"
C:\Users\singh\Desktop\a2 i&v\edited code files\data\raw\BSL_Dataset\2_HAND_DATASET\G\3850.png,G,two_hand,"wrong_hand_count (detected 1, expected 2)"
C:\Users\singh\Desktop\a2 i&v\edited code files\data\raw\BSL_Dataset\2_HAND_DATASET\G\3875.png,G,two_hand,"wrong_hand_count (detected 1, expected 2)"
C:\Users\singh\Desktop\a2 i&v\edited code files\data\raw\BSL_Dataset\2_HAND_DATASET\G\3895.png,G,two_hand,"wrong_hand_count (detected 1, expected 2)"
C:\Users\singh\Desktop\a2 i&v\edited code files\data\raw\BSL_Dataset\2_HAND_DATASET\G\390.png,G,two_hand,"wrong_hand_count (detected 1, expected 2)"
C:\Users\singh\Desktop\a2 i&v\edited code files\data\raw\BSL_Dataset\2_HAND_DATASET\G\3905.png,G,two_hand,no_hands
C:\Users\singh\Desktop\a2 i&v\edited code files\data\raw\BSL_Dataset\2_HAND_DATASET\G\3920.png,G,two_hand,"wrong_hand_count (detected 1, expected 2)"
C:\Users\singh\Desktop\a2 i&v\edited code files\data\raw\BSL_Dataset\2_HAND_DATASET\G\3925.png,G,two_hand,"wrong_hand_count (detected 1, expected 2)"
C:\Users\singh\Desktop\a2 i&v\edited code files\data\raw\BSL_Dataset\2_HAND_DATASET\G\3940.png,G,two_hand,"wrong_hand_count (detected 1, expected 2)"
C:\Users\singh\Desktop\a2 i&v\edited code files\data\raw\BSL_Dataset\2_HAND_DATASET\G\395.png,G,two_hand,"wrong_hand_count (detected 1, expected 2)"
C:\Users\singh\Desktop\a2 i&v\edited code files\data\raw\BSL_Dataset\2_HAND_DATASET\G\3965.png,G,two_hand,"wrong_hand_count (detected 1, expected 2)"
C:\Users\singh\Desktop\a2 i&v\edited code files\data\raw\BSL_Dataset\2_HAND_DATASET\G\3970.png,G,two_hand,"wrong_hand_count (detected 1, expected 2)"
C:\Users\singh\Desktop\a2 i&v\edited code files\data\raw\BSL_Dataset\2_HAND_DATASET\G\4020.png,G,two_hand,"wrong_hand_count (detected 1, expected 2)"
C:\Users\singh\Desktop\a2 i&v\edited code files\data\raw\BSL_Dataset\2_HAND_DATASET\G\4040.png,G,two_hand,"wrong_hand_count (detected 1, expected 2)"
C:\Users\singh\Desktop\a2 i&v\edited code files\data\raw\BSL_Dataset\2_HAND_DATASET\G\4080.png,G,two_hand,"wrong_hand_count (detected 1, expected 2)"
C:\Users\singh\Desktop\a2 i&v\edited code files\data\raw\BSL_Dataset\2_HAND_DATASET\G\4090.png,G,two_hand,no_hands
C:\Users\singh\Desktop\a2 i&v\edited code files\data\raw\BSL_Dataset\2_HAND_DATASET\G\4120.png,G,two_hand,"wrong_hand_count (detected 1, expected 2)"
C:\Users\singh\Desktop\a2 i&v\edited code files\data\raw\BSL_Dataset\2_HAND_DATASET\G\4125.png,G,two_hand,"wrong_hand_count (detected 1, expected 2)"
C:\Users\singh\Desktop\a2 i&v\edited code files\data\raw\BSL_Dataset\2_HAND_DATASET\G\4130.png,G,two_hand,"wrong_hand_count (detected 1, expected 2)"
C:\Users\singh\Desktop\a2 i&v\edited code files\data\raw\BSL_Dataset\2_HAND_DATASET\G\415.png,G,two_hand,"wrong_hand_count (detected 1, expected 2)"
C:\Users\singh\Desktop\a2 i&v\edited code files\data\raw\BSL_Dataset\2_HAND_DATASET\G\4150.png,G,two_hand,"wrong_hand_count (detected 1, expected 2)"
C:\Users\singh\Desktop\a2 i&v\edited code files\data\raw\BSL_Dataset\2_HAND_DATASET\G\4155.png,G,two_hand,"wrong_hand_count (detected 1, expected 2)"
C:\Users\singh\Desktop\a2 i&v\edited code files\data\raw\BSL_Dataset\2_HAND_DATASET\G\4160.png,G,two_hand,"wrong_hand_count (detected 1, expected 2)"
C:\Users\singh\Desktop\a2 i&v\edited code files\data\raw\BSL_Dataset\2_HAND_DATASET\G\4165.png,G,two_hand,no_hands
C:\Users\singh\Desktop\a2 i&v\edited code files\data\raw\BSL_Dataset\2_HAND_DATASET\G\4170.png,G,two_hand,"wrong_hand_count (detected 1, expected 2)"
C:\Users\singh\Desktop\a2 i&v\edited code files\data\raw\BSL_Dataset\2_HAND_DATASET\G\4175.png,G,two_hand,"wrong_hand_count (detected 1, expected 2)"
C:\Users\singh\Desktop\a2 i&v\edited code files\data\raw\BSL_Dataset\2_HAND_DATASET\G\4185.png,G,two_hand,"wrong_hand_count (detected 1, expected 2)"
C:\Users\singh\Desktop\a2 i&v\edited code files\data\raw\BSL_Dataset\2_HAND_DATASET\G\4195.png,G,two_hand,"wrong_hand_count (detected 1, expected 2)"
C:\Users\singh\Desktop\a2 i&v\edited code files\data\raw\BSL_Dataset\2_HAND_DATASET\G\420.png,G,two_hand,"wrong_hand_count (detected 1, expected 2)"
C:\Users\singh\Desktop\a2 i&v\edited code files\data\raw\BSL_Dataset\2_HAND_DATASET\G\4200.png,G,two_hand,"wrong_hand_count (detected 1, expected 2)"
C:\Users\singh\Desktop\a2 i&v\edited code files\data\raw\BSL_Dataset\2_HAND_DATASET\G\4205.png,G,two_hand,"wrong_hand_count (detected 1, expected 2)"
C:\Users\singh\Desktop\a2 i&v\edited code files\data\raw\BSL_Dataset\2_HAND_DATASET\G\4210.png,G,two_hand,"wrong_hand_count (detected 1, expected 2)"
C:\Users\singh\Desktop\a2 i&v\edited code files\data\raw\BSL_Dataset\2_HAND_DATASET\G\4215.png,G,two_hand,"wrong_hand_count (detected 1, expected 2)"
C:\Users\singh\Desktop\a2 i&v\edited code files\data\raw\BSL_Dataset\2_HAND_DATASET\G\4240.png,G,two_hand,"wrong_hand_count (detected 1, expected 2)"
C:\Users\singh\Desktop\a2 i&v\edited code files\data\raw\BSL_Dataset\2_HAND_DATASET\G\4245.png,G,two_hand,"wrong_hand_count (detected 1, expected 2)"
C:\Users\singh\Desktop\a2 i&v\edited code files\data\raw\BSL_Dataset\2_HAND_DATASET\G\4250.png,G,two_hand,"wrong_hand_count (detected 1, expected 2)"
C:\Users\singh\Desktop\a2 i&v\edited code files\data\raw\BSL_Dataset\2_HAND_DATASET\G\4255.png,G,two_hand,"wrong_hand_count (detected 1, expected 2)"
C:\Users\singh\Desktop\a2 i&v\edited code files\data\raw\BSL_Dataset\2_HAND_DATASET\G\4285.png,G,two_hand,"wrong_hand_count (detected 1, expected 2)"
C:\Users\singh\Desktop\a2 i&v\edited code files\data\raw\BSL_Dataset\2_HAND_DATASET\G\4290.png,G,two_hand,"wrong_hand_count (detected 1, expected 2)"
C:\Users\singh\Desktop\a2 i&v\edited code files\data\raw\BSL_Dataset\2_HAND_DATASET\G\4295.png,G,two_hand,"wrong_hand_count (detected 1, expected 2)"
C:\Users\singh\Desktop\a2 i&v\edited code files\data\raw\BSL_Dataset\2_HAND_DATASET\G\4325.png,G,two_hand,"wrong_hand_count (detected 1, expected 2)"
C:\Users\singh\Desktop\a2 i&v\edited code files\data\raw\BSL_Dataset\2_HAND_DATASET\G\4335.png,G,two_hand,"wrong_hand_count (detected 1, expected 2)"
C:\Users\singh\Desktop\a2 i&v\edited code files\data\raw\BSL_Dataset\2_HAND_DATASET\G\4340.png,G,two_hand,"wrong_hand_count (detected 1, expected 2)"
C:\Users\singh\Desktop\a2 i&v\edited code files\data\raw\BSL_Dataset\2_HAND_DATASET\G\4360.png,G,two_hand,"wrong_hand_count (detected 1, expected 2)"
C:\Users\singh\Desktop\a2 i&v\edited code files\data\raw\BSL_Dataset\2_HAND_DATASET\G\4365.png,G,two_hand,"wrong_hand_count (detected 1, expected 2)"
C:\Users\singh\Desktop\a2 i&v\edited code files\data\raw\BSL_Dataset\2_HAND_DATASET\G\4370.png,G,two_hand,"wrong_hand_count (detected 1, expected 2)"
C:\Users\singh\Desktop\a2 i&v\edited code files\data\raw\BSL_Dataset\2_HAND_DATASET\G\4375.png,G,two_hand,"wrong_hand_count (detected 1, expected 2)"
C:\Users\singh\Desktop\a2 i&v\edited code files\data\raw\BSL_Dataset\2_HAND_DATASET\G\4380.png,G,two_hand,"wrong_hand_count (detected 1, expected 2)"
C:\Users\singh\Desktop\a2 i&v\edited code files\data\raw\BSL_Dataset\2_HAND_DATASET\G\4400.png,G,two_hand,"wrong_hand_count (detected 1, expected 2)"
C:\Users\singh\Desktop\a2 i&v\edited code files\data\raw\BSL_Dataset\2_HAND_DATASET\G\4410.png,G,two_hand,"wrong_hand_count (detected 1, expected 2)"
C:\Users\singh\Desktop\a2 i&v\edited code files\data\raw\BSL_Dataset\2_HAND_DATASET\G\4440.png,G,two_hand,"wrong_hand_count (detected 1, expected 2)"
C:\Users\singh\Desktop\a2 i&v\edited code files\data\raw\BSL_Dataset\2_HAND_DATASET\G\4445.png,G,two_hand,"wrong_hand_count (detected 1, expected 2)"
C:\Users\singh\Desktop\a2 i&v\edited code files\data\raw\BSL_Dataset\2_HAND_DATASET\G\445.png,G,two_hand,"wrong_hand_count (detected 1, expected 2)"
C:\Users\singh\Desktop\a2 i&v\edited code files\data\raw\BSL_Dataset\2_HAND_DATASET\G\4450.png,G,two_hand,"wrong_hand_count (detected 1, expected 2)"
C:\Users\singh\Desktop\a2 i&v\edited code files\data\raw\BSL_Dataset\2_HAND_DATASET\G\4455.png,G,two_hand,"wrong_hand_count (detected 1, expected 2)"
C:\Users\singh\Desktop\a2 i&v\edited code files\data\raw\BSL_Dataset\2_HAND_DATASET\G\4480.png,G,two_hand,"wrong_hand_count (detected 1, expected 2)"
C:\Users\singh\Desktop\a2 i&v\edited code files\data\raw\BSL_Dataset\2_HAND_DATASET\G\4485.png,G,two_hand,"wrong_hand_count (detected 1, expected 2)"
C:\Users\singh\Desktop\a2 i&v\edited code files\data\raw\BSL_Dataset\2_HAND_DATASET\G\4520.png,G,two_hand,"wrong_hand_count (detected 1, expected 2)"
C:\Users\singh\Desktop\a2 i&v\edited code files\data\raw\BSL_Dataset\2_HAND_DATASET\G\4525.png,G,two_hand,"wrong_hand_count (detected 1, expected 2)"
C:\Users\singh\Desktop\a2 i&v\edited code files\data\raw\BSL_Dataset\2_HAND_DATASET\G\4530.png,G,two_hand,"wrong_hand_count (detected 1, expected 2)"
C:\Users\singh\Desktop\a2 i&v\edited code files\data\raw\BSL_Dataset\2_HAND_DATASET\G\4550.png,G,two_hand,"wrong_hand_count (detected 1, expected 2)"
C:\Users\singh\Desktop\a2 i&v\edited code files\data\raw\BSL_Dataset\2_HAND_DATASET\G\4555.png,G,two_hand,"wrong_hand_count (detected 1, expected 2)"
C:\Users\singh\Desktop\a2 i&v\edited code files\data\raw\BSL_Dataset\2_HAND_DATASET\G\4560.png,G,two_hand,"wrong_hand_count (detected 1, expected 2)"
C:\Users\singh\Desktop\a2 i&v\edited code files\data\raw\BSL_Dataset\2_HAND_DATASET\G\4570.png,G,two_hand,"wrong_hand_count (detected 1, expected 2)"
C:\Users\singh\Desktop\a2 i&v\edited code files\data\raw\BSL_Dataset\2_HAND_DATASET\G\4595.png,G,two_hand,"wrong_hand_count (detected 1, expected 2)"
C:\Users\singh\Desktop\a2 i&v\edited code files\data\raw\BSL_Dataset\2_HAND_DATASET\G\4600.png,G,two_hand,"wrong_hand_count (detected 1, expected 2)"
C:\Users\singh\Desktop\a2 i&v\edited code files\data\raw\BSL_Dataset\2_HAND_DATASET\G\4605.png,G,two_hand,"wrong_hand_count (detected 1, expected 2)"
C:\Users\singh\Desktop\a2 i&v\edited code files\data\raw\BSL_Dataset\2_HAND_DATASET\G\4635.png,G,two_hand,"wrong_hand_count (detected 1, expected 2)"
C:\Users\singh\Desktop\a2 i&v\edited code files\data\raw\BSL_Dataset\2_HAND_DATASET\G\4640.png,G,two_hand,no_hands
C:\Users\singh\Desktop\a2 i&v\edited code files\data\raw\BSL_Dataset\2_HAND_DATASET\G\465.png,G,two_hand,"wrong_hand_count (detected 1, expected 2)"
C:\Users\singh\Desktop\a2 i&v\edited code files\data\raw\BSL_Dataset\2_HAND_DATASET\G\4650.png,G,two_hand,"wrong_hand_count (detected 1, expected 2)"
C:\Users\singh\Desktop\a2 i&v\edited code files\data\raw\BSL_Dataset\2_HAND_DATASET\G\4670.png,G,two_hand,"wrong_hand_count (detected 1, expected 2)"
C:\Users\singh\Desktop\a2 i&v\edited code files\data\raw\BSL_Dataset\2_HAND_DATASET\G\4675.png,G,two_hand,no_hands
C:\Users\singh\Desktop\a2 i&v\edited code files\data\raw\BSL_Dataset\2_HAND_DATASET\G\4685.png,G,two_hand,"wrong_hand_count (detected 1, expected 2)"
C:\Users\singh\Desktop\a2 i&v\edited code files\data\raw\BSL_Dataset\2_HAND_DATASET\G\4720.png,G,two_hand,no_hands
C:\Users\singh\Desktop\a2 i&v\edited code files\data\raw\BSL_Dataset\2_HAND_DATASET\G\4725.png,G,two_hand,"wrong_hand_count (detected 1, expected 2)"
C:\Users\singh\Desktop\a2 i&v\edited code files\data\raw\BSL_Dataset\2_HAND_DATASET\G\4730.png,G,two_hand,"wrong_hand_count (detected 1, expected 2)"
C:\Users\singh\Desktop\a2 i&v\edited code files\data\raw\BSL_Dataset\2_HAND_DATASET\G\4760.png,G,two_hand,"wrong_hand_count (detected 1, expected 2)"
C:\Users\singh\Desktop\a2 i&v\edited code files\data\raw\BSL_Dataset\2_HAND_DATASET\G\4765.png,G,two_hand,"wrong_hand_count (detected 1, expected 2)"
C:\Users\singh\Desktop\a2 i&v\edited code files\data\raw\BSL_Dataset\2_HAND_DATASET\G\4770.png,G,two_hand,no_hands
C:\Users\singh\Desktop\a2 i&v\edited code files\data\raw\BSL_Dataset\2_HAND_DATASET\G\4800.png,G,two_hand,"wrong_hand_count (detected 1, expected 2)"
C:\Users\singh\Desktop\a2 i&v\edited code files\data\raw\BSL_Dataset\2_HAND_DATASET\G\4805.png,G,two_hand,"wrong_hand_count (detected 1, expected 2)"
C:\Users\singh\Desktop\a2 i&v\edited code files\data\raw\BSL_Dataset\2_HAND_DATASET\G\4810.png,G,two_hand,"wrong_hand_count (detected 1, expected 2)"
C:\Users\singh\Desktop\a2 i&v\edited code files\data\raw\BSL_Dataset\2_HAND_DATASET\G\4840.png,G,two_hand,"wrong_hand_count (detected 1, expected 2)"
C:\Users\singh\Desktop\a2 i&v\edited code files\data\raw\BSL_Dataset\2_HAND_DATASET\G\4845.png,G,two_hand,"wrong_hand_count (detected 1, expected 2)"
C:\Users\singh\Desktop\a2 i&v\edited code files\data\raw\BSL_Dataset\2_HAND_DATASET\G\4850.png,G,two_hand,"wrong_hand_count (detected 1, expected 2)"
C:\Users\singh\Desktop\a2 i&v\edited code files\data\raw\BSL_Dataset\2_HAND_DATASET\G\4865.png,G,two_hand,"wrong_hand_count (detected 1, expected 2)"
C:\Users\singh\Desktop\a2 i&v\edited code files\data\raw\BSL_Dataset\2_HAND_DATASET\G\4875.png,G,two_hand,"wrong_hand_count (detected 1, expected 2)"
C:\Users\singh\Desktop\a2 i&v\edited code files\data\raw\BSL_Dataset\2_HAND_DATASET\G\4880.png,G,two_hand,"wrong_hand_count (detected 1, expected 2)"
C:\Users\singh\Desktop\a2 i&v\edited code files\data\raw\BSL_Dataset\2_HAND_DATASET\G\4885.png,G,two_hand,"wrong_hand_count (detected 1, expected 2)"
C:\Users\singh\Desktop\a2 i&v\edited code files\data\raw\BSL_Dataset\2_HAND_DATASET\G\4895.png,G,two_hand,"wrong_hand_count (detected 1, expected 2)"
C:\Users\singh\Desktop\a2 i&v\edited code files\data\raw\BSL_Dataset\2_HAND_DATASET\G\490.png,G,two_hand,"wrong_hand_count (detected 1, expected 2)"
C:\Users\singh\Desktop\a2 i&v\edited code files\data\raw\BSL_Dataset\2_HAND_DATASET\G\4910.png,G,two_hand,"wrong_hand_count (detected 1, expected 2)"
C:\Users\singh\Desktop\a2 i&v\edited code files\data\raw\BSL_Dataset\2_HAND_DATASET\G\4925.png,G,two_hand,no_hands
C:\Users\singh\Desktop\a2 i&v\edited code files\data\raw\BSL_Dataset\2_HAND_DATASET\G\4950.png,G,two_hand,"wrong_hand_count (detected 1, expected 2)"
C:\Users\singh\Desktop\a2 i&v\edited code files\data\raw\BSL_Dataset\2_HAND_DATASET\G\4960.png,G,two_hand,"wrong_hand_count (detected 1, expected 2)"
C:\Users\singh\Desktop\a2 i&v\edited code files\data\raw\BSL_Dataset\2_HAND_DATASET\G\4965.png,G,two_hand,"wrong_hand_count (detected 1, expected 2)"
C:\Users\singh\Desktop\a2 i&v\edited code files\data\raw\BSL_Dataset\2_HAND_DATASET\G\4970.png,G,two_hand,"wrong_hand_count (detected 1, expected 2)"
C:\Users\singh\Desktop\a2 i&v\edited code files\data\raw\BSL_Dataset\2_HAND_DATASET\G\4975.png,G,two_hand,"wrong_hand_count (detected 1, expected 2)"
C:\Users\singh\Desktop\a2 i&v\edited code files\data\raw\BSL_Dataset\2_HAND_DATASET\G\500.png,G,two_hand,"wrong_hand_count (detected 1, expected 2)"
C:\Users\singh\Desktop\a2 i&v\edited code files\data\raw\BSL_Dataset\2_HAND_DATASET\G\525.png,G,two_hand,"wrong_hand_count (detected 1, expected 2)"
C:\Users\singh\Desktop\a2 i&v\edited code files\data\raw\BSL_Dataset\2_HAND_DATASET\G\55.png,G,two_hand,"wrong_hand_count (detected 1, expected 2)"
C:\Users\singh\Desktop\a2 i&v\edited code files\data\raw\BSL_Dataset\2_HAND_DATASET\G\555.png,G,two_hand,"wrong_hand_count (detected 1, expected 2)"
C:\Users\singh\Desktop\a2 i&v\edited code files\data\raw\BSL_Dataset\2_HAND_DATASET\G\565.png,G,two_hand,"wrong_hand_count (detected 1, expected 2)"
C:\Users\singh\Desktop\a2 i&v\edited code files\data\raw\BSL_Dataset\2_HAND_DATASET\G\600.png,G,two_hand,"wrong_hand_count (detected 1, expected 2)"
C:\Users\singh\Desktop\a2 i&v\edited code files\data\raw\BSL_Dataset\2_HAND_DATASET\G\620.png,G,two_hand,"wrong_hand_count (detected 1, expected 2)"
C:\Users\singh\Desktop\a2 i&v\edited code files\data\raw\BSL_Dataset\2_HAND_DATASET\G\625.png,G,two_hand,"wrong_hand_count (detected 1, expected 2)"
C:\Users\singh\Desktop\a2 i&v\edited code files\data\raw\BSL_Dataset\2_HAND_DATASET\G\630.png,G,two_hand,"wrong_hand_count (detected 1, expected 2)"
C:\Users\singh\Desktop\a2 i&v\edited code files\data\raw\BSL_Dataset\2_HAND_DATASET\G\740.png,G,two_hand,"wrong_hand_count (detected 1, expected 2)"
C:\Users\singh\Desktop\a2 i&v\edited code files\data\raw\BSL_Dataset\2_HAND_DATASET\G\775.png,G,two_hand,"wrong_hand_count (detected 1, expected 2)"
C:\Users\singh\Desktop\a2 i&v\edited code files\data\raw\BSL_Dataset\2_HAND_DATASET\G\800.png,G,two_hand,"wrong_hand_count (detected 1, expected 2)"
C:\Users\singh\Desktop\a2 i&v\edited code files\data\raw\BSL_Dataset\2_HAND_DATASET\G\900.png,G,two_hand,"wrong_hand_count (detected 1, expected 2)"
C:\Users\singh\Desktop\a2 i&v\edited code files\data\raw\BSL_Dataset\2_HAND_DATASET\G\910.png,G,two_hand,"wrong_hand_count (detected 1, expected 2)"
C:\Users\singh\Desktop\a2 i&v\edited code files\data\raw\BSL_Dataset\2_HAND_DATASET\G\915.png,G,two_hand,"wrong_hand_count (detected 1, expected 2)"
C:\Users\singh\Desktop\a2 i&v\edited code files\data\raw\BSL_Dataset\2_HAND_DATASET\G\920.png,G,two_hand,"wrong_hand_count (detected 1, expected 2)"
C:\Users\singh\Desktop\a2 i&v\edited code files\data\raw\BSL_Dataset\2_HAND_DATASET\G\955.png,G,two_hand,"wrong_hand_count (detected 1, expected 2)"
C:\Users\singh\Desktop\a2 i&v\edited code files\data\raw\BSL_Dataset\2_HAND_DATASET\G\960.png,G,two_hand,"wrong_hand_count (detected 1, expected 2)"
C:\Users\singh\Desktop\a2 i&v\edited code files\data\raw\BSL_Dataset\2_HAND_DATASET\G\995.png,G,two_hand,"wrong_hand_count (detected 1, expected 2)"
C:\Users\singh\Desktop\a2 i&v\edited code files\data\raw\BSL_Dataset\2_HAND_DATASET\I\1000.png,I,two_hand,"wrong_hand_count (detected 1, expected 2)"
C:\Users\singh\Desktop\a2 i&v\edited code files\data\raw\BSL_Dataset\2_HAND_DATASET\I\1010.png,I,two_hand,"wrong_hand_count (detected 1, expected 2)"
C:\Users\singh\Desktop\a2 i&v\edited code files\data\raw\BSL_Dataset\2_HAND_DATASET\I\1100.png,I,two_hand,"wrong_hand_count (detected 1, expected 2)"
C:\Users\singh\Desktop\a2 i&v\edited code files\data\raw\BSL_Dataset\2_HAND_DATASET\I\1145.png,I,two_hand,"wrong_hand_count (detected 1, expected 2)"
C:\Users\singh\Desktop\a2 i&v\edited code files\data\raw\BSL_Dataset\2_HAND_DATASET\I\1195.png,I,two_hand,"wrong_hand_count (detected 1, expected 2)"
C:\Users\singh\Desktop\a2 i&v\edited code files\data\raw\BSL_Dataset\2_HAND_DATASET\I\1235.png,I,two_hand,"wrong_hand_count (detected 1, expected 2)"
C:\Users\singh\Desktop\a2 i&v\edited code files\data\raw\BSL_Dataset\2_HAND_DATASET\I\1300.png,I,two_hand,"wrong_hand_count (detected 1, expected 2)"
C:\Users\singh\Desktop\a2 i&v\edited code files\data\raw\BSL_Dataset\2_HAND_DATASET\I\1315.png,I,two_hand,"wrong_hand_count (detected 1, expected 2)"
C:\Users\singh\Desktop\a2 i&v\edited code files\data\raw\BSL_Dataset\2_HAND_DATASET\I\1345.png,I,two_hand,"wrong_hand_count (detected 1, expected 2)"
C:\Users\singh\Desktop\a2 i&v\edited code files\data\raw\BSL_Dataset\2_HAND_DATASET\I\1365.png,I,two_hand,"wrong_hand_count (detected 1, expected 2)"
C:\Users\singh\Desktop\a2 i&v\edited code files\data\raw\BSL_Dataset\2_HAND_DATASET\I\1510.png,I,two_hand,"wrong_hand_count (detected 1, expected 2)"
C:\Users\singh\Desktop\a2 i&v\edited code files\data\raw\BSL_Dataset\2_HAND_DATASET\I\155.png,I,two_hand,"wrong_hand_count (detected 1, expected 2)"
C:\Users\singh\Desktop\a2 i&v\edited code files\data\raw\BSL_Dataset\2_HAND_DATASET\I\1550.png,I,two_hand,"wrong_hand_count (detected 1, expected 2)"
C:\Users\singh\Desktop\a2 i&v\edited code files\data\raw\BSL_Dataset\2_HAND_DATASET\I\1590.png,I,two_hand,"wrong_hand_count (detected 1, expected 2)"
C:\Users\singh\Desktop\a2 i&v\edited code files\data\raw\BSL_Dataset\2_HAND_DATASET\I\160.png,I,two_hand,"wrong_hand_count (detected 1, expected 2)"
C:\Users\singh\Desktop\a2 i&v\edited code files\data\raw\BSL_Dataset\2_HAND_DATASET\I\1725.png,I,two_hand,"wrong_hand_count (detected 1, expected 2)"
C:\Users\singh\Desktop\a2 i&v\edited code files\data\raw\BSL_Dataset\2_HAND_DATASET\I\2010.png,I,two_hand,"wrong_hand_count (detected 1, expected 2)"
C:\Users\singh\Desktop\a2 i&v\edited code files\data\raw\BSL_Dataset\2_HAND_DATASET\I\2015.png,I,two_hand,"wrong_hand_count (detected 1, expected 2)"
C:\Users\singh\Desktop\a2 i&v\edited code files\data\raw\BSL_Dataset\2_HAND_DATASET\I\2055.png,I,two_hand,"wrong_hand_count (detected 1, expected 2)"
C:\Users\singh\Desktop\a2 i&v\edited code files\data\raw\BSL_Dataset\2_HAND_DATASET\I\2085.png,I,two_hand,"wrong_hand_count (detected 1, expected 2)"
C:\Users\singh\Desktop\a2 i&v\edited code files\data\raw\BSL_Dataset\2_HAND_DATASET\I\2145.png,I,two_hand,"wrong_hand_count (detected 1, expected 2)"
C:\Users\singh\Desktop\a2 i&v\edited code files\data\raw\BSL_Dataset\2_HAND_DATASET\I\2175.png,I,two_hand,"wrong_hand_count (detected 1, expected 2)"
C:\Users\singh\Desktop\a2 i&v\edited code files\data\raw\BSL_Dataset\2_HAND_DATASET\I\2195.png,I,two_hand,"wrong_hand_count (detected 1, expected 2)"
C:\Users\singh\Desktop\a2 i&v\edited code files\data\raw\BSL_Dataset\2_HAND_DATASET\I\230.png,I,two_hand,"wrong_hand_count (detected 1, expected 2)"
C:\Users\singh\Desktop\a2 i&v\edited code files\data\raw\BSL_Dataset\2_HAND_DATASET\I\2310.png,I,two_hand,"wrong_hand_count (detected 1, expected 2)"
C:\Users\singh\Desktop\a2 i&v\edited code files\data\raw\BSL_Dataset\2_HAND_DATASET\I\2315.png,I,two_hand,"wrong_hand_count (detected 1, expected 2)"
C:\Users\singh\Desktop\a2 i&v\edited code files\data\raw\BSL_Dataset\2_HAND_DATASET\I\2355.png,I,two_hand,"wrong_hand_count (detected 1, expected 2)"
C:\Users\singh\Desktop\a2 i&v\edited code files\data\raw\BSL_Dataset\2_HAND_DATASET\I\2380.png,I,two_hand,"wrong_hand_count (detected 1, expected 2)"
C:\Users\singh\Desktop\a2 i&v\edited code files\data\raw\BSL_Dataset\2_HAND_DATASET\I\2410.png,I,two_hand,"wrong_hand_count (detected 1, expected 2)"
C:\Users\singh\Desktop\a2 i&v\edited code files\data\raw\BSL_Dataset\2_HAND_DATASET\I\2415.png,I,two_hand,"wrong_hand_count (detected 1, expected 2)"
C:\Users\singh\Desktop\a2 i&v\edited code files\data\raw\BSL_Dataset\2_HAND_DATASET\I\2435.png,I,two_hand,"wrong_hand_count (detected 1, expected 2)"
C:\Users\singh\Desktop\a2 i&v\edited code files\data\raw\BSL_Dataset\2_HAND_DATASET\I\2445.png,I,two_hand,no_hands
C:\Users\singh\Desktop\a2 i&v\edited code files\data\raw\BSL_Dataset\2_HAND_DATASET\I\2620.png,I,two_hand,"wrong_hand_count (detected 1, expected 2)"
C:\Users\singh\Desktop\a2 i&v\edited code files\data\raw\BSL_Dataset\2_HAND_DATASET\I\2645.png,I,two_hand,"wrong_hand_count (detected 1, expected 2)"
C:\Users\singh\Desktop\a2 i&v\edited code files\data\raw\BSL_Dataset\2_HAND_DATASET\I\2660.png,I,two_hand,"wrong_hand_count (detected 1, expected 2)"
C:\Users\singh\Desktop\a2 i&v\edited code files\data\raw\BSL_Dataset\2_HAND_DATASET\I\2680.png,I,two_hand,"wrong_hand_count (detected 1, expected 2)"
C:\Users\singh\Desktop\a2 i&v\edited code files\data\raw\BSL_Dataset\2_HAND_DATASET\I\2690.png,I,two_hand,"wrong_hand_count (detected 1, expected 2)"
C:\Users\singh\Desktop\a2 i&v\edited code files\data\raw\BSL_Dataset\2_HAND_DATASET\I\2700.png,I,two_hand,"wrong_hand_count (detected 1, expected 2)"
C:\Users\singh\Desktop\a2 i&v\edited code files\data\raw\BSL_Dataset\2_HAND_DATASET\I\2725.png,I,two_hand,"wrong_hand_count (detected 1, expected 2)"
C:\Users\singh\Desktop\a2 i&v\edited code files\data\raw\BSL_Dataset\2_HAND_DATASET\I\2730.png,I,two_hand,"wrong_hand_count (detected 1, expected 2)"
C:\Users\singh\Desktop\a2 i&v\edited code files\data\raw\BSL_Dataset\2_HAND_DATASET\I\2760.png,I,two_hand,"wrong_hand_count (detected 1, expected 2)"
C:\Users\singh\Desktop\a2 i&v\edited code files\data\raw\BSL_Dataset\2_HAND_DATASET\I\2795.png,I,two_hand,"wrong_hand_count (detected 1, expected 2)"
C:\Users\singh\Desktop\a2 i&v\edited code files\data\raw\BSL_Dataset\2_HAND_DATASET\I\2800.png,I,two_hand,"wrong_hand_count (detected 1, expected 2)"
C:\Users\singh\Desktop\a2 i&v\edited code files\data\raw\BSL_Dataset\2_HAND_DATASET\I\2820.png,I,two_hand,"wrong_hand_count (detected 1, expected 2)"
C:\Users\singh\Desktop\a2 i&v\edited code files\data\raw\BSL_Dataset\2_HAND_DATASET\I\2865.png,I,two_hand,"wrong_hand_count (detected 1, expected 2)"
C:\Users\singh\Desktop\a2 i&v\edited code files\data\raw\BSL_Dataset\2_HAND_DATASET\I\2875.png,I,two_hand,"wrong_hand_count (detected 1, expected 2)"
C:\Users\singh\Desktop\a2 i&v\edited code files\data\raw\BSL_Dataset\2_HAND_DATASET\I\2910.png,I,two_hand,"wrong_hand_count (detected 1, expected 2)"
C:\Users\singh\Desktop\a2 i&v\edited code files\data\raw\BSL_Dataset\2_HAND_DATASET\I\2990.png,I,two_hand,"wrong_hand_count (detected 1, expected 2)"
C:\Users\singh\Desktop\a2 i&v\edited code files\data\raw\BSL_Dataset\2_HAND_DATASET\I\3075.png,I,two_hand,"wrong_hand_count (detected 1, expected 2)"
C:\Users\singh\Desktop\a2 i&v\edited code files\data\raw\BSL_Dataset\2_HAND_DATASET\I\3080.png,I,two_hand,"wrong_hand_count (detected 1, expected 2)"
C:\Users\singh\Desktop\a2 i&v\edited code files\data\raw\BSL_Dataset\2_HAND_DATASET\I\3085.png,I,two_hand,"wrong_hand_count (detected 1, expected 2)"
C:\Users\singh\Desktop\a2 i&v\edited code files\data\raw\BSL_Dataset\2_HAND_DATASET\I\3135.png,I,two_hand,no_hands
C:\Users\singh\Desktop\a2 i&v\edited code files\data\raw\BSL_Dataset\2_HAND_DATASET\I\3230.png,I,two_hand,"wrong_hand_count (detected 1, expected 2)"
C:\Users\singh\Desktop\a2 i&v\edited code files\data\raw\BSL_Dataset\2_HAND_DATASET\I\3245.png,I,two_hand,"wrong_hand_count (detected 1, expected 2)"
C:\Users\singh\Desktop\a2 i&v\edited code files\data\raw\BSL_Dataset\2_HAND_DATASET\I\3250.png,I,two_hand,"wrong_hand_count (detected 1, expected 2)"
C:\Users\singh\Desktop\a2 i&v\edited code files\data\raw\BSL_Dataset\2_HAND_DATASET\I\3285.png,I,two_hand,"wrong_hand_count (detected 1, expected 2)"
C:\Users\singh\Desktop\a2 i&v\edited code files\data\raw\BSL_Dataset\2_HAND_DATASET\I\3360.png,I,two_hand,no_hands
C:\Users\singh\Desktop\a2 i&v\edited code files\data\raw\BSL_Dataset\2_HAND_DATASET\I\3440.png,I,two_hand,"wrong_hand_count (detected 1, expected 2)"
C:\Users\singh\Desktop\a2 i&v\edited code files\data\raw\BSL_Dataset\2_HAND_DATASET\I\3540.png,I,two_hand,"wrong_hand_count (detected 1, expected 2)"
C:\Users\singh\Desktop\a2 i&v\edited code files\data\raw\BSL_Dataset\2_HAND_DATASET\I\3585.png,I,two_hand,"wrong_hand_count (detected 1, expected 2)"
C:\Users\singh\Desktop\a2 i&v\edited code files\data\raw\BSL_Dataset\2_HAND_DATASET\I\3605.png,I,two_hand,"wrong_hand_count (detected 1, expected 2)"
C:\Users\singh\Desktop\a2 i&v\edited code files\data\raw\BSL_Dataset\2_HAND_DATASET\I\3680.png,I,two_hand,"wrong_hand_count (detected 1, expected 2)"
C:\Users\singh\Desktop\a2 i&v\edited code files\data\raw\BSL_Dataset\2_HAND_DATASET\I\3730.png,I,two_hand,"wrong_hand_count (detected 1, expected 2)"
C:\Users\singh\Desktop\a2 i&v\edited code files\data\raw\BSL_Dataset\2_HAND_DATASET\I\3745.png,I,two_hand,"wrong_hand_count (detected 1, expected 2)"
C:\Users\singh\Desktop\a2 i&v\edited code files\data\raw\BSL_Dataset\2_HAND_DATASET\I\3775.png,I,two_hand,"wrong_hand_count (detected 1, expected 2)"
C:\Users\singh\Desktop\a2 i&v\edited code files\data\raw\BSL_Dataset\2_HAND_DATASET\I\3780.png,I,two_hand,"wrong_hand_count (detected 1, expected 2)"
C:\Users\singh\Desktop\a2 i&v\edited code files\data\raw\BSL_Dataset\2_HAND_DATASET\I\3785.png,I,two_hand,"wrong_hand_count (detected 1, expected 2)"
C:\Users\singh\Desktop\a2 i&v\edited code files\data\raw\BSL_Dataset\2_HAND_DATASET\I\3860.png,I,two_hand,"wrong_hand_count (detected 1, expected 2)"
C:\Users\singh\Desktop\a2 i&v\edited code files\data\raw\BSL_Dataset\2_HAND_DATASET\I\3880.png,I,two_hand,"wrong_hand_count (detected 1, expected 2)"
C:\Users\singh\Desktop\a2 i&v\edited code files\data\raw\BSL_Dataset\2_HAND_DATASET\I\3925.png,I,two_hand,"wrong_hand_count (detected 1, expected 2)"
C:\Users\singh\Desktop\a2 i&v\edited code files\data\raw\BSL_Dataset\2_HAND_DATASET\I\3930.png,I,two_hand,"wrong_hand_count (detected 1, expected 2)"
C:\Users\singh\Desktop\a2 i&v\edited code files\data\raw\BSL_Dataset\2_HAND_DATASET\I\3975.png,I,two_hand,"wrong_hand_count (detected 1, expected 2)"
C:\Users\singh\Desktop\a2 i&v\edited code files\data\raw\BSL_Dataset\2_HAND_DATASET\I\4035.png,I,two_hand,"wrong_hand_count (detected 1, expected 2)"
C:\Users\singh\Desktop\a2 i&v\edited code files\data\raw\BSL_Dataset\2_HAND_DATASET\I\4155.png,I,two_hand,"wrong_hand_count (detected 1, expected 2)"
C:\Users\singh\Desktop\a2 i&v\edited code files\data\raw\BSL_Dataset\2_HAND_DATASET\I\4185.png,I,two_hand,no_hands
C:\Users\singh\Desktop\a2 i&v\edited code files\data\raw\BSL_Dataset\2_HAND_DATASET\I\4215.png,I,two_hand,"wrong_hand_count (detected 1, expected 2)"
C:\Users\singh\Desktop\a2 i&v\edited code files\data\raw\BSL_Dataset\2_HAND_DATASET\I\4220.png,I,two_hand,"wrong_hand_count (detected 1, expected 2)"
C:\Users\singh\Desktop\a2 i&v\edited code files\data\raw\BSL_Dataset\2_HAND_DATASET\I\4230.png,I,two_hand,"wrong_hand_count (detected 1, expected 2)"
C:\Users\singh\Desktop\a2 i&v\edited code files\data\raw\BSL_Dataset\2_HAND_DATASET\I\4290.png,I,two_hand,"wrong_hand_count (detected 1, expected 2)"
C:\Users\singh\Desktop\a2 i&v\edited code files\data\raw\BSL_Dataset\2_HAND_DATASET\I\4295.png,I,two_hand,"wrong_hand_count (detected 1, expected 2)"
C:\Users\singh\Desktop\a2 i&v\edited code files\data\raw\BSL_Dataset\2_HAND_DATASET\I\4310.png,I,two_hand,"wrong_hand_count (detected 1, expected 2)"
C:\Users\singh\Desktop\a2 i&v\edited code files\data\raw\BSL_Dataset\2_HAND_DATASET\I\4325.png,I,two_hand,"wrong_hand_count (detected 1, expected 2)"
C:\Users\singh\Desktop\a2 i&v\edited code files\data\raw\BSL_Dataset\2_HAND_DATASET\I\4350.png,I,two_hand,"wrong_hand_count (detected 1, expected 2)"
C:\Users\singh\Desktop\a2 i&v\edited code files\data\raw\BSL_Dataset\2_HAND_DATASET\I\4375.png,I,two_hand,"wrong_hand_count (detected 1, expected 2)"
C:\Users\singh\Desktop\a2 i&v\edited code files\data\raw\BSL_Dataset\2_HAND_DATASET\I\4385.png,I,two_hand,"wrong_hand_count (detected 1, expected 2)"
C:\Users\singh\Desktop\a2 i&v\edited code files\data\raw\BSL_Dataset\2_HAND_DATASET\I\4440.png,I,two_hand,"wrong_hand_count (detected 1, expected 2)"
C:\Users\singh\Desktop\a2 i&v\edited code files\data\raw\BSL_Dataset\2_HAND_DATASET\I\4455.png,I,two_hand,"wrong_hand_count (detected 1, expected 2)"
C:\Users\singh\Desktop\a2 i&v\edited code files\data\raw\BSL_Dataset\2_HAND_DATASET\I\4495.png,I,two_hand,"wrong_hand_count (detected 1, expected 2)"
C:\Users\singh\Desktop\a2 i&v\edited code files\data\raw\BSL_Dataset\2_HAND_DATASET\I\450.png,I,two_hand,"wrong_hand_count (detected 1, expected 2)"
C:\Users\singh\Desktop\a2 i&v\edited code files\data\raw\BSL_Dataset\2_HAND_DATASET\I\455.png,I,two_hand,"wrong_hand_count (detected 1, expected 2)"
C:\Users\singh\Desktop\a2 i&v\edited code files\data\raw\BSL_Dataset\2_HAND_DATASET\I\4560.png,I,two_hand,"wrong_hand_count (detected 1, expected 2)"
C:\Users\singh\Desktop\a2 i&v\edited code files\data\raw\BSL_Dataset\2_HAND_DATASET\I\4570.png,I,two_hand,"wrong_hand_count (detected 1, expected 2)"
C:\Users\singh\Desktop\a2 i&v\edited code files\data\raw\BSL_Dataset\2_HAND_DATASET\I\4590.png,I,two_hand,"wrong_hand_count (detected 1, expected 2)"
C:\Users\singh\Desktop\a2 i&v\edited code files\data\raw\BSL_Dataset\2_HAND_DATASET\I\4660.png,I,two_hand,"wrong_hand_count (detected 1, expected 2)"
C:\Users\singh\Desktop\a2 i&v\edited code files\data\raw\BSL_Dataset\2_HAND_DATASET\I\4670.png,I,two_hand,"wrong_hand_count (detected 1, expected 2)"
C:\Users\singh\Desktop\a2 i&v\edited code files\data\raw\BSL_Dataset\2_HAND_DATASET\I\4690.png,I,two_hand,"wrong_hand_count (detected 1, expected 2)"
C:\Users\singh\Desktop\a2 i&v\edited code files\data\raw\BSL_Dataset\2_HAND_DATASET\I\4810.png,I,two_hand,"wrong_hand_count (detected 1, expected 2)"
C:\Users\singh\Desktop\a2 i&v\edited code files\data\raw\BSL_Dataset\2_HAND_DATASET\I\4840.png,I,two_hand,"wrong_hand_count (detected 1, expected 2)"
C:\Users\singh\Desktop\a2 i&v\edited code files\data\raw\BSL_Dataset\2_HAND_DATASET\I\4860.png,I,two_hand,"wrong_hand_count (detected 1, expected 2)"
C:\Users\singh\Desktop\a2 i&v\edited code files\data\raw\BSL_Dataset\2_HAND_DATASET\I\495.png,I,two_hand,"wrong_hand_count (detected 1, expected 2)"
C:\Users\singh\Desktop\a2 i&v\edited code files\data\raw\BSL_Dataset\2_HAND_DATASET\I\4950.png,I,two_hand,"wrong_hand_count (detected 1, expected 2)"
C:\Users\singh\Desktop\a2 i&v\edited code files\data\raw\BSL_Dataset\2_HAND_DATASET\I\560.png,I,two_hand,"wrong_hand_count (detected 1, expected 2)"
C:\Users\singh\Desktop\a2 i&v\edited code files\data\raw\BSL_Dataset\2_HAND_DATASET\I\680.png,I,two_hand,"wrong_hand_count (detected 1, expected 2)"
C:\Users\singh\Desktop\a2 i&v\edited code files\data\raw\BSL_Dataset\2_HAND_DATASET\I\685.png,I,two_hand,"wrong_hand_count (detected 1, expected 2)"
C:\Users\singh\Desktop\a2 i&v\edited code files\data\raw\BSL_Dataset\2_HAND_DATASET\I\75.png,I,two_hand,"wrong_hand_count (detected 1, expected 2)"
C:\Users\singh\Desktop\a2 i&v\edited code files\data\raw\BSL_Dataset\2_HAND_DATASET\I\790.png,I,two_hand,"wrong_hand_count (detected 1, expected 2)"
C:\Users\singh\Desktop\a2 i&v\edited code files\data\raw\BSL_Dataset\2_HAND_DATASET\I\795.png,I,two_hand,"wrong_hand_count (detected 1, expected 2)"
C:\Users\singh\Desktop\a2 i&v\edited code files\data\raw\BSL_Dataset\2_HAND_DATASET\I\820.png,I,two_hand,"wrong_hand_count (detected 1, expected 2)"
C:\Users\singh\Desktop\a2 i&v\edited code files\data\raw\BSL_Dataset\2_HAND_DATASET\I\840.png,I,two_hand,"wrong_hand_count (detected 1, expected 2)"
C:\Users\singh\Desktop\a2 i&v\edited code files\data\raw\BSL_Dataset\2_HAND_DATASET\I\855.png,I,two_hand,"wrong_hand_count (detected 1, expected 2)"
C:\Users\singh\Desktop\a2 i&v\edited code files\data\raw\BSL_Dataset\2_HAND_DATASET\I\885.png,I,two_hand,no_hands
C:\Users\singh\Desktop\a2 i&v\edited code files\data\raw\BSL_Dataset\2_HAND_DATASET\I\895.png,I,two_hand,"wrong_hand_count (detected 1, expected 2)"
C:\Users\singh\Desktop\a2 i&v\edited code files\data\raw\BSL_Dataset\2_HAND_DATASET\I\935.png,I,two_hand,"wrong_hand_count (detected 1, expected 2)"
C:\Users\singh\Desktop\a2 i&v\edited code files\data\raw\BSL_Dataset\2_HAND_DATASET\I\980.png,I,two_hand,"wrong_hand_count (detected 1, expected 2)"
C:\Users\singh\Desktop\a2 i&v\edited code files\data\raw\BSL_Dataset\2_HAND_DATASET\K\100.png,K,two_hand,"wrong_hand_count (detected 1, expected 2)"
C:\Users\singh\Desktop\a2 i&v\edited code files\data\raw\BSL_Dataset\2_HAND_DATASET\K\110.png,K,two_hand,"wrong_hand_count (detected 1, expected 2)"
C:\Users\singh\Desktop\a2 i&v\edited code files\data\raw\BSL_Dataset\2_HAND_DATASET\K\1115.png,K,two_hand,"wrong_hand_count (detected 1, expected 2)"
C:\Users\singh\Desktop\a2 i&v\edited code files\data\raw\BSL_Dataset\2_HAND_DATASET\K\115.png,K,two_hand,"wrong_hand_count (detected 1, expected 2)"
C:\Users\singh\Desktop\a2 i&v\edited code files\data\raw\BSL_Dataset\2_HAND_DATASET\K\1175.png,K,two_hand,"wrong_hand_count (detected 1, expected 2)"
C:\Users\singh\Desktop\a2 i&v\edited code files\data\raw\BSL_Dataset\2_HAND_DATASET\K\1180.png,K,two_hand,"wrong_hand_count (detected 1, expected 2)"
C:\Users\singh\Desktop\a2 i&v\edited code files\data\raw\BSL_Dataset\2_HAND_DATASET\K\1185.png,K,two_hand,"wrong_hand_count (detected 1, expected 2)"
C:\Users\singh\Desktop\a2 i&v\edited code files\data\raw\BSL_Dataset\2_HAND_DATASET\K\1190.png,K,two_hand,"wrong_hand_count (detected 1, expected 2)"
C:\Users\singh\Desktop\a2 i&v\edited code files\data\raw\BSL_Dataset\2_HAND_DATASET\K\120.png,K,two_hand,"wrong_hand_count (detected 1, expected 2)"
C:\Users\singh\Desktop\a2 i&v\edited code files\data\raw\BSL_Dataset\2_HAND_DATASET\K\1205.png,K,two_hand,"wrong_hand_count (detected 1, expected 2)"
C:\Users\singh\Desktop\a2 i&v\edited code files\data\raw\BSL_Dataset\2_HAND_DATASET\K\1240.png,K,two_hand,"wrong_hand_count (detected 1, expected 2)"
C:\Users\singh\Desktop\a2 i&v\edited code files\data\raw\BSL_Dataset\2_HAND_DATASET\K\1250.png,K,two_hand,"wrong_hand_count (detected 1, expected 2)"
C:\Users\singh\Desktop\a2 i&v\edited code files\data\raw\BSL_Dataset\2_HAND_DATASET\K\1260.png,K,two_hand,no_hands
C:\Users\singh\Desktop\a2 i&v\edited code files\data\raw\BSL_Dataset\2_HAND_DATASET\K\1275.png,K,two_hand,"wrong_hand_count (detected 1, expected 2)"
C:\Users\singh\Desktop\a2 i&v\edited code files\data\raw\BSL_Dataset\2_HAND_DATASET\K\1345.png,K,two_hand,"wrong_hand_count (detected 1, expected 2)"
C:\Users\singh\Desktop\a2 i&v\edited code files\data\raw\BSL_Dataset\2_HAND_DATASET\K\1355.png,K,two_hand,"wrong_hand_count (detected 1, expected 2)"
C:\Users\singh\Desktop\a2 i&v\edited code files\data\raw\BSL_Dataset\2_HAND_DATASET\K\1385.png,K,two_hand,"wrong_hand_count (detected 1, expected 2)"
C:\Users\singh\Desktop\a2 i&v\edited code files\data\raw\BSL_Dataset\2_HAND_DATASET\K\140.png,K,two_hand,"wrong_hand_count (detected 1, expected 2)"
C:\Users\singh\Desktop\a2 i&v\edited code files\data\raw\BSL_Dataset\2_HAND_DATASET\K\1410.png,K,two_hand,"wrong_hand_count (detected 1, expected 2)"
C:\Users\singh\Desktop\a2 i&v\edited code files\data\raw\BSL_Dataset\2_HAND_DATASET\K\1415.png,K,two_hand,"wrong_hand_count (detected 1, expected 2)"
C:\Users\singh\Desktop\a2 i&v\edited code files\data\raw\BSL_Dataset\2_HAND_DATASET\K\1420.png,K,two_hand,"wrong_hand_count (detected 1, expected 2)"
C:\Users\singh\Desktop\a2 i&v\edited code files\data\raw\BSL_Dataset\2_HAND_DATASET\K\1430.png,K,two_hand,"wrong_hand_count (detected 1, expected 2)"
C:\Users\singh\Desktop\a2 i&v\edited code files\data\raw\BSL_Dataset\2_HAND_DATASET\K\1445.png,K,two_hand,"wrong_hand_count (detected 1, expected 2)"
C:\Users\singh\Desktop\a2 i&v\edited code files\data\raw\BSL_Dataset\2_HAND_DATASET\K\1485.png,K,two_hand,"wrong_hand_count (detected 1, expected 2)"
C:\Users\singh\Desktop\a2 i&v\edited code files\data\raw\BSL_Dataset\2_HAND_DATASET\K\15.png,K,two_hand,"wrong_hand_count (detected 1, expected 2)"
C:\Users\singh\Desktop\a2 i&v\edited code files\data\raw\BSL_Dataset\2_HAND_DATASET\K\150.png,K,two_hand,"wrong_hand_count (detected 1, expected 2)"
C:\Users\singh\Desktop\a2 i&v\edited code files\data\raw\BSL_Dataset\2_HAND_DATASET\K\1500.png,K,two_hand,"wrong_hand_count (detected 1, expected 2)"
C:\Users\singh\Desktop\a2 i&v\edited code files\data\raw\BSL_Dataset\2_HAND_DATASET\K\1540.png,K,two_hand,"wrong_hand_count (detected 1, expected 2)"
C:\Users\singh\Desktop\a2 i&v\edited code files\data\raw\BSL_Dataset\2_HAND_DATASET\K\1585.png,K,two_hand,"wrong_hand_count (detected 1, expected 2)"
C:\Users\singh\Desktop\a2 i&v\edited code files\data\raw\BSL_Dataset\2_HAND_DATASET\K\1595.png,K,two_hand,"wrong_hand_count (detected 1, expected 2)"
C:\Users\singh\Desktop\a2 i&v\edited code files\data\raw\BSL_Dataset\2_HAND_DATASET\K\1605.png,K,two_hand,"wrong_hand_count (detected 1, expected 2)"
C:\Users\singh\Desktop\a2 i&v\edited code files\data\raw\BSL_Dataset\2_HAND_DATASET\K\1635.png,K,two_hand,"wrong_hand_count (detected 1, expected 2)"
C:\Users\singh\Desktop\a2 i&v\edited code files\data\raw\BSL_Dataset\2_HAND_DATASET\K\165.png,K,two_hand,"wrong_hand_count (detected 1, expected 2)"
C:\Users\singh\Desktop\a2 i&v\edited code files\data\raw\BSL_Dataset\2_HAND_DATASET\K\1650.png,K,two_hand,no_hands
C:\Users\singh\Desktop\a2 i&v\edited code files\data\raw\BSL_Dataset\2_HAND_DATASET\K\1660.png,K,two_hand,no_hands
C:\Users\singh\Desktop\a2 i&v\edited code files\data\raw\BSL_Dataset\2_HAND_DATASET\K\1665.png,K,two_hand,no_hands
C:\Users\singh\Desktop\a2 i&v\edited code files\data\raw\BSL_Dataset\2_HAND_DATASET\K\1670.png,K,two_hand,"wrong_hand_count (detected 1, expected 2)"
C:\Users\singh\Desktop\a2 i&v\edited code files\data\raw\BSL_Dataset\2_HAND_DATASET\K\1685.png,K,two_hand,"wrong_hand_count (detected 1, expected 2)"
C:\Users\singh\Desktop\a2 i&v\edited code files\data\raw\BSL_Dataset\2_HAND_DATASET\K\1690.png,K,two_hand,"wrong_hand_count (detected 1, expected 2)"
C:\Users\singh\Desktop\a2 i&v\edited code files\data\raw\BSL_Dataset\2_HAND_DATASET\K\1700.png,K,two_hand,"wrong_hand_count (detected 1, expected 2)"
C:\Users\singh\Desktop\a2 i&v\edited code files\data\raw\BSL_Dataset\2_HAND_DATASET\K\1720.png,K,two_hand,"wrong_hand_count (detected 1, expected 2)"
C:\Users\singh\Desktop\a2 i&v\edited code files\data\raw\BSL_Dataset\2_HAND_DATASET\K\1740.png,K,two_hand,"wrong_hand_count (detected 1, expected 2)"
C:\Users\singh\Desktop\a2 i&v\edited code files\data\raw\BSL_Dataset\2_HAND_DATASET\K\1765.png,K,two_hand,"wrong_hand_count (detected 1, expected 2)"
C:\Users\singh\Desktop\a2 i&v\edited code files\data\raw\BSL_Dataset\2_HAND_DATASET\K\1780.png,K,two_hand,"wrong_hand_count (detected 1, expected 2)"
C:\Users\singh\Desktop\a2 i&v\edited code files\data\raw\BSL_Dataset\2_HAND_DATASET\K\1800.png,K,two_hand,"wrong_hand_count (detected 1, expected 2)"
C:\Users\singh\Desktop\a2 i&v\edited code files\data\raw\BSL_Dataset\2_HAND_DATASET\K\1810.png,K,two_hand,no_hands
C:\Users\singh\Desktop\a2 i&v\edited code files\data\raw\BSL_Dataset\2_HAND_DATASET\K\1815.png,K,two_hand,"wrong_hand_count (detected 1, expected 2)"
C:\Users\singh\Desktop\a2 i&v\edited code files\data\raw\BSL_Dataset\2_HAND_DATASET\K\1845.png,K,two_hand,no_hands
C:\Users\singh\Desktop\a2 i&v\edited code files\data\raw\BSL_Dataset\2_HAND_DATASET\K\1870.png,K,two_hand,"wrong_hand_count (detected 1, expected 2)"
C:\Users\singh\Desktop\a2 i&v\edited code files\data\raw\BSL_Dataset\2_HAND_DATASET\K\1875.png,K,two_hand,"wrong_hand_count (detected 1, expected 2)"
C:\Users\singh\Desktop\a2 i&v\edited code files\data\raw\BSL_Dataset\2_HAND_DATASET\K\1885.png,K,two_hand,no_hands
C:\Users\singh\Desktop\a2 i&v\edited code files\data\raw\BSL_Dataset\2_HAND_DATASET\K\1890.png,K,two_hand,"wrong_hand_count (detected 1, expected 2)"
C:\Users\singh\Desktop\a2 i&v\edited code files\data\raw\BSL_Dataset\2_HAND_DATASET\K\1895.png,K,two_hand,"wrong_hand_count (detected 1, expected 2)"
C:\Users\singh\Desktop\a2 i&v\edited code files\data\raw\BSL_Dataset\2_HAND_DATASET\K\1900.png,K,two_hand,"wrong_hand_count (detected 1, expected 2)"
C:\Users\singh\Desktop\a2 i&v\edited code files\data\raw\BSL_Dataset\2_HAND_DATASET\K\1920.png,K,two_hand,"wrong_hand_count (detected 1, expected 2)"
C:\Users\singh\Desktop\a2 i&v\edited code files\data\raw\BSL_Dataset\2_HAND_DATASET\K\1925.png,K,two_hand,"wrong_hand_count (detected 1, expected 2)"
C:\Users\singh\Desktop\a2 i&v\edited code files\data\raw\BSL_Dataset\2_HAND_DATASET\K\1960.png,K,two_hand,"wrong_hand_count (detected 1, expected 2)"
C:\Users\singh\Desktop\a2 i&v\edited code files\data\raw\BSL_Dataset\2_HAND_DATASET\K\1975.png,K,two_hand,"wrong_hand_count (detected 1, expected 2)"
C:\Users\singh\Desktop\a2 i&v\edited code files\data\raw\BSL_Dataset\2_HAND_DATASET\K\200.png,K,two_hand,"wrong_hand_count (detected 1, expected 2)"
C:\Users\singh\Desktop\a2 i&v\edited code files\data\raw\BSL_Dataset\2_HAND_DATASET\K\2000.png,K,two_hand,"wrong_hand_count (detected 1, expected 2)"
C:\Users\singh\Desktop\a2 i&v\edited code files\data\raw\BSL_Dataset\2_HAND_DATASET\K\2005.png,K,two_hand,"wrong_hand_count (detected 1, expected 2)"
C:\Users\singh\Desktop\a2 i&v\edited code files\data\raw\BSL_Dataset\2_HAND_DATASET\K\2010.png,K,two_hand,"wrong_hand_count (detected 1, expected 2)"
C:\Users\singh\Desktop\a2 i&v\edited code files\data\raw\BSL_Dataset\2_HAND_DATASET\K\2020.png,K,two_hand,"wrong_hand_count (detected 1, expected 2)"
C:\Users\singh\Desktop\a2 i&v\edited code files\data\raw\BSL_Dataset\2_HAND_DATASET\K\2025.png,K,two_hand,"wrong_hand_count (detected 1, expected 2)"
C:\Users\singh\Desktop\a2 i&v\edited code files\data\raw\BSL_Dataset\2_HAND_DATASET\K\2030.png,K,two_hand,"wrong_hand_count (detected 1, expected 2)"
C:\Users\singh\Desktop\a2 i&v\edited code files\data\raw\BSL_Dataset\2_HAND_DATASET\K\205.png,K,two_hand,"wrong_hand_count (detected 1, expected 2)"
C:\Users\singh\Desktop\a2 i&v\edited code files\data\raw\BSL_Dataset\2_HAND_DATASET\K\2050.png,K,two_hand,"wrong_hand_count (detected 1, expected 2)"
C:\Users\singh\Desktop\a2 i&v\edited code files\data\raw\BSL_Dataset\2_HAND_DATASET\K\2080.png,K,two_hand,"wrong_hand_count (detected 1, expected 2)"
C:\Users\singh\Desktop\a2 i&v\edited code files\data\raw\BSL_Dataset\2_HAND_DATASET\K\2090.png,K,two_hand,"wrong_hand_count (detected 1, expected 2)"
C:\Users\singh\Desktop\a2 i&v\edited code files\data\raw\BSL_Dataset\2_HAND_DATASET\K\2095.png,K,two_hand,"wrong_hand_count (detected 1, expected 2)"
C:\Users\singh\Desktop\a2 i&v\edited code files\data\raw\BSL_Dataset\2_HAND_DATASET\K\2105.png,K,two_hand,"wrong_hand_count (detected 1, expected 2)"
C:\Users\singh\Desktop\a2 i&v\edited code files\data\raw\BSL_Dataset\2_HAND_DATASET\K\2110.png,K,two_hand,"wrong_hand_count (detected 1, expected 2)"
C:\Users\singh\Desktop\a2 i&v\edited code files\data\raw\BSL_Dataset\2_HAND_DATASET\K\2125.png,K,two_hand,"wrong_hand_count (detected 1, expected 2)"
C:\Users\singh\Desktop\a2 i&v\edited code files\data\raw\BSL_Dataset\2_HAND_DATASET\K\2145.png,K,two_hand,"wrong_hand_count (detected 1, expected 2)"
C:\Users\singh\Desktop\a2 i&v\edited code files\data\raw\BSL_Dataset\2_HAND_DATASET\K\2160.png,K,two_hand,"wrong_hand_count (detected 1, expected 2)"
C:\Users\singh\Desktop\a2 i&v\edited code files\data\raw\BSL_Dataset\2_HAND_DATASET\K\2175.png,K,two_hand,"wrong_hand_count (detected 1, expected 2)"
C:\Users\singh\Desktop\a2 i&v\edited code files\data\raw\BSL_Dataset\2_HAND_DATASET\K\2190.png,K,two_hand,"wrong_hand_count (detected 1, expected 2)"
C:\Users\singh\Desktop\a2 i&v\edited code files\data\raw\BSL_Dataset\2_HAND_DATASET\K\2195.png,K,two_hand,"wrong_hand_count (detected 1, expected 2)"
C:\Users\singh\Desktop\a2 i&v\edited code files\data\raw\BSL_Dataset\2_HAND_DATASET\K\220.png,K,two_hand,"wrong_hand_count (detected 1, expected 2)"
C:\Users\singh\Desktop\a2 i&v\edited code files\data\raw\BSL_Dataset\2_HAND_DATASET\K\2200.png,K,two_hand,"wrong_hand_count (detected 1, expected 2)"
C:\Users\singh\Desktop\a2 i&v\edited code files\data\raw\BSL_Dataset\2_HAND_DATASET\K\2205.png,K,two_hand,"wrong_hand_count (detected 1, expected 2)"
C:\Users\singh\Desktop\a2 i&v\edited code files\data\raw\BSL_Dataset\2_HAND_DATASET\K\2210.png,K,two_hand,"wrong_hand_count (detected 1, expected 2)"
C:\Users\singh\Desktop\a2 i&v\edited code files\data\raw\BSL_Dataset\2_HAND_DATASET\K\2220.png,K,two_hand,"wrong_hand_count (detected 1, expected 2)"
C:\Users\singh\Desktop\a2 i&v\edited code files\data\raw\BSL_Dataset\2_HAND_DATASET\K\2250.png,K,two_hand,"wrong_hand_count (detected 1, expected 2)"
C:\Users\singh\Desktop\a2 i&v\edited code files\data\raw\BSL_Dataset\2_HAND_DATASET\K\2280.png,K,two_hand,"wrong_hand_count (detected 1, expected 2)"
C:\Users\singh\Desktop\a2 i&v\edited code files\data\raw\BSL_Dataset\2_HAND_DATASET\K\230.png,K,two_hand,"wrong_hand_count (detected 1, expected 2)"
C:\Users\singh\Desktop\a2 i&v\edited code files\data\raw\BSL_Dataset\2_HAND_DATASET\K\2300.png,K,two_hand,"wrong_hand_count (detected 1, expected 2)"
C:\Users\singh\Desktop\a2 i&v\edited code files\data\raw\BSL_Dataset\2_HAND_DATASET\K\2310.png,K,two_hand,"wrong_hand_count (detected 1, expected 2)"
C:\Users\singh\Desktop\a2 i&v\edited code files\data\raw\BSL_Dataset\2_HAND_DATASET\K\2315.png,K,two_hand,"wrong_hand_count (detected 1, expected 2)"
C:\Users\singh\Desktop\a2 i&v\edited code files\data\raw\BSL_Dataset\2_HAND_DATASET\K\2330.png,K,two_hand,"wrong_hand_count (detected 1, expected 2)"
C:\Users\singh\Desktop\a2 i&v\edited code files\data\raw\BSL_Dataset\2_HAND_DATASET\K\2375.png,K,two_hand,"wrong_hand_count (detected 1, expected 2)"
C:\Users\singh\Desktop\a2 i&v\edited code files\data\raw\BSL_Dataset\2_HAND_DATASET\K\2385.png,K,two_hand,"wrong_hand_count (detected 1, expected 2)"
C:\Users\singh\Desktop\a2 i&v\edited code files\data\raw\BSL_Dataset\2_HAND_DATASET\K\2405.png,K,two_hand,"wrong_hand_count (detected 1, expected 2)"
C:\Users\singh\Desktop\a2 i&v\edited code files\data\raw\BSL_Dataset\2_HAND_DATASET\K\2410.png,K,two_hand,"wrong_hand_count (detected 1, expected 2)"
C:\Users\singh\Desktop\a2 i&v\edited code files\data\raw\BSL_Dataset\2_HAND_DATASET\K\2435.png,K,two_hand,"wrong_hand_count (detected 1, expected 2)"
C:\Users\singh\Desktop\a2 i&v\edited code files\data\raw\BSL_Dataset\2_HAND_DATASET\K\2440.png,K,two_hand,"wrong_hand_count (detected 1, expected 2)"
C:\Users\singh\Desktop\a2 i&v\edited code files\data\raw\BSL_Dataset\2_HAND_DATASET\K\2445.png,K,two_hand,"wrong_hand_count (detected 1, expected 2)"
C:\Users\singh\Desktop\a2 i&v\edited code files\data\raw\BSL_Dataset\2_HAND_DATASET\K\2485.png,K,two_hand,"wrong_hand_count (detected 1, expected 2)"
C:\Users\singh\Desktop\a2 i&v\edited code files\data\raw\BSL_Dataset\2_HAND_DATASET\K\2490.png,K,two_hand,"wrong_hand_count (detected 1, expected 2)"
C:\Users\singh\Desktop\a2 i&v\edited code files\data\raw\BSL_Dataset\2_HAND_DATASET\K\250.png,K,two_hand,"wrong_hand_count (detected 1, expected 2)"
C:\Users\singh\Desktop\a2 i&v\edited code files\data\raw\BSL_Dataset\2_HAND_DATASET\K\2510.png,K,two_hand,"wrong_hand_count (detected 1, expected 2)"
C:\Users\singh\Desktop\a2 i&v\edited code files\data\raw\BSL_Dataset\2_HAND_DATASET\K\2515.png,K,two_hand,"wrong_hand_count (detected 1, expected 2)"
C:\Users\singh\Desktop\a2 i&v\edited code files\data\raw\BSL_Dataset\2_HAND_DATASET\K\2530.png,K,two_hand,"wrong_hand_count (detected 1, expected 2)"
C:\Users\singh\Desktop\a2 i&v\edited code files\data\raw\BSL_Dataset\2_HAND_DATASET\K\2535.png,K,two_hand,"wrong_hand_count (detected 1, expected 2)"
C:\Users\singh\Desktop\a2 i&v\edited code files\data\raw\BSL_Dataset\2_HAND_DATASET\K\2550.png,K,two_hand,"wrong_hand_count (detected 1, expected 2)"
C:\Users\singh\Desktop\a2 i&v\edited code files\data\raw\BSL_Dataset\2_HAND_DATASET\K\2560.png,K,two_hand,"wrong_hand_count (detected 1, expected 2)"
C:\Users\singh\Desktop\a2 i&v\edited code files\data\raw\BSL_Dataset\2_HAND_DATASET\K\2580.png,K,two_hand,"wrong_hand_count (detected 1, expected 2)"
C:\Users\singh\Desktop\a2 i&v\edited code files\data\raw\BSL_Dataset\2_HAND_DATASET\K\2585.png,K,two_hand,"wrong_hand_count (detected 1, expected 2)"
C:\Users\singh\Desktop\a2 i&v\edited code files\data\raw\BSL_Dataset\2_HAND_DATASET\K\260.png,K,two_hand,"wrong_hand_count (detected 1, expected 2)"
C:\Users\singh\Desktop\a2 i&v\edited code files\data\raw\BSL_Dataset\2_HAND_DATASET\K\2620.png,K,two_hand,"wrong_hand_count (detected 1, expected 2)"
C:\Users\singh\Desktop\a2 i&v\edited code files\data\raw\BSL_Dataset\2_HAND_DATASET\K\2625.png,K,two_hand,"wrong_hand_count (detected 1, expected 2)"
C:\Users\singh\Desktop\a2 i&v\edited code files\data\raw\BSL_Dataset\2_HAND_DATASET\K\2630.png,K,two_hand,"wrong_hand_count (detected 1, expected 2)"
C:\Users\singh\Desktop\a2 i&v\edited code files\data\raw\BSL_Dataset\2_HAND_DATASET\K\2645.png,K,two_hand,"wrong_hand_count (detected 1, expected 2)"
C:\Users\singh\Desktop\a2 i&v\edited code files\data\raw\BSL_Dataset\2_HAND_DATASET\K\2655.png,K,two_hand,"wrong_hand_count (detected 1, expected 2)"
C:\Users\singh\Desktop\a2 i&v\edited code files\data\raw\BSL_Dataset\2_HAND_DATASET\K\2675.png,K,two_hand,"wrong_hand_count (detected 1, expected 2)"
C:\Users\singh\Desktop\a2 i&v\edited code files\data\raw\BSL_Dataset\2_HAND_DATASET\K\2685.png,K,two_hand,"wrong_hand_count (detected 1, expected 2)"
C:\Users\singh\Desktop\a2 i&v\edited code files\data\raw\BSL_Dataset\2_HAND_DATASET\K\270.png,K,two_hand,"wrong_hand_count (detected 1, expected 2)"
C:\Users\singh\Desktop\a2 i&v\edited code files\data\raw\BSL_Dataset\2_HAND_DATASET\K\2705.png,K,two_hand,"wrong_hand_count (detected 1, expected 2)"
C:\Users\singh\Desktop\a2 i&v\edited code files\data\raw\BSL_Dataset\2_HAND_DATASET\K\2715.png,K,two_hand,"wrong_hand_count (detected 1, expected 2)"
C:\Users\singh\Desktop\a2 i&v\edited code files\data\raw\BSL_Dataset\2_HAND_DATASET\K\2760.png,K,two_hand,"wrong_hand_count (detected 1, expected 2)"
C:\Users\singh\Desktop\a2 i&v\edited code files\data\raw\BSL_Dataset\2_HAND_DATASET\K\2765.png,K,two_hand,"wrong_hand_count (detected 1, expected 2)"
C:\Users\singh\Desktop\a2 i&v\edited code files\data\raw\BSL_Dataset\2_HAND_DATASET\K\2875.png,K,two_hand,"wrong_hand_count (detected 1, expected 2)"
C:\Users\singh\Desktop\a2 i&v\edited code files\data\raw\BSL_Dataset\2_HAND_DATASET\K\2880.png,K,two_hand,"wrong_hand_count (detected 1, expected 2)"
C:\Users\singh\Desktop\a2 i&v\edited code files\data\raw\BSL_Dataset\2_HAND_DATASET\K\2885.png,K,two_hand,"wrong_hand_count (detected 1, expected 2)"
C:\Users\singh\Desktop\a2 i&v\edited code files\data\raw\BSL_Dataset\2_HAND_DATASET\K\2895.png,K,two_hand,"wrong_hand_count (detected 1, expected 2)"
C:\Users\singh\Desktop\a2 i&v\edited code files\data\raw\BSL_Dataset\2_HAND_DATASET\K\2910.png,K,two_hand,"wrong_hand_count (detected 1, expected 2)"
C:\Users\singh\Desktop\a2 i&v\edited code files\data\raw\BSL_Dataset\2_HAND_DATASET\K\2980.png,K,two_hand,"wrong_hand_count (detected 1, expected 2)"
C:\Users\singh\Desktop\a2 i&v\edited code files\data\raw\BSL_Dataset\2_HAND_DATASET\K\2985.png,K,two_hand,"wrong_hand_count (detected 1, expected 2)"
C:\Users\singh\Desktop\a2 i&v\edited code files\data\raw\BSL_Dataset\2_HAND_DATASET\K\2990.png,K,two_hand,"wrong_hand_count (detected 1, expected 2)"
C:\Users\singh\Desktop\a2 i&v\edited code files\data\raw\BSL_Dataset\2_HAND_DATASET\K\2995.png,K,two_hand,no_hands
C:\Users\singh\Desktop\a2 i&v\edited code files\data\raw\BSL_Dataset\2_HAND_DATASET\K\300.png,K,two_hand,"wrong_hand_count (detected 1, expected 2)"
C:\Users\singh\Desktop\a2 i&v\edited code files\data\raw\BSL_Dataset\2_HAND_DATASET\K\3000.png,K,two_hand,no_hands
C:\Users\singh\Desktop\a2 i&v\edited code files\data\raw\BSL_Dataset\2_HAND_DATASET\K\3005.png,K,two_hand,"wrong_hand_count (detected 1, expected 2)"
C:\Users\singh\Desktop\a2 i&v\edited code files\data\raw\BSL_Dataset\2_HAND_DATASET\K\3010.png,K,two_hand,"wrong_hand_count (detected 1, expected 2)"
C:\Users\singh\Desktop\a2 i&v\edited code files\data\raw\BSL_Dataset\2_HAND_DATASET\K\3020.png,K,two_hand,"wrong_hand_count (detected 1, expected 2)"
C:\Users\singh\Desktop\a2 i&v\edited code files\data\raw\BSL_Dataset\2_HAND_DATASET\K\305.png,K,two_hand,"wrong_hand_count (detected 1, expected 2)"
C:\Users\singh\Desktop\a2 i&v\edited code files\data\raw\BSL_Dataset\2_HAND_DATASET\K\310.png,K,two_hand,"wrong_hand_count (detected 1, expected 2)"
C:\Users\singh\Desktop\a2 i&v\edited code files\data\raw\BSL_Dataset\2_HAND_DATASET\K\3100.png,K,two_hand,"wrong_hand_count (detected 1, expected 2)"
C:\Users\singh\Desktop\a2 i&v\edited code files\data\raw\BSL_Dataset\2_HAND_DATASET\K\3105.png,K,two_hand,"wrong_hand_count (detected 1, expected 2)"
C:\Users\singh\Desktop\a2 i&v\edited code files\data\raw\BSL_Dataset\2_HAND_DATASET\K\3110.png,K,two_hand,"wrong_hand_count (detected 1, expected 2)"
C:\Users\singh\Desktop\a2 i&v\edited code files\data\raw\BSL_Dataset\2_HAND_DATASET\K\3115.png,K,two_hand,"wrong_hand_count (detected 1, expected 2)"
C:\Users\singh\Desktop\a2 i&v\edited code files\data\raw\BSL_Dataset\2_HAND_DATASET\K\3125.png,K,two_hand,"wrong_hand_count (detected 1, expected 2)"
C:\Users\singh\Desktop\a2 i&v\edited code files\data\raw\BSL_Dataset\2_HAND_DATASET\K\3165.png,K,two_hand,"wrong_hand_count (detected 1, expected 2)"
C:\Users\singh\Desktop\a2 i&v\edited code files\data\raw\BSL_Dataset\2_HAND_DATASET\K\320.png,K,two_hand,"wrong_hand_count (detected 1, expected 2)"
C:\Users\singh\Desktop\a2 i&v\edited code files\data\raw\BSL_Dataset\2_HAND_DATASET\K\3225.png,K,two_hand,"wrong_hand_count (detected 1, expected 2)"
C:\Users\singh\Desktop\a2 i&v\edited code files\data\raw\BSL_Dataset\2_HAND_DATASET\K\3230.png,K,two_hand,"wrong_hand_count (detected 1, expected 2)"
C:\Users\singh\Desktop\a2 i&v\edited code files\data\raw\BSL_Dataset\2_HAND_DATASET\K\3235.png,K,two_hand,"wrong_hand_count (detected 1, expected 2)"
C:\Users\singh\Desktop\a2 i&v\edited code files\data\raw\BSL_Dataset\2_HAND_DATASET\K\3240.png,K,two_hand,"wrong_hand_count (detected 1, expected 2)"
C:\Users\singh\Desktop\a2 i&v\edited code files\data\raw\BSL_Dataset\2_HAND_DATASET\K\3255.png,K,two_hand,"wrong_hand_count (detected 1, expected 2)"
C:\Users\singh\Desktop\a2 i&v\edited code files\data\raw\BSL_Dataset\2_HAND_DATASET\K\330.png,K,two_hand,"wrong_hand_count (detected 1, expected 2)"
C:\Users\singh\Desktop\a2 i&v\edited code files\data\raw\BSL_Dataset\2_HAND_DATASET\K\3345.png,K,two_hand,"wrong_hand_count (detected 1, expected 2)"
C:\Users\singh\Desktop\a2 i&v\edited code files\data\raw\BSL_Dataset\2_HAND_DATASET\K\335.png,K,two_hand,"wrong_hand_count (detected 1, expected 2)"
C:\Users\singh\Desktop\a2 i&v\edited code files\data\raw\BSL_Dataset\2_HAND_DATASET\K\3350.png,K,two_hand,"wrong_hand_count (detected 1, expected 2)"
C:\Users\singh\Desktop\a2 i&v\edited code files\data\raw\BSL_Dataset\2_HAND_DATASET\K\3355.png,K,two_hand,"wrong_hand_count (detected 1, expected 2)"
C:\Users\singh\Desktop\a2 i&v\edited code files\data\raw\BSL_Dataset\2_HAND_DATASET\K\3360.png,K,two_hand,"wrong_hand_count (detected 1, expected 2)"
C:\Users\singh\Desktop\a2 i&v\edited code files\data\raw\BSL_Dataset\2_HAND_DATASET\K\3425.png,K,two_hand,"wrong_hand_count (detected 1, expected 2)"
C:\Users\singh\Desktop\a2 i&v\edited code files\data\raw\BSL_Dataset\2_HAND_DATASET\K\3470.png,K,two_hand,"wrong_hand_count (detected 1, expected 2)"
C:\Users\singh\Desktop\a2 i&v\edited code files\data\raw\BSL_Dataset\2_HAND_DATASET\K\3475.png,K,two_hand,"wrong_hand_count (detected 1, expected 2)"
C:\Users\singh\Desktop\a2 i&v\edited code files\data\raw\BSL_Dataset\2_HAND_DATASET\K\3485.png,K,two_hand,"wrong_hand_count (detected 1, expected 2)"
C:\Users\singh\Desktop\a2 i&v\edited code files\data\raw\BSL_Dataset\2_HAND_DATASET\K\3495.png,K,two_hand,"wrong_hand_count (detected 1, expected 2)"
C:\Users\singh\Desktop\a2 i&v\edited code files\data\raw\BSL_Dataset\2_HAND_DATASET\K\3520.png,K,two_hand,"wrong_hand_count (detected 1, expected 2)"
C:\Users\singh\Desktop\a2 i&v\edited code files\data\raw\BSL_Dataset\2_HAND_DATASET\K\3590.png,K,two_hand,"wrong_hand_count (detected 1, expected 2)"
C:\Users\singh\Desktop\a2 i&v\edited code files\data\raw\BSL_Dataset\2_HAND_DATASET\K\360.png,K,two_hand,"wrong_hand_count (detected 1, expected 2)"
C:\Users\singh\Desktop\a2 i&v\edited code files\data\raw\BSL_Dataset\2_HAND_DATASET\K\3625.png,K,two_hand,"wrong_hand_count (detected 1, expected 2)"
C:\Users\singh\Desktop\a2 i&v\edited code files\data\raw\BSL_Dataset\2_HAND_DATASET\K\3640.png,K,two_hand,"wrong_hand_count (detected 1, expected 2)"
C:\Users\singh\Desktop\a2 i&v\edited code files\data\raw\BSL_Dataset\2_HAND_DATASET\K\3720.png,K,two_hand,"wrong_hand_count (detected 1, expected 2)"
C:\Users\singh\Desktop\a2 i&v\edited code files\data\raw\BSL_Dataset\2_HAND_DATASET\K\3725.png,K,two_hand,"wrong_hand_count (detected 1, expected 2)"
C:\Users\singh\Desktop\a2 i&v\edited code files\data\raw\BSL_Dataset\2_HAND_DATASET\K\3835.png,K,two_hand,"wrong_hand_count (detected 1, expected 2)"
C:\Users\singh\Desktop\a2 i&v\edited code files\data\raw\BSL_Dataset\2_HAND_DATASET\K\3875.png,K,two_hand,"wrong_hand_count (detected 1, expected 2)"
C:\Users\singh\Desktop\a2 i&v\edited code files\data\raw\BSL_Dataset\2_HAND_DATASET\K\3970.png,K,two_hand,"wrong_hand_count (detected 1, expected 2)"
C:\Users\singh\Desktop\a2 i&v\edited code files\data\raw\BSL_Dataset\2_HAND_DATASET\K\3975.png,K,two_hand,"wrong_hand_count (detected 1, expected 2)"
C:\Users\singh\Desktop\a2 i&v\edited code files\data\raw\BSL_Dataset\2_HAND_DATASET\K\4005.png,K,two_hand,"wrong_hand_count (detected 1, expected 2)"
C:\Users\singh\Desktop\a2 i&v\edited code files\data\raw\BSL_Dataset\2_HAND_DATASET\K\4010.png,K,two_hand,"wrong_hand_count (detected 1, expected 2)"
C:\Users\singh\Desktop\a2 i&v\edited code files\data\raw\BSL_Dataset\2_HAND_DATASET\K\4015.png,K,two_hand,"wrong_hand_count (detected 1, expected 2)"
C:\Users\singh\Desktop\a2 i&v\edited code files\data\raw\BSL_Dataset\2_HAND_DATASET\K\4075.png,K,two_hand,"wrong_hand_count (detected 1, expected 2)"
C:\Users\singh\Desktop\a2 i&v\edited code files\data\raw\BSL_Dataset\2_HAND_DATASET\K\4085.png,K,two_hand,"wrong_hand_count (detected 1, expected 2)"
C:\Users\singh\Desktop\a2 i&v\edited code files\data\raw\BSL_Dataset\2_HAND_DATASET\K\4090.png,K,two_hand,"wrong_hand_count (detected 1, expected 2)"
C:\Users\singh\Desktop\a2 i&v\edited code files\data\raw\BSL_Dataset\2_HAND_DATASET\K\4095.png,K,two_hand,"wrong_hand_count (detected 1, expected 2)"
C:\Users\singh\Desktop\a2 i&v\edited code files\data\raw\BSL_Dataset\2_HAND_DATASET\K\4105.png,K,two_hand,"wrong_hand_count (detected 1, expected 2)"
C:\Users\singh\Desktop\a2 i&v\edited code files\data\raw\BSL_Dataset\2_HAND_DATASET\K\415.png,K,two_hand,"wrong_hand_count (detected 1, expected 2)"
C:\Users\singh\Desktop\a2 i&v\edited code files\data\raw\BSL_Dataset\2_HAND_DATASET\K\4170.png,K,two_hand,no_hands
C:\Users\singh\Desktop\a2 i&v\edited code files\data\raw\BSL_Dataset\2_HAND_DATASET\K\4175.png,K,two_hand,"wrong_hand_count (detected 1, expected 2)"
C:\Users\singh\Desktop\a2 i&v\edited code files\data\raw\BSL_Dataset\2_HAND_DATASET\K\4180.png,K,two_hand,"wrong_hand_count (detected 1, expected 2)"
C:\Users\singh\Desktop\a2 i&v\edited code files\data\raw\BSL_Dataset\2_HAND_DATASET\K\4200.png,K,two_hand,no_hands
C:\Users\singh\Desktop\a2 i&v\edited code files\data\raw\BSL_Dataset\2_HAND_DATASET\K\4205.png,K,two_hand,"wrong_hand_count (detected 1, expected 2)"
C:\Users\singh\Desktop\a2 i&v\edited code files\data\raw\BSL_Dataset\2_HAND_DATASET\K\4210.png,K,two_hand,"wrong_hand_count (detected 1, expected 2)"
C:\Users\singh\Desktop\a2 i&v\edited code files\data\raw\BSL_Dataset\2_HAND_DATASET\K\4215.png,K,two_hand,"wrong_hand_count (detected 1, expected 2)"
C:\Users\singh\Desktop\a2 i&v\edited code files\data\raw\BSL_Dataset\2_HAND_DATASET\K\4275.png,K,two_hand,"wrong_hand_count (detected 1, expected 2)"
C:\Users\singh\Desktop\a2 i&v\edited code files\data\raw\BSL_Dataset\2_HAND_DATASET\K\4280.png,K,two_hand,"wrong_hand_count (detected 1, expected 2)"
C:\Users\singh\Desktop\a2 i&v\edited code files\data\raw\BSL_Dataset\2_HAND_DATASET\K\4285.png,K,two_hand,"wrong_hand_count (detected 1, expected 2)"
C:\Users\singh\Desktop\a2 i&v\edited code files\data\raw\BSL_Dataset\2_HAND_DATASET\K\4295.png,K,two_hand,"wrong_hand_count (detected 1, expected 2)"
C:\Users\singh\Desktop\a2 i&v\edited code files\data\raw\BSL_Dataset\2_HAND_DATASET\K\4300.png,K,two_hand,"wrong_hand_count (detected 1, expected 2)"
C:\Users\singh\Desktop\a2 i&v\edited code files\data\raw\BSL_Dataset\2_HAND_DATASET\K\4320.png,K,two_hand,"wrong_hand_count (detected 1, expected 2)"
C:\Users\singh\Desktop\a2 i&v\edited code files\data\raw\BSL_Dataset\2_HAND_DATASET\K\4325.png,K,two_hand,"wrong_hand_count (detected 1, expected 2)"
C:\Users\singh\Desktop\a2 i&v\edited code files\data\raw\BSL_Dataset\2_HAND_DATASET\K\4335.png,K,two_hand,"wrong_hand_count (detected 1, expected 2)"
C:\Users\singh\Desktop\a2 i&v\edited code files\data\raw\BSL_Dataset\2_HAND_DATASET\K\435.png,K,two_hand,"wrong_hand_count (detected 1, expected 2)"
C:\Users\singh\Desktop\a2 i&v\edited code files\data\raw\BSL_Dataset\2_HAND_DATASET\K\4370.png,K,two_hand,"wrong_hand_count (detected 1, expected 2)"
C:\Users\singh\Desktop\a2 i&v\edited code files\data\raw\BSL_Dataset\2_HAND_DATASET\K\4385.png,K,two_hand,"wrong_hand_count (detected 1, expected 2)"
C:\Users\singh\Desktop\a2 i&v\edited code files\data\raw\BSL_Dataset\2_HAND_DATASET\K\4395.png,K,two_hand,"wrong_hand_count (detected 1, expected 2)"
C:\Users\singh\Desktop\a2 i&v\edited code files\data\raw\BSL_Dataset\2_HAND_DATASET\K\440.png,K,two_hand,"wrong_hand_count (detected 1, expected 2)"
C:\Users\singh\Desktop\a2 i&v\edited code files\data\raw\BSL_Dataset\2_HAND_DATASET\K\4400.png,K,two_hand,"wrong_hand_count (detected 1, expected 2)"
C:\Users\singh\Desktop\a2 i&v\edited code files\data\raw\BSL_Dataset\2_HAND_DATASET\K\4415.png,K,two_hand,"wrong_hand_count (detected 1, expected 2)"
C:\Users\singh\Desktop\a2 i&v\edited code files\data\raw\BSL_Dataset\2_HAND_DATASET\K\4425.png,K,two_hand,"wrong_hand_count (detected 1, expected 2)"
C:\Users\singh\Desktop\a2 i&v\edited code files\data\raw\BSL_Dataset\2_HAND_DATASET\K\4500.png,K,two_hand,"wrong_hand_count (detected 1, expected 2)"
C:\Users\singh\Desktop\a2 i&v\edited code files\data\raw\BSL_Dataset\2_HAND_DATASET\K\4505.png,K,two_hand,"wrong_hand_count (detected 1, expected 2)"
C:\Users\singh\Desktop\a2 i&v\edited code files\data\raw\BSL_Dataset\2_HAND_DATASET\K\4530.png,K,two_hand,"wrong_hand_count (detected 1, expected 2)"
C:\Users\singh\Desktop\a2 i&v\edited code files\data\raw\BSL_Dataset\2_HAND_DATASET\K\4535.png,K,two_hand,"wrong_hand_count (detected 1, expected 2)"
C:\Users\singh\Desktop\a2 i&v\edited code files\data\raw\BSL_Dataset\2_HAND_DATASET\K\4540.png,K,two_hand,"wrong_hand_count (detected 1, expected 2)"
C:\Users\singh\Desktop\a2 i&v\edited code files\data\raw\BSL_Dataset\2_HAND_DATASET\K\4545.png,K,two_hand,"wrong_hand_count (detected 1, expected 2)"
C:\Users\singh\Desktop\a2 i&v\edited code files\data\raw\BSL_Dataset\2_HAND_DATASET\K\455.png,K,two_hand,"wrong_hand_count (detected 1, expected 2)"
C:\Users\singh\Desktop\a2 i&v\edited code files\data\raw\BSL_Dataset\2_HAND_DATASET\K\4560.png,K,two_hand,"wrong_hand_count (detected 1, expected 2)"
C:\Users\singh\Desktop\a2 i&v\edited code files\data\raw\BSL_Dataset\2_HAND_DATASET\K\4585.png,K,two_hand,"wrong_hand_count (detected 1, expected 2)"
C:\Users\singh\Desktop\a2 i&v\edited code files\data\raw\BSL_Dataset\2_HAND_DATASET\K\460.png,K,two_hand,"wrong_hand_count (detected 1, expected 2)"
C:\Users\singh\Desktop\a2 i&v\edited code files\data\raw\BSL_Dataset\2_HAND_DATASET\K\4600.png,K,two_hand,"wrong_hand_count (detected 1, expected 2)"
C:\Users\singh\Desktop\a2 i&v\edited code files\data\raw\BSL_Dataset\2_HAND_DATASET\K\4605.png,K,two_hand,"wrong_hand_count (detected 1, expected 2)"
C:\Users\singh\Desktop\a2 i&v\edited code files\data\raw\BSL_Dataset\2_HAND_DATASET\K\4625.png,K,two_hand,"wrong_hand_count (detected 1, expected 2)"
C:\Users\singh\Desktop\a2 i&v\edited code files\data\raw\BSL_Dataset\2_HAND_DATASET\K\4635.png,K,two_hand,"wrong_hand_count (detected 1, expected 2)"
C:\Users\singh\Desktop\a2 i&v\edited code files\data\raw\BSL_Dataset\2_HAND_DATASET\K\4640.png,K,two_hand,"wrong_hand_count (detected 1, expected 2)"
C:\Users\singh\Desktop\a2 i&v\edited code files\data\raw\BSL_Dataset\2_HAND_DATASET\K\4655.png,K,two_hand,"wrong_hand_count (detected 1, expected 2)"
C:\Users\singh\Desktop\a2 i&v\edited code files\data\raw\BSL_Dataset\2_HAND_DATASET\K\4705.png,K,two_hand,"wrong_hand_count (detected 1, expected 2)"
C:\Users\singh\Desktop\a2 i&v\edited code files\data\raw\BSL_Dataset\2_HAND_DATASET\K\4730.png,K,two_hand,"wrong_hand_count (detected 1, expected 2)"
C:\Users\singh\Desktop\a2 i&v\edited code files\data\raw\BSL_Dataset\2_HAND_DATASET\K\4800.png,K,two_hand,"wrong_hand_count (detected 1, expected 2)"
C:\Users\singh\Desktop\a2 i&v\edited code files\data\raw\BSL_Dataset\2_HAND_DATASET\K\4805.png,K,two_hand,"wrong_hand_count (detected 1, expected 2)"
C:\Users\singh\Desktop\a2 i&v\edited code files\data\raw\BSL_Dataset\2_HAND_DATASET\K\4825.png,K,two_hand,"wrong_hand_count (detected 1, expected 2)"
C:\Users\singh\Desktop\a2 i&v\edited code files\data\raw\BSL_Dataset\2_HAND_DATASET\K\4830.png,K,two_hand,"wrong_hand_count (detected 1, expected 2)"
C:\Users\singh\Desktop\a2 i&v\edited code files\data\raw\BSL_Dataset\2_HAND_DATASET\K\4835.png,K,two_hand,"wrong_hand_count (detected 1, expected 2)"
C:\Users\singh\Desktop\a2 i&v\edited code files\data\raw\BSL_Dataset\2_HAND_DATASET\K\4890.png,K,two_hand,"wrong_hand_count (detected 1, expected 2)"
C:\Users\singh\Desktop\a2 i&v\edited code files\data\raw\BSL_Dataset\2_HAND_DATASET\K\4895.png,K,two_hand,"wrong_hand_count (detected 1, expected 2)"
C:\Users\singh\Desktop\a2 i&v\edited code files\data\raw\BSL_Dataset\2_HAND_DATASET\K\4915.png,K,two_hand,"wrong_hand_count (detected 1, expected 2)"
C:\Users\singh\Desktop\a2 i&v\edited code files\data\raw\BSL_Dataset\2_HAND_DATASET\K\4920.png,K,two_hand,"wrong_hand_count (detected 1, expected 2)"
C:\Users\singh\Desktop\a2 i&v\edited code files\data\raw\BSL_Dataset\2_HAND_DATASET\K\4930.png,K,two_hand,"wrong_hand_count (detected 1, expected 2)"
C:\Users\singh\Desktop\a2 i&v\edited code files\data\raw\BSL_Dataset\2_HAND_DATASET\K\4945.png,K,two_hand,"wrong_hand_count (detected 1, expected 2)"
C:\Users\singh\Desktop\a2 i&v\edited code files\data\raw\BSL_Dataset\2_HAND_DATASET\K\4975.png,K,two_hand,"wrong_hand_count (detected 1, expected 2)"
C:\Users\singh\Desktop\a2 i&v\edited code files\data\raw\BSL_Dataset\2_HAND_DATASET\K\4995.png,K,two_hand,"wrong_hand_count (detected 1, expected 2)"
C:\Users\singh\Desktop\a2 i&v\edited code files\data\raw\BSL_Dataset\2_HAND_DATASET\K\50.png,K,two_hand,"wrong_hand_count (detected 1, expected 2)"
C:\Users\singh\Desktop\a2 i&v\edited code files\data\raw\BSL_Dataset\2_HAND_DATASET\K\5000.png,K,two_hand,"wrong_hand_count (detected 1, expected 2)"
C:\Users\singh\Desktop\a2 i&v\edited code files\data\raw\BSL_Dataset\2_HAND_DATASET\K\515.png,K,two_hand,"wrong_hand_count (detected 1, expected 2)"
C:\Users\singh\Desktop\a2 i&v\edited code files\data\raw\BSL_Dataset\2_HAND_DATASET\K\605.png,K,two_hand,"wrong_hand_count (detected 1, expected 2)"
C:\Users\singh\Desktop\a2 i&v\edited code files\data\raw\BSL_Dataset\2_HAND_DATASET\K\625.png,K,two_hand,"wrong_hand_count (detected 1, expected 2)"
C:\Users\singh\Desktop\a2 i&v\edited code files\data\raw\BSL_Dataset\2_HAND_DATASET\K\635.png,K,two_hand,"wrong_hand_count (detected 1, expected 2)"
C:\Users\singh\Desktop\a2 i&v\edited code files\data\raw\BSL_Dataset\2_HAND_DATASET\K\655.png,K,two_hand,"wrong_hand_count (detected 1, expected 2)"
C:\Users\singh\Desktop\a2 i&v\edited code files\data\raw\BSL_Dataset\2_HAND_DATASET\K\90.png,K,two_hand,"wrong_hand_count (detected 1, expected 2)"
C:\Users\singh\Desktop\a2 i&v\edited code files\data\raw\BSL_Dataset\2_HAND_DATASET\K\960.png,K,two_hand,"wrong_hand_count (detected 1, expected 2)"
C:\Users\singh\Desktop\a2 i&v\edited code files\data\raw\BSL_Dataset\2_HAND_DATASET\L\1030.png,L,two_hand,"wrong_hand_count (detected 1, expected 2)"
C:\Users\singh\Desktop\a2 i&v\edited code files\data\raw\BSL_Dataset\2_HAND_DATASET\L\1035.png,L,two_hand,"wrong_hand_count (detected 1, expected 2)"
C:\Users\singh\Desktop\a2 i&v\edited code files\data\raw\BSL_Dataset\2_HAND_DATASET\L\1065.png,L,two_hand,"wrong_hand_count (detected 1, expected 2)"
C:\Users\singh\Desktop\a2 i&v\edited code files\data\raw\BSL_Dataset\2_HAND_DATASET\L\1110.png,L,two_hand,"wrong_hand_count (detected 1, expected 2)"
C:\Users\singh\Desktop\a2 i&v\edited code files\data\raw\BSL_Dataset\2_HAND_DATASET\L\1120.png,L,two_hand,"wrong_hand_count (detected 1, expected 2)"
C:\Users\singh\Desktop\a2 i&v\edited code files\data\raw\BSL_Dataset\2_HAND_DATASET\L\1125.png,L,two_hand,"wrong_hand_count (detected 1, expected 2)"
C:\Users\singh\Desktop\a2 i&v\edited code files\data\raw\BSL_Dataset\2_HAND_DATASET\L\115.png,L,two_hand,"wrong_hand_count (detected 1, expected 2)"
C:\Users\singh\Desktop\a2 i&v\edited code files\data\raw\BSL_Dataset\2_HAND_DATASET\L\1205.png,L,two_hand,"wrong_hand_count (detected 1, expected 2)"
C:\Users\singh\Desktop\a2 i&v\edited code files\data\raw\BSL_Dataset\2_HAND_DATASET\L\1230.png,L,two_hand,"wrong_hand_count (detected 1, expected 2)"
C:\Users\singh\Desktop\a2 i&v\edited code files\data\raw\BSL_Dataset\2_HAND_DATASET\L\1360.png,L,two_hand,"wrong_hand_count (detected 1, expected 2)"
C:\Users\singh\Desktop\a2 i&v\edited code files\data\raw\BSL_Dataset\2_HAND_DATASET\L\1370.png,L,two_hand,"wrong_hand_count (detected 1, expected 2)"
C:\Users\singh\Desktop\a2 i&v\edited code files\data\raw\BSL_Dataset\2_HAND_DATASET\L\1375.png,L,two_hand,"wrong_hand_count (detected 1, expected 2)"
C:\Users\singh\Desktop\a2 i&v\edited code files\data\raw\BSL_Dataset\2_HAND_DATASET\L\1385.png,L,two_hand,"wrong_hand_count (detected 1, expected 2)"
C:\Users\singh\Desktop\a2 i&v\edited code files\data\raw\BSL_Dataset\2_HAND_DATASET\L\1390.png,L,two_hand,no_hands
C:\Users\singh\Desktop\a2 i&v\edited code files\data\raw\BSL_Dataset\2_HAND_DATASET\L\1415.png,L,two_hand,"wrong_hand_count (detected 1, expected 2)"
C:\Users\singh\Desktop\a2 i&v\edited code files\data\raw\BSL_Dataset\2_HAND_DATASET\L\1420.png,L,two_hand,"wrong_hand_count (detected 1, expected 2)"
C:\Users\singh\Desktop\a2 i&v\edited code files\data\raw\BSL_Dataset\2_HAND_DATASET\L\1425.png,L,two_hand,no_hands
C:\Users\singh\Desktop\a2 i&v\edited code files\data\raw\BSL_Dataset\2_HAND_DATASET\L\1435.png,L,two_hand,"wrong_hand_count (detected 1, expected 2)"
C:\Users\singh\Desktop\a2 i&v\edited code files\data\raw\BSL_Dataset\2_HAND_DATASET\L\1445.png,L,two_hand,"wrong_hand_count (detected 1, expected 2)"
C:\Users\singh\Desktop\a2 i&v\edited code files\data\raw\BSL_Dataset\2_HAND_DATASET\L\145.png,L,two_hand,"wrong_hand_count (detected 1, expected 2)"
C:\Users\singh\Desktop\a2 i&v\edited code files\data\raw\BSL_Dataset\2_HAND_DATASET\L\1475.png,L,two_hand,"wrong_hand_count (detected 1, expected 2)"
C:\Users\singh\Desktop\a2 i&v\edited code files\data\raw\BSL_Dataset\2_HAND_DATASET\L\1500.png,L,two_hand,no_hands
C:\Users\singh\Desktop\a2 i&v\edited code files\data\raw\BSL_Dataset\2_HAND_DATASET\L\1505.png,L,two_hand,"wrong_hand_count (detected 1, expected 2)"
C:\Users\singh\Desktop\a2 i&v\edited code files\data\raw\BSL_Dataset\2_HAND_DATASET\L\1515.png,L,two_hand,"wrong_hand_count (detected 1, expected 2)"
C:\Users\singh\Desktop\a2 i&v\edited code files\data\raw\BSL_Dataset\2_HAND_DATASET\L\1520.png,L,two_hand,"wrong_hand_count (detected 1, expected 2)"
C:\Users\singh\Desktop\a2 i&v\edited code files\data\raw\BSL_Dataset\2_HAND_DATASET\L\1530.png,L,two_hand,"wrong_hand_count (detected 1, expected 2)"
C:\Users\singh\Desktop\a2 i&v\edited code files\data\raw\BSL_Dataset\2_HAND_DATASET\L\1550.png,L,two_hand,"wrong_hand_count (detected 1, expected 2)"
C:\Users\singh\Desktop\a2 i&v\edited code files\data\raw\BSL_Dataset\2_HAND_DATASET\L\1575.png,L,two_hand,"wrong_hand_count (detected 1, expected 2)"
C:\Users\singh\Desktop\a2 i&v\edited code files\data\raw\BSL_Dataset\2_HAND_DATASET\L\1590.png,L,two_hand,"wrong_hand_count (detected 1, expected 2)"
C:\Users\singh\Desktop\a2 i&v\edited code files\data\raw\BSL_Dataset\2_HAND_DATASET\L\1600.png,L,two_hand,"wrong_hand_count (detected 1, expected 2)"
C:\Users\singh\Desktop\a2 i&v\edited code files\data\raw\BSL_Dataset\2_HAND_DATASET\L\1610.png,L,two_hand,no_hands
C:\Users\singh\Desktop\a2 i&v\edited code files\data\raw\BSL_Dataset\2_HAND_DATASET\L\1640.png,L,two_hand,"wrong_hand_count (detected 1, expected 2)"
C:\Users\singh\Desktop\a2 i&v\edited code files\data\raw\BSL_Dataset\2_HAND_DATASET\L\1680.png,L,two_hand,"wrong_hand_count (detected 1, expected 2)"
C:\Users\singh\Desktop\a2 i&v\edited code files\data\raw\BSL_Dataset\2_HAND_DATASET\L\1715.png,L,two_hand,"wrong_hand_count (detected 1, expected 2)"
C:\Users\singh\Desktop\a2 i&v\edited code files\data\raw\BSL_Dataset\2_HAND_DATASET\L\1765.png,L,two_hand,"wrong_hand_count (detected 1, expected 2)"
C:\Users\singh\Desktop\a2 i&v\edited code files\data\raw\BSL_Dataset\2_HAND_DATASET\L\1775.png,L,two_hand,"wrong_hand_count (detected 1, expected 2)"
C:\Users\singh\Desktop\a2 i&v\edited code files\data\raw\BSL_Dataset\2_HAND_DATASET\L\1780.png,L,two_hand,"wrong_hand_count (detected 1, expected 2)"
C:\Users\singh\Desktop\a2 i&v\edited code files\data\raw\BSL_Dataset\2_HAND_DATASET\L\1790.png,L,two_hand,"wrong_hand_count (detected 1, expected 2)"
C:\Users\singh\Desktop\a2 i&v\edited code files\data\raw\BSL_Dataset\2_HAND_DATASET\L\1805.png,L,two_hand,"wrong_hand_count (detected 1, expected 2)"
C:\Users\singh\Desktop\a2 i&v\edited code files\data\raw\BSL_Dataset\2_HAND_DATASET\L\1810.png,L,two_hand,"wrong_hand_count (detected 1, expected 2)"
C:\Users\singh\Desktop\a2 i&v\edited code files\data\raw\BSL_Dataset\2_HAND_DATASET\L\1875.png,L,two_hand,"wrong_hand_count (detected 1, expected 2)"
C:\Users\singh\Desktop\a2 i&v\edited code files\data\raw\BSL_Dataset\2_HAND_DATASET\L\1890.png,L,two_hand,"wrong_hand_count (detected 1, expected 2)"
C:\Users\singh\Desktop\a2 i&v\edited code files\data\raw\BSL_Dataset\2_HAND_DATASET\L\1940.png,L,two_hand,"wrong_hand_count (detected 1, expected 2)"
C:\Users\singh\Desktop\a2 i&v\edited code files\data\raw\BSL_Dataset\2_HAND_DATASET\L\2010.png,L,two_hand,"wrong_hand_count (detected 1, expected 2)"
C:\Users\singh\Desktop\a2 i&v\edited code files\data\raw\BSL_Dataset\2_HAND_DATASET\L\2020.png,L,two_hand,"wrong_hand_count (detected 1, expected 2)"
C:\Users\singh\Desktop\a2 i&v\edited code files\data\raw\BSL_Dataset\2_HAND_DATASET\L\2025.png,L,two_hand,"wrong_hand_count (detected 1, expected 2)"
C:\Users\singh\Desktop\a2 i&v\edited code files\data\raw\BSL_Dataset\2_HAND_DATASET\L\2030.png,L,two_hand,"wrong_hand_count (detected 1, expected 2)"
C:\Users\singh\Desktop\a2 i&v\edited code files\data\raw\BSL_Dataset\2_HAND_DATASET\L\2035.png,L,two_hand,"wrong_hand_count (detected 1, expected 2)"
C:\Users\singh\Desktop\a2 i&v\edited code files\data\raw\BSL_Dataset\2_HAND_DATASET\L\2040.png,L,two_hand,"wrong_hand_count (detected 1, expected 2)"
C:\Users\singh\Desktop\a2 i&v\edited code files\data\raw\BSL_Dataset\2_HAND_DATASET\L\2050.png,L,two_hand,"wrong_hand_count (detected 1, expected 2)"
C:\Users\singh\Desktop\a2 i&v\edited code files\data\raw\BSL_Dataset\2_HAND_DATASET\L\2125.png,L,two_hand,"wrong_hand_count (detected 1, expected 2)"
C:\Users\singh\Desktop\a2 i&v\edited code files\data\raw\BSL_Dataset\2_HAND_DATASET\L\2135.png,L,two_hand,"wrong_hand_count (detected 1, expected 2)"
C:\Users\singh\Desktop\a2 i&v\edited code files\data\raw\BSL_Dataset\2_HAND_DATASET\L\2140.png,L,two_hand,"wrong_hand_count (detected 1, expected 2)"
C:\Users\singh\Desktop\a2 i&v\edited code files\data\raw\BSL_Dataset\2_HAND_DATASET\L\2145.png,L,two_hand,"wrong_hand_count (detected 1, expected 2)"
C:\Users\singh\Desktop\a2 i&v\edited code files\data\raw\BSL_Dataset\2_HAND_DATASET\L\2150.png,L,two_hand,"wrong_hand_count (detected 1, expected 2)"
C:\Users\singh\Desktop\a2 i&v\edited code files\data\raw\BSL_Dataset\2_HAND_DATASET\L\2155.png,L,two_hand,"wrong_hand_count (detected 1, expected 2)"
C:\Users\singh\Desktop\a2 i&v\edited code files\data\raw\BSL_Dataset\2_HAND_DATASET\L\2160.png,L,two_hand,"wrong_hand_count (detected 1, expected 2)"
C:\Users\singh\Desktop\a2 i&v\edited code files\data\raw\BSL_Dataset\2_HAND_DATASET\L\2180.png,L,two_hand,"wrong_hand_count (detected 1, expected 2)"
C:\Users\singh\Desktop\a2 i&v\edited code files\data\raw\BSL_Dataset\2_HAND_DATASET\L\2250.png,L,two_hand,"wrong_hand_count (detected 1, expected 2)"
C:\Users\singh\Desktop\a2 i&v\edited code files\data\raw\BSL_Dataset\2_HAND_DATASET\L\2255.png,L,two_hand,"wrong_hand_count (detected 1, expected 2)"
C:\Users\singh\Desktop\a2 i&v\edited code files\data\raw\BSL_Dataset\2_HAND_DATASET\L\2265.png,L,two_hand,"wrong_hand_count (detected 1, expected 2)"
C:\Users\singh\Desktop\a2 i&v\edited code files\data\raw\BSL_Dataset\2_HAND_DATASET\L\2270.png,L,two_hand,"wrong_hand_count (detected 1, expected 2)"
C:\Users\singh\Desktop\a2 i&v\edited code files\data\raw\BSL_Dataset\2_HAND_DATASET\L\2275.png,L,two_hand,"wrong_hand_count (detected 1, expected 2)"
C:\Users\singh\Desktop\a2 i&v\edited code files\data\raw\BSL_Dataset\2_HAND_DATASET\L\2355.png,L,two_hand,"wrong_hand_count (detected 1, expected 2)"
C:\Users\singh\Desktop\a2 i&v\edited code files\data\raw\BSL_Dataset\2_HAND_DATASET\L\2365.png,L,two_hand,"wrong_hand_count (detected 1, expected 2)"
C:\Users\singh\Desktop\a2 i&v\edited code files\data\raw\BSL_Dataset\2_HAND_DATASET\L\2370.png,L,two_hand,"wrong_hand_count (detected 1, expected 2)"
C:\Users\singh\Desktop\a2 i&v\edited code files\data\raw\BSL_Dataset\2_HAND_DATASET\L\2375.png,L,two_hand,"wrong_hand_count (detected 1, expected 2)"
C:\Users\singh\Desktop\a2 i&v\edited code files\data\raw\BSL_Dataset\2_HAND_DATASET\L\2380.png,L,two_hand,"wrong_hand_count (detected 1, expected 2)"
C:\Users\singh\Desktop\a2 i&v\edited code files\data\raw\BSL_Dataset\2_HAND_DATASET\L\2385.png,L,two_hand,"wrong_hand_count (detected 1, expected 2)"
C:\Users\singh\Desktop\a2 i&v\edited code files\data\raw\BSL_Dataset\2_HAND_DATASET\L\2390.png,L,two_hand,"wrong_hand_count (detected 1, expected 2)"
C:\Users\singh\Desktop\a2 i&v\edited code files\data\raw\BSL_Dataset\2_HAND_DATASET\L\2435.png,L,two_hand,"wrong_hand_count (detected 1, expected 2)"
C:\Users\singh\Desktop\a2 i&v\edited code files\data\raw\BSL_Dataset\2_HAND_DATASET\L\2470.png,L,two_hand,"wrong_hand_count (detected 1, expected 2)"
C:\Users\singh\Desktop\a2 i&v\edited code files\data\raw\BSL_Dataset\2_HAND_DATASET\L\2480.png,L,two_hand,"wrong_hand_count (detected 1, expected 2)"
C:\Users\singh\Desktop\a2 i&v\edited code files\data\raw\BSL_Dataset\2_HAND_DATASET\L\2485.png,L,two_hand,"wrong_hand_count (detected 1, expected 2)"
C:\Users\singh\Desktop\a2 i&v\edited code files\data\raw\BSL_Dataset\2_HAND_DATASET\L\2490.png,L,two_hand,"wrong_hand_count (detected 1, expected 2)"
C:\Users\singh\Desktop\a2 i&v\edited code files\data\raw\BSL_Dataset\2_HAND_DATASET\L\2495.png,L,two_hand,"wrong_hand_count (detected 1, expected 2)"
C:\Users\singh\Desktop\a2 i&v\edited code files\data\raw\BSL_Dataset\2_HAND_DATASET\L\2505.png,L,two_hand,"wrong_hand_count (detected 1, expected 2)"
C:\Users\singh\Desktop\a2 i&v\edited code files\data\raw\BSL_Dataset\2_HAND_DATASET\L\2590.png,L,two_hand,"wrong_hand_count (detected 1, expected 2)"
C:\Users\singh\Desktop\a2 i&v\edited code files\data\raw\BSL_Dataset\2_HAND_DATASET\L\2595.png,L,two_hand,"wrong_hand_count (detected 1, expected 2)"
C:\Users\singh\Desktop\a2 i&v\edited code files\data\raw\BSL_Dataset\2_HAND_DATASET\L\260.png,L,two_hand,"wrong_hand_count (detected 1, expected 2)"
C:\Users\singh\Desktop\a2 i&v\edited code files\data\raw\BSL_Dataset\2_HAND_DATASET\L\2600.png,L,two_hand,"wrong_hand_count (detected 1, expected 2)"
C:\Users\singh\Desktop\a2 i&v\edited code files\data\raw\BSL_Dataset\2_HAND_DATASET\L\2605.png,L,two_hand,"wrong_hand_count (detected 1, expected 2)"
C:\Users\singh\Desktop\a2 i&v\edited code files\data\raw\BSL_Dataset\2_HAND_DATASET\L\2610.png,L,two_hand,"wrong_hand_count (detected 1, expected 2)"
C:\Users\singh\Desktop\a2 i&v\edited code files\data\raw\BSL_Dataset\2_HAND_DATASET\L\2615.png,L,two_hand,"wrong_hand_count (detected 1, expected 2)"
C:\Users\singh\Desktop\a2 i&v\edited code files\data\raw\BSL_Dataset\2_HAND_DATASET\L\2620.png,L,two_hand,"wrong_hand_count (detected 1, expected 2)"
C:\Users\singh\Desktop\a2 i&v\edited code files\data\raw\BSL_Dataset\2_HAND_DATASET\L\2630.png,L,two_hand,"wrong_hand_count (detected 1, expected 2)"
C:\Users\singh\Desktop\a2 i&v\edited code files\data\raw\BSL_Dataset\2_HAND_DATASET\L\2695.png,L,two_hand,"wrong_hand_count (detected 1, expected 2)"
C:\Users\singh\Desktop\a2 i&v\edited code files\data\raw\BSL_Dataset\2_HAND_DATASET\L\2700.png,L,two_hand,"wrong_hand_count (detected 1, expected 2)"
C:\Users\singh\Desktop\a2 i&v\edited code files\data\raw\BSL_Dataset\2_HAND_DATASET\L\2705.png,L,two_hand,"wrong_hand_count (detected 1, expected 2)"
C:\Users\singh\Desktop\a2 i&v\edited code files\data\raw\BSL_Dataset\2_HAND_DATASET\L\2710.png,L,two_hand,"wrong_hand_count (detected 1, expected 2)"
C:\Users\singh\Desktop\a2 i&v\edited code files\data\raw\BSL_Dataset\2_HAND_DATASET\L\2715.png,L,two_hand,no_hands
C:\Users\singh\Desktop\a2 i&v\edited code files\data\raw\BSL_Dataset\2_HAND_DATASET\L\2720.png,L,two_hand,no_hands
C:\Users\singh\Desktop\a2 i&v\edited code files\data\raw\BSL_Dataset\2_HAND_DATASET\L\2725.png,L,two_hand,"wrong_hand_count (detected 1, expected 2)"
C:\Users\singh\Desktop\a2 i&v\edited code files\data\raw\BSL_Dataset\2_HAND_DATASET\L\2735.png,L,two_hand,"wrong_hand_count (detected 1, expected 2)"
C:\Users\singh\Desktop\a2 i&v\edited code files\data\raw\BSL_Dataset\2_HAND_DATASET\L\2740.png,L,two_hand,"wrong_hand_count (detected 1, expected 2)"
C:\Users\singh\Desktop\a2 i&v\edited code files\data\raw\BSL_Dataset\2_HAND_DATASET\L\2745.png,L,two_hand,"wrong_hand_count (detected 1, expected 2)"
C:\Users\singh\Desktop\a2 i&v\edited code files\data\raw\BSL_Dataset\2_HAND_DATASET\L\2795.png,L,two_hand,"wrong_hand_count (detected 1, expected 2)"
C:\Users\singh\Desktop\a2 i&v\edited code files\data\raw\BSL_Dataset\2_HAND_DATASET\L\2810.png,L,two_hand,"wrong_hand_count (detected 1, expected 2)"
C:\Users\singh\Desktop\a2 i&v\edited code files\data\raw\BSL_Dataset\2_HAND_DATASET\L\2815.png,L,two_hand,"wrong_hand_count (detected 1, expected 2)"
C:\Users\singh\Desktop\a2 i&v\edited code files\data\raw\BSL_Dataset\2_HAND_DATASET\L\2825.png,L,two_hand,"wrong_hand_count (detected 1, expected 2)"
C:\Users\singh\Desktop\a2 i&v\edited code files\data\raw\BSL_Dataset\2_HAND_DATASET\L\2835.png,L,two_hand,"wrong_hand_count (detected 1, expected 2)"
C:\Users\singh\Desktop\a2 i&v\edited code files\data\raw\BSL_Dataset\2_HAND_DATASET\L\2860.png,L,two_hand,"wrong_hand_count (detected 1, expected 2)"
C:\Users\singh\Desktop\a2 i&v\edited code files\data\raw\BSL_Dataset\2_HAND_DATASET\L\2865.png,L,two_hand,"wrong_hand_count (detected 1, expected 2)"
C:\Users\singh\Desktop\a2 i&v\edited code files\data\raw\BSL_Dataset\2_HAND_DATASET\L\2945.png,L,two_hand,"wrong_hand_count (detected 1, expected 2)"
C:\Users\singh\Desktop\a2 i&v\edited code files\data\raw\BSL_Dataset\2_HAND_DATASET\L\2950.png,L,two_hand,"wrong_hand_count (detected 1, expected 2)"
C:\Users\singh\Desktop\a2 i&v\edited code files\data\raw\BSL_Dataset\2_HAND_DATASET\L\2955.png,L,two_hand,"wrong_hand_count (detected 1, expected 2)"
C:\Users\singh\Desktop\a2 i&v\edited code files\data\raw\BSL_Dataset\2_HAND_DATASET\L\2965.png,L,two_hand,"wrong_hand_count (detected 1, expected 2)"
C:\Users\singh\Desktop\a2 i&v\edited code files\data\raw\BSL_Dataset\2_HAND_DATASET\L\2970.png,L,two_hand,"wrong_hand_count (detected 1, expected 2)"
C:\Users\singh\Desktop\a2 i&v\edited code files\data\raw\BSL_Dataset\2_HAND_DATASET\L\2980.png,L,two_hand,"wrong_hand_count (detected 1, expected 2)"
C:\Users\singh\Desktop\a2 i&v\edited code files\data\raw\BSL_Dataset\2_HAND_DATASET\L\3055.png,L,two_hand,"wrong_hand_count (detected 1, expected 2)"
C:\Users\singh\Desktop\a2 i&v\edited code files\data\raw\BSL_Dataset\2_HAND_DATASET\L\3065.png,L,two_hand,"wrong_hand_count (detected 1, expected 2)"
C:\Users\singh\Desktop\a2 i&v\edited code files\data\raw\BSL_Dataset\2_HAND_DATASET\L\3070.png,L,two_hand,"wrong_hand_count (detected 1, expected 2)"
C:\Users\singh\Desktop\a2 i&v\edited code files\data\raw\BSL_Dataset\2_HAND_DATASET\L\3075.png,L,two_hand,"wrong_hand_count (detected 1, expected 2)"
C:\Users\singh\Desktop\a2 i&v\edited code files\data\raw\BSL_Dataset\2_HAND_DATASET\L\3155.png,L,two_hand,"wrong_hand_count (detected 1, expected 2)"
C:\Users\singh\Desktop\a2 i&v\edited code files\data\raw\BSL_Dataset\2_HAND_DATASET\L\3170.png,L,two_hand,"wrong_hand_count (detected 1, expected 2)"
C:\Users\singh\Desktop\a2 i&v\edited code files\data\raw\BSL_Dataset\2_HAND_DATASET\L\3175.png,L,two_hand,"wrong_hand_count (detected 1, expected 2)"
C:\Users\singh\Desktop\a2 i&v\edited code files\data\raw\BSL_Dataset\2_HAND_DATASET\L\3180.png,L,two_hand,"wrong_hand_count (detected 1, expected 2)"
C:\Users\singh\Desktop\a2 i&v\edited code files\data\raw\BSL_Dataset\2_HAND_DATASET\L\3185.png,L,two_hand,"wrong_hand_count (detected 1, expected 2)"
C:\Users\singh\Desktop\a2 i&v\edited code files\data\raw\BSL_Dataset\2_HAND_DATASET\L\3190.png,L,two_hand,"wrong_hand_count (detected 1, expected 2)"
C:\Users\singh\Desktop\a2 i&v\edited code files\data\raw\BSL_Dataset\2_HAND_DATASET\L\320.png,L,two_hand,"wrong_hand_count (detected 1, expected 2)"
C:\Users\singh\Desktop\a2 i&v\edited code files\data\raw\BSL_Dataset\2_HAND_DATASET\L\3200.png,L,two_hand,"wrong_hand_count (detected 1, expected 2)"
C:\Users\singh\Desktop\a2 i&v\edited code files\data\raw\BSL_Dataset\2_HAND_DATASET\L\3260.png,L,two_hand,"wrong_hand_count (detected 1, expected 2)"
C:\Users\singh\Desktop\a2 i&v\edited code files\data\raw\BSL_Dataset\2_HAND_DATASET\L\3295.png,L,two_hand,no_hands
C:\Users\singh\Desktop\a2 i&v\edited code files\data\raw\BSL_Dataset\2_HAND_DATASET\L\3300.png,L,two_hand,"wrong_hand_count (detected 1, expected 2)"
C:\Users\singh\Desktop\a2 i&v\edited code files\data\raw\BSL_Dataset\2_HAND_DATASET\L\3305.png,L,two_hand,"wrong_hand_count (detected 1, expected 2)"
C:\Users\singh\Desktop\a2 i&v\edited code files\data\raw\BSL_Dataset\2_HAND_DATASET\L\3310.png,L,two_hand,"wrong_hand_count (detected 1, expected 2)"
C:\Users\singh\Desktop\a2 i&v\edited code files\data\raw\BSL_Dataset\2_HAND_DATASET\L\3315.png,L,two_hand,"wrong_hand_count (detected 1, expected 2)"
C:\Users\singh\Desktop\a2 i&v\edited code files\data\raw\BSL_Dataset\2_HAND_DATASET\L\3320.png,L,two_hand,"wrong_hand_count (detected 1, expected 2)"
C:\Users\singh\Desktop\a2 i&v\edited code files\data\raw\BSL_Dataset\2_HAND_DATASET\L\3325.png,L,two_hand,"wrong_hand_count (detected 1, expected 2)"
C:\Users\singh\Desktop\a2 i&v\edited code files\data\raw\BSL_Dataset\2_HAND_DATASET\L\3395.png,L,two_hand,"wrong_hand_count (detected 1, expected 2)"
C:\Users\singh\Desktop\a2 i&v\edited code files\data\raw\BSL_Dataset\2_HAND_DATASET\L\3400.png,L,two_hand,"wrong_hand_count (detected 1, expected 2)"
C:\Users\singh\Desktop\a2 i&v\edited code files\data\raw\BSL_Dataset\2_HAND_DATASET\L\3405.png,L,two_hand,"wrong_hand_count (detected 1, expected 2)"
C:\Users\singh\Desktop\a2 i&v\edited code files\data\raw\BSL_Dataset\2_HAND_DATASET\L\3410.png,L,two_hand,"wrong_hand_count (detected 1, expected 2)"
C:\Users\singh\Desktop\a2 i&v\edited code files\data\raw\BSL_Dataset\2_HAND_DATASET\L\3415.png,L,two_hand,"wrong_hand_count (detected 1, expected 2)"
C:\Users\singh\Desktop\a2 i&v\edited code files\data\raw\BSL_Dataset\2_HAND_DATASET\L\3420.png,L,two_hand,"wrong_hand_count (detected 1, expected 2)"
C:\Users\singh\Desktop\a2 i&v\edited code files\data\raw\BSL_Dataset\2_HAND_DATASET\L\3430.png,L,two_hand,"wrong_hand_count (detected 1, expected 2)"
C:\Users\singh\Desktop\a2 i&v\edited code files\data\raw\BSL_Dataset\2_HAND_DATASET\L\3505.png,L,two_hand,"wrong_hand_count (detected 1, expected 2)"
C:\Users\singh\Desktop\a2 i&v\edited code files\data\raw\BSL_Dataset\2_HAND_DATASET\L\3510.png,L,two_hand,"wrong_hand_count (detected 1, expected 2)"
C:\Users\singh\Desktop\a2 i&v\edited code files\data\raw\BSL_Dataset\2_HAND_DATASET\L\3515.png,L,two_hand,"wrong_hand_count (detected 1, expected 2)"
C:\Users\singh\Desktop\a2 i&v\edited code files\data\raw\BSL_Dataset\2_HAND_DATASET\L\3520.png,L,two_hand,"wrong_hand_count (detected 1, expected 2)"
C:\Users\singh\Desktop\a2 i&v\edited code files\data\raw\BSL_Dataset\2_HAND_DATASET\L\3525.png,L,two_hand,"wrong_hand_count (detected 1, expected 2)"
C:\Users\singh\Desktop\a2 i&v\edited code files\data\raw\BSL_Dataset\2_HAND_DATASET\L\3530.png,L,two_hand,"wrong_hand_count (detected 1, expected 2)"
C:\Users\singh\Desktop\a2 i&v\edited code files\data\raw\BSL_Dataset\2_HAND_DATASET\L\3535.png,L,two_hand,"wrong_hand_count (detected 1, expected 2)"
C:\Users\singh\Desktop\a2 i&v\edited code files\data\raw\BSL_Dataset\2_HAND_DATASET\L\3650.png,L,two_hand,"wrong_hand_count (detected 1, expected 2)"
C:\Users\singh\Desktop\a2 i&v\edited code files\data\raw\BSL_Dataset\2_HAND_DATASET\L\3675.png,L,two_hand,"wrong_hand_count (detected 1, expected 2)"
C:\Users\singh\Desktop\a2 i&v\edited code files\data\raw\BSL_Dataset\2_HAND_DATASET\L\3720.png,L,two_hand,"wrong_hand_count (detected 1, expected 2)"
C:\Users\singh\Desktop\a2 i&v\edited code files\data\raw\BSL_Dataset\2_HAND_DATASET\L\3740.png,L,two_hand,"wrong_hand_count (detected 1, expected 2)"
C:\Users\singh\Desktop\a2 i&v\edited code files\data\raw\BSL_Dataset\2_HAND_DATASET\L\3745.png,L,two_hand,"wrong_hand_count (detected 1, expected 2)"
C:\Users\singh\Desktop\a2 i&v\edited code files\data\raw\BSL_Dataset\2_HAND_DATASET\L\375.png,L,two_hand,"wrong_hand_count (detected 1, expected 2)"
C:\Users\singh\Desktop\a2 i&v\edited code files\data\raw\BSL_Dataset\2_HAND_DATASET\L\3750.png,L,two_hand,"wrong_hand_count (detected 1, expected 2)"
C:\Users\singh\Desktop\a2 i&v\edited code files\data\raw\BSL_Dataset\2_HAND_DATASET\L\3755.png,L,two_hand,"wrong_hand_count (detected 1, expected 2)"
C:\Users\singh\Desktop\a2 i&v\edited code files\data\raw\BSL_Dataset\2_HAND_DATASET\L\3760.png,L,two_hand,"wrong_hand_count (detected 1, expected 2)"
C:\Users\singh\Desktop\a2 i&v\edited code files\data\raw\BSL_Dataset\2_HAND_DATASET\L\3870.png,L,two_hand,"wrong_hand_count (detected 1, expected 2)"
C:\Users\singh\Desktop\a2 i&v\edited code files\data\raw\BSL_Dataset\2_HAND_DATASET\L\3875.png,L,two_hand,"wrong_hand_count (detected 1, expected 2)"
C:\Users\singh\Desktop\a2 i&v\edited code files\data\raw\BSL_Dataset\2_HAND_DATASET\L\3900.png,L,two_hand,"wrong_hand_count (detected 1, expected 2)"
C:\Users\singh\Desktop\a2 i&v\edited code files\data\raw\BSL_Dataset\2_HAND_DATASET\L\3905.png,L,two_hand,"wrong_hand_count (detected 1, expected 2)"
C:\Users\singh\Desktop\a2 i&v\edited code files\data\raw\BSL_Dataset\2_HAND_DATASET\L\3965.png,L,two_hand,"wrong_hand_count (detected 1, expected 2)"
C:\Users\singh\Desktop\a2 i&v\edited code files\data\raw\BSL_Dataset\2_HAND_DATASET\L\3970.png,L,two_hand,"wrong_hand_count (detected 1, expected 2)"
C:\Users\singh\Desktop\a2 i&v\edited code files\data\raw\BSL_Dataset\2_HAND_DATASET\L\3975.png,L,two_hand,"wrong_hand_count (detected 1, expected 2)"
C:\Users\singh\Desktop\a2 i&v\edited code files\data\raw\BSL_Dataset\2_HAND_DATASET\L\3980.png,L,two_hand,"wrong_hand_count (detected 1, expected 2)"
C:\Users\singh\Desktop\a2 i&v\edited code files\data\raw\BSL_Dataset\2_HAND_DATASET\L\4015.png,L,two_hand,"wrong_hand_count (detected 1, expected 2)"
C:\Users\singh\Desktop\a2 i&v\edited code files\data\raw\BSL_Dataset\2_HAND_DATASET\L\4030.png,L,two_hand,"wrong_hand_count (detected 1, expected 2)"
C:\Users\singh\Desktop\a2 i&v\edited code files\data\raw\BSL_Dataset\2_HAND_DATASET\L\4050.png,L,two_hand,"wrong_hand_count (detected 1, expected 2)"
C:\Users\singh\Desktop\a2 i&v\edited code files\data\raw\BSL_Dataset\2_HAND_DATASET\L\4090.png,L,two_hand,"wrong_hand_count (detected 1, expected 2)"
C:\Users\singh\Desktop\a2 i&v\edited code files\data\raw\BSL_Dataset\2_HAND_DATASET\L\4100.png,L,two_hand,"wrong_hand_count (detected 1, expected 2)"
C:\Users\singh\Desktop\a2 i&v\edited code files\data\raw\BSL_Dataset\2_HAND_DATASET\L\4105.png,L,two_hand,"wrong_hand_count (detected 1, expected 2)"
C:\Users\singh\Desktop\a2 i&v\edited code files\data\raw\BSL_Dataset\2_HAND_DATASET\L\4110.png,L,two_hand,"wrong_hand_count (detected 1, expected 2)"
C:\Users\singh\Desktop\a2 i&v\edited code files\data\raw\BSL_Dataset\2_HAND_DATASET\L\4115.png,L,two_hand,"wrong_hand_count (detected 1, expected 2)"
C:\Users\singh\Desktop\a2 i&v\edited code files\data\raw\BSL_Dataset\2_HAND_DATASET\L\4210.png,L,two_hand,"wrong_hand_count (detected 1, expected 2)"
C:\Users\singh\Desktop\a2 i&v\edited code files\data\raw\BSL_Dataset\2_HAND_DATASET\L\4215.png,L,two_hand,"wrong_hand_count (detected 1, expected 2)"
C:\Users\singh\Desktop\a2 i&v\edited code files\data\raw\BSL_Dataset\2_HAND_DATASET\L\4275.png,L,two_hand,"wrong_hand_count (detected 1, expected 2)"
C:\Users\singh\Desktop\a2 i&v\edited code files\data\raw\BSL_Dataset\2_HAND_DATASET\L\4285.png,L,two_hand,"wrong_hand_count (detected 1, expected 2)"
C:\Users\singh\Desktop\a2 i&v\edited code files\data\raw\BSL_Dataset\2_HAND_DATASET\L\4290.png,L,two_hand,"wrong_hand_count (detected 1, expected 2)"
C:\Users\singh\Desktop\a2 i&v\edited code files\data\raw\BSL_Dataset\2_HAND_DATASET\L\4300.png,L,two_hand,"wrong_hand_count (detected 1, expected 2)"
C:\Users\singh\Desktop\a2 i&v\edited code files\data\raw\BSL_Dataset\2_HAND_DATASET\L\4310.png,L,two_hand,"wrong_hand_count (detected 1, expected 2)"
C:\Users\singh\Desktop\a2 i&v\edited code files\data\raw\BSL_Dataset\2_HAND_DATASET\L\4315.png,L,two_hand,"wrong_hand_count (detected 1, expected 2)"
C:\Users\singh\Desktop\a2 i&v\edited code files\data\raw\BSL_Dataset\2_HAND_DATASET\L\4325.png,L,two_hand,"wrong_hand_count (detected 1, expected 2)"
C:\Users\singh\Desktop\a2 i&v\edited code files\data\raw\BSL_Dataset\2_HAND_DATASET\L\4355.png,L,two_hand,"wrong_hand_count (detected 1, expected 2)"
C:\Users\singh\Desktop\a2 i&v\edited code files\data\raw\BSL_Dataset\2_HAND_DATASET\L\4390.png,L,two_hand,"wrong_hand_count (detected 1, expected 2)"
C:\Users\singh\Desktop\a2 i&v\edited code files\data\raw\BSL_Dataset\2_HAND_DATASET\L\4400.png,L,two_hand,"wrong_hand_count (detected 1, expected 2)"
C:\Users\singh\Desktop\a2 i&v\edited code files\data\raw\BSL_Dataset\2_HAND_DATASET\L\4415.png,L,two_hand,"wrong_hand_count (detected 1, expected 2)"
C:\Users\singh\Desktop\a2 i&v\edited code files\data\raw\BSL_Dataset\2_HAND_DATASET\L\4490.png,L,two_hand,"wrong_hand_count (detected 1, expected 2)"
C:\Users\singh\Desktop\a2 i&v\edited code files\data\raw\BSL_Dataset\2_HAND_DATASET\L\4530.png,L,two_hand,"wrong_hand_count (detected 1, expected 2)"
C:\Users\singh\Desktop\a2 i&v\edited code files\data\raw\BSL_Dataset\2_HAND_DATASET\L\4560.png,L,two_hand,"wrong_hand_count (detected 1, expected 2)"
C:\Users\singh\Desktop\a2 i&v\edited code files\data\raw\BSL_Dataset\2_HAND_DATASET\L\4565.png,L,two_hand,"wrong_hand_count (detected 1, expected 2)"
C:\Users\singh\Desktop\a2 i&v\edited code files\data\raw\BSL_Dataset\2_HAND_DATASET\L\4575.png,L,two_hand,"wrong_hand_count (detected 1, expected 2)"
C:\Users\singh\Desktop\a2 i&v\edited code files\data\raw\BSL_Dataset\2_HAND_DATASET\L\4580.png,L,two_hand,"wrong_hand_count (detected 1, expected 2)"
C:\Users\singh\Desktop\a2 i&v\edited code files\data\raw\BSL_Dataset\2_HAND_DATASET\L\4585.png,L,two_hand,"wrong_hand_count (detected 1, expected 2)"
C:\Users\singh\Desktop\a2 i&v\edited code files\data\raw\BSL_Dataset\2_HAND_DATASET\L\4600.png,L,two_hand,"wrong_hand_count (detected 1, expected 2)"
C:\Users\singh\Desktop\a2 i&v\edited code files\data\raw\BSL_Dataset\2_HAND_DATASET\L\4640.png,L,two_hand,no_hands
C:\Users\singh\Desktop\a2 i&v\edited code files\data\raw\BSL_Dataset\2_HAND_DATASET\L\4645.png,L,two_hand,"wrong_hand_count (detected 1, expected 2)"
C:\Users\singh\Desktop\a2 i&v\edited code files\data\raw\BSL_Dataset\2_HAND_DATASET\L\4650.png,L,two_hand,no_hands
C:\Users\singh\Desktop\a2 i&v\edited code files\data\raw\BSL_Dataset\2_HAND_DATASET\L\4655.png,L,two_hand,"wrong_hand_count (detected 1, expected 2)"
C:\Users\singh\Desktop\a2 i&v\edited code files\data\raw\BSL_Dataset\2_HAND_DATASET\L\4670.png,L,two_hand,"wrong_hand_count (detected 1, expected 2)"
C:\Users\singh\Desktop\a2 i&v\edited code files\data\raw\BSL_Dataset\2_HAND_DATASET\L\4690.png,L,two_hand,"wrong_hand_count (detected 1, expected 2)"
C:\Users\singh\Desktop\a2 i&v\edited code files\data\raw\BSL_Dataset\2_HAND_DATASET\L\4695.png,L,two_hand,"wrong_hand_count (detected 1, expected 2)"
C:\Users\singh\Desktop\a2 i&v\edited code files\data\raw\BSL_Dataset\2_HAND_DATASET\L\4715.png,L,two_hand,"wrong_hand_count (detected 1, expected 2)"
C:\Users\singh\Desktop\a2 i&v\edited code files\data\raw\BSL_Dataset\2_HAND_DATASET\L\4725.png,L,two_hand,"wrong_hand_count (detected 1, expected 2)"
C:\Users\singh\Desktop\a2 i&v\edited code files\data\raw\BSL_Dataset\2_HAND_DATASET\L\4730.png,L,two_hand,"wrong_hand_count (detected 1, expected 2)"
C:\Users\singh\Desktop\a2 i&v\edited code files\data\raw\BSL_Dataset\2_HAND_DATASET\L\4735.png,L,two_hand,no_hands
C:\Users\singh\Desktop\a2 i&v\edited code files\data\raw\BSL_Dataset\2_HAND_DATASET\L\4805.png,L,two_hand,"wrong_hand_count (detected 1, expected 2)"
C:\Users\singh\Desktop\a2 i&v\edited code files\data\raw\BSL_Dataset\2_HAND_DATASET\L\4825.png,L,two_hand,"wrong_hand_count (detected 1, expected 2)"
C:\Users\singh\Desktop\a2 i&v\edited code files\data\raw\BSL_Dataset\2_HAND_DATASET\L\4840.png,L,two_hand,"wrong_hand_count (detected 1, expected 2)"
C:\Users\singh\Desktop\a2 i&v\edited code files\data\raw\BSL_Dataset\2_HAND_DATASET\L\4845.png,L,two_hand,"wrong_hand_count (detected 1, expected 2)"
C:\Users\singh\Desktop\a2 i&v\edited code files\data\raw\BSL_Dataset\2_HAND_DATASET\L\4875.png,L,two_hand,"wrong_hand_count (detected 1, expected 2)"
C:\Users\singh\Desktop\a2 i&v\edited code files\data\raw\BSL_Dataset\2_HAND_DATASET\L\4880.png,L,two_hand,"wrong_hand_count (detected 1, expected 2)"
C:\Users\singh\Desktop\a2 i&v\edited code files\data\raw\BSL_Dataset\2_HAND_DATASET\L\490.png,L,two_hand,"wrong_hand_count (detected 1, expected 2)"
C:\Users\singh\Desktop\a2 i&v\edited code files\data\raw\BSL_Dataset\2_HAND_DATASET\L\4900.png,L,two_hand,no_hands
C:\Users\singh\Desktop\a2 i&v\edited code files\data\raw\BSL_Dataset\2_HAND_DATASET\L\4905.png,L,two_hand,"wrong_hand_count (detected 1, expected 2)"
C:\Users\singh\Desktop\a2 i&v\edited code files\data\raw\BSL_Dataset\2_HAND_DATASET\L\4910.png,L,two_hand,no_hands
C:\Users\singh\Desktop\a2 i&v\edited code files\data\raw\BSL_Dataset\2_HAND_DATASET\L\4915.png,L,two_hand,"wrong_hand_count (detected 1, expected 2)"
C:\Users\singh\Desktop\a2 i&v\edited code files\data\raw\BSL_Dataset\2_HAND_DATASET\L\4920.png,L,two_hand,"wrong_hand_count (detected 1, expected 2)"
C:\Users\singh\Desktop\a2 i&v\edited code files\data\raw\BSL_Dataset\2_HAND_DATASET\L\4925.png,L,two_hand,"wrong_hand_count (detected 1, expected 2)"
C:\Users\singh\Desktop\a2 i&v\edited code files\data\raw\BSL_Dataset\2_HAND_DATASET\L\4930.png,L,two_hand,"wrong_hand_count (detected 1, expected 2)"
C:\Users\singh\Desktop\a2 i&v\edited code files\data\raw\BSL_Dataset\2_HAND_DATASET\L\4935.png,L,two_hand,"wrong_hand_count (detected 1, expected 2)"
C:\Users\singh\Desktop\a2 i&v\edited code files\data\raw\BSL_Dataset\2_HAND_DATASET\L\4955.png,L,two_hand,"wrong_hand_count (detected 1, expected 2)"
C:\Users\singh\Desktop\a2 i&v\edited code files\data\raw\BSL_Dataset\2_HAND_DATASET\L\4965.png,L,two_hand,"wrong_hand_count (detected 1, expected 2)"
C:\Users\singh\Desktop\a2 i&v\edited code files\data\raw\BSL_Dataset\2_HAND_DATASET\L\4975.png,L,two_hand,"wrong_hand_count (detected 1, expected 2)"
C:\Users\singh\Desktop\a2 i&v\edited code files\data\raw\BSL_Dataset\2_HAND_DATASET\L\4985.png,L,two_hand,"wrong_hand_count (detected 1, expected 2)"
C:\Users\singh\Desktop\a2 i&v\edited code files\data\raw\BSL_Dataset\2_HAND_DATASET\L\4990.png,L,two_hand,"wrong_hand_count (detected 1, expected 2)"
C:\Users\singh\Desktop\a2 i&v\edited code files\data\raw\BSL_Dataset\2_HAND_DATASET\L\4995.png,L,two_hand,"wrong_hand_count (detected 1, expected 2)"
C:\Users\singh\Desktop\a2 i&v\edited code files\data\raw\BSL_Dataset\2_HAND_DATASET\L\5000.png,L,two_hand,"wrong_hand_count (detected 1, expected 2)"
C:\Users\singh\Desktop\a2 i&v\edited code files\data\raw\BSL_Dataset\2_HAND_DATASET\L\530.png,L,two_hand,"wrong_hand_count (detected 1, expected 2)"
C:\Users\singh\Desktop\a2 i&v\edited code files\data\raw\BSL_Dataset\2_HAND_DATASET\L\575.png,L,two_hand,"wrong_hand_count (detected 1, expected 2)"
C:\Users\singh\Desktop\a2 i&v\edited code files\data\raw\BSL_Dataset\2_HAND_DATASET\L\640.png,L,two_hand,"wrong_hand_count (detected 1, expected 2)"
C:\Users\singh\Desktop\a2 i&v\edited code files\data\raw\BSL_Dataset\2_HAND_DATASET\L\650.png,L,two_hand,no_hands
C:\Users\singh\Desktop\a2 i&v\edited code files\data\raw\BSL_Dataset\2_HAND_DATASET\L\690.png,L,two_hand,"wrong_hand_count (detected 1, expected 2)"
C:\Users\singh\Desktop\a2 i&v\edited code files\data\raw\BSL_Dataset\2_HAND_DATASET\L\695.png,L,two_hand,"wrong_hand_count (detected 1, expected 2)"
C:\Users\singh\Desktop\a2 i&v\edited code files\data\raw\BSL_Dataset\2_HAND_DATASET\L\730.png,L,two_hand,"wrong_hand_count (detected 1, expected 2)"
C:\Users\singh\Desktop\a2 i&v\edited code files\data\raw\BSL_Dataset\2_HAND_DATASET\L\770.png,L,two_hand,"wrong_hand_count (detected 1, expected 2)"
C:\Users\singh\Desktop\a2 i&v\edited code files\data\raw\BSL_Dataset\2_HAND_DATASET\L\840.png,L,two_hand,"wrong_hand_count (detected 1, expected 2)"
C:\Users\singh\Desktop\a2 i&v\edited code files\data\raw\BSL_Dataset\2_HAND_DATASET\L\860.png,L,two_hand,"wrong_hand_count (detected 1, expected 2)"
C:\Users\singh\Desktop\a2 i&v\edited code files\data\raw\BSL_Dataset\2_HAND_DATASET\L\870.png,L,two_hand,"wrong_hand_count (detected 1, expected 2)"
C:\Users\singh\Desktop\a2 i&v\edited code files\data\raw\BSL_Dataset\2_HAND_DATASET\L\920.png,L,two_hand,"wrong_hand_count (detected 1, expected 2)"
C:\Users\singh\Desktop\a2 i&v\edited code files\data\raw\BSL_Dataset\2_HAND_DATASET\M\10.png,M,two_hand,"wrong_hand_count (detected 1, expected 2)"
C:\Users\singh\Desktop\a2 i&v\edited code files\data\raw\BSL_Dataset\2_HAND_DATASET\M\1000.png,M,two_hand,"wrong_hand_count (detected 1, expected 2)"
C:\Users\singh\Desktop\a2 i&v\edited code files\data\raw\BSL_Dataset\2_HAND_DATASET\M\1020.png,M,two_hand,"wrong_hand_count (detected 1, expected 2)"
C:\Users\singh\Desktop\a2 i&v\edited code files\data\raw\BSL_Dataset\2_HAND_DATASET\M\1040.png,M,two_hand,"wrong_hand_count (detected 1, expected 2)"
C:\Users\singh\Desktop\a2 i&v\edited code files\data\raw\BSL_Dataset\2_HAND_DATASET\M\1045.png,M,two_hand,"wrong_hand_count (detected 1, expected 2)"
C:\Users\singh\Desktop\a2 i&v\edited code files\data\raw\BSL_Dataset\2_HAND_DATASET\M\105.png,M,two_hand,"wrong_hand_count (detected 1, expected 2)"
C:\Users\singh\Desktop\a2 i&v\edited code files\data\raw\BSL_Dataset\2_HAND_DATASET\M\1050.png,M,two_hand,"wrong_hand_count (detected 1, expected 2)"
C:\Users\singh\Desktop\a2 i&v\edited code files\data\raw\BSL_Dataset\2_HAND_DATASET\M\1055.png,M,two_hand,"wrong_hand_count (detected 1, expected 2)"
C:\Users\singh\Desktop\a2 i&v\edited code files\data\raw\BSL_Dataset\2_HAND_DATASET\M\1060.png,M,two_hand,"wrong_hand_count (detected 1, expected 2)"
C:\Users\singh\Desktop\a2 i&v\edited code files\data\raw\BSL_Dataset\2_HAND_DATASET\M\1065.png,M,two_hand,"wrong_hand_count (detected 1, expected 2)"
C:\Users\singh\Desktop\a2 i&v\edited code files\data\raw\BSL_Dataset\2_HAND_DATASET\M\1075.png,M,two_hand,"wrong_hand_count (detected 1, expected 2)"
C:\Users\singh\Desktop\a2 i&v\edited code files\data\raw\BSL_Dataset\2_HAND_DATASET\M\1080.png,M,two_hand,"wrong_hand_count (detected 1, expected 2)"
C:\Users\singh\Desktop\a2 i&v\edited code files\data\raw\BSL_Dataset\2_HAND_DATASET\M\1085.png,M,two_hand,"wrong_hand_count (detected 1, expected 2)"
C:\Users\singh\Desktop\a2 i&v\edited code files\data\raw\BSL_Dataset\2_HAND_DATASET\M\1130.png,M,two_hand,"wrong_hand_count (detected 1, expected 2)"
C:\Users\singh\Desktop\a2 i&v\edited code files\data\raw\BSL_Dataset\2_HAND_DATASET\M\1135.png,M,two_hand,"wrong_hand_count (detected 1, expected 2)"
C:\Users\singh\Desktop\a2 i&v\edited code files\data\raw\BSL_Dataset\2_HAND_DATASET\M\1140.png,M,two_hand,"wrong_hand_count (detected 1, expected 2)"
C:\Users\singh\Desktop\a2 i&v\edited code files\data\raw\BSL_Dataset\2_HAND_DATASET\M\115.png,M,two_hand,"wrong_hand_count (detected 1, expected 2)"
C:\Users\singh\Desktop\a2 i&v\edited code files\data\raw\BSL_Dataset\2_HAND_DATASET\M\1150.png,M,two_hand,"wrong_hand_count (detected 1, expected 2)"
C:\Users\singh\Desktop\a2 i&v\edited code files\data\raw\BSL_Dataset\2_HAND_DATASET\M\1155.png,M,two_hand,"wrong_hand_count (detected 1, expected 2)"
C:\Users\singh\Desktop\a2 i&v\edited code files\data\raw\BSL_Dataset\2_HAND_DATASET\M\1160.png,M,two_hand,"wrong_hand_count (detected 1, expected 2)"
C:\Users\singh\Desktop\a2 i&v\edited code files\data\raw\BSL_Dataset\2_HAND_DATASET\M\1165.png,M,two_hand,"wrong_hand_count (detected 1, expected 2)"
C:\Users\singh\Desktop\a2 i&v\edited code files\data\raw\BSL_Dataset\2_HAND_DATASET\M\1170.png,M,two_hand,"wrong_hand_count (detected 1, expected 2)"
C:\Users\singh\Desktop\a2 i&v\edited code files\data\raw\BSL_Dataset\2_HAND_DATASET\M\1175.png,M,two_hand,"wrong_hand_count (detected 1, expected 2)"
C:\Users\singh\Desktop\a2 i&v\edited code files\data\raw\BSL_Dataset\2_HAND_DATASET\M\1180.png,M,two_hand,"wrong_hand_count (detected 1, expected 2)"
C:\Users\singh\Desktop\a2 i&v\edited code files\data\raw\BSL_Dataset\2_HAND_DATASET\M\1185.png,M,two_hand,"wrong_hand_count (detected 1, expected 2)"
C:\Users\singh\Desktop\a2 i&v\edited code files\data\raw\BSL_Dataset\2_HAND_DATASET\M\1190.png,M,two_hand,"wrong_hand_count (detected 1, expected 2)"
C:\Users\singh\Desktop\a2 i&v\edited code files\data\raw\BSL_Dataset\2_HAND_DATASET\M\120.png,M,two_hand,"wrong_hand_count (detected 1, expected 2)"
C:\Users\singh\Desktop\a2 i&v\edited code files\data\raw\BSL_Dataset\2_HAND_DATASET\M\1205.png,M,two_hand,"wrong_hand_count (detected 1, expected 2)"
C:\Users\singh\Desktop\a2 i&v\edited code files\data\raw\BSL_Dataset\2_HAND_DATASET\M\1215.png,M,two_hand,"wrong_hand_count (detected 1, expected 2)"
C:\Users\singh\Desktop\a2 i&v\edited code files\data\raw\BSL_Dataset\2_HAND_DATASET\M\125.png,M,two_hand,"wrong_hand_count (detected 1, expected 2)"
C:\Users\singh\Desktop\a2 i&v\edited code files\data\raw\BSL_Dataset\2_HAND_DATASET\M\1260.png,M,two_hand,"wrong_hand_count (detected 1, expected 2)"
C:\Users\singh\Desktop\a2 i&v\edited code files\data\raw\BSL_Dataset\2_HAND_DATASET\M\1265.png,M,two_hand,"wrong_hand_count (detected 1, expected 2)"
C:\Users\singh\Desktop\a2 i&v\edited code files\data\raw\BSL_Dataset\2_HAND_DATASET\M\1270.png,M,two_hand,no_hands
C:\Users\singh\Desktop\a2 i&v\edited code files\data\raw\BSL_Dataset\2_HAND_DATASET\M\1275.png,M,two_hand,"wrong_hand_count (detected 1, expected 2)"
C:\Users\singh\Desktop\a2 i&v\edited code files\data\raw\BSL_Dataset\2_HAND_DATASET\M\1280.png,M,two_hand,"wrong_hand_count (detected 1, expected 2)"
C:\Users\singh\Desktop\a2 i&v\edited code files\data\raw\BSL_Dataset\2_HAND_DATASET\M\1285.png,M,two_hand,no_hands
C:\Users\singh\Desktop\a2 i&v\edited code files\data\raw\BSL_Dataset\2_HAND_DATASET\M\1290.png,M,two_hand,"wrong_hand_count (detected 1, expected 2)"
C:\Users\singh\Desktop\a2 i&v\edited code files\data\raw\BSL_Dataset\2_HAND_DATASET\M\130.png,M,two_hand,"wrong_hand_count (detected 1, expected 2)"
C:\Users\singh\Desktop\a2 i&v\edited code files\data\raw\BSL_Dataset\2_HAND_DATASET\M\1300.png,M,two_hand,"wrong_hand_count (detected 1, expected 2)"
C:\Users\singh\Desktop\a2 i&v\edited code files\data\raw\BSL_Dataset\2_HAND_DATASET\M\1305.png,M,two_hand,"wrong_hand_count (detected 1, expected 2)"
C:\Users\singh\Desktop\a2 i&v\edited code files\data\raw\BSL_Dataset\2_HAND_DATASET\M\1310.png,M,two_hand,"wrong_hand_count (detected 1, expected 2)"
C:\Users\singh\Desktop\a2 i&v\edited code files\data\raw\BSL_Dataset\2_HAND_DATASET\M\135.png,M,two_hand,"wrong_hand_count (detected 1, expected 2)"
C:\Users\singh\Desktop\a2 i&v\edited code files\data\raw\BSL_Dataset\2_HAND_DATASET\M\1350.png,M,two_hand,"wrong_hand_count (detected 1, expected 2)"
C:\Users\singh\Desktop\a2 i&v\edited code files\data\raw\BSL_Dataset\2_HAND_DATASET\M\1385.png,M,two_hand,"wrong_hand_count (detected 1, expected 2)"
C:\Users\singh\Desktop\a2 i&v\edited code files\data\raw\BSL_Dataset\2_HAND_DATASET\M\1390.png,M,two_hand,"wrong_hand_count (detected 1, expected 2)"
C:\Users\singh\Desktop\a2 i&v\edited code files\data\raw\BSL_Dataset\2_HAND_DATASET\M\1395.png,M,two_hand,"wrong_hand_count (detected 1, expected 2)"
C:\Users\singh\Desktop\a2 i&v\edited code files\data\raw\BSL_Dataset\2_HAND_DATASET\M\1400.png,M,two_hand,"wrong_hand_count (detected 1, expected 2)"
C:\Users\singh\Desktop\a2 i&v\edited code files\data\raw\BSL_Dataset\2_HAND_DATASET\M\1425.png,M,two_hand,"wrong_hand_count (detected 1, expected 2)"
C:\Users\singh\Desktop\a2 i&v\edited code files\data\raw\BSL_Dataset\2_HAND_DATASET\M\145.png,M,two_hand,"wrong_hand_count (detected 1, expected 2)"
C:\Users\singh\Desktop\a2 i&v\edited code files\data\raw\BSL_Dataset\2_HAND_DATASET\M\1450.png,M,two_hand,"wrong_hand_count (detected 1, expected 2)"
C:\Users\singh\Desktop\a2 i&v\edited code files\data\raw\BSL_Dataset\2_HAND_DATASET\M\1465.png,M,two_hand,"wrong_hand_count (detected 1, expected 2)"
C:\Users\singh\Desktop\a2 i&v\edited code files\data\raw\BSL_Dataset\2_HAND_DATASET\M\1470.png,M,two_hand,no_hands
C:\Users\singh\Desktop\a2 i&v\edited code files\data\raw\BSL_Dataset\2_HAND_DATASET\M\1480.png,M,two_hand,"wrong_hand_count (detected 1, expected 2)"
C:\Users\singh\Desktop\a2 i&v\edited code files\data\raw\BSL_Dataset\2_HAND_DATASET\M\1490.png,M,two_hand,"wrong_hand_count (detected 1, expected 2)"
C:\Users\singh\Desktop\a2 i&v\edited code files\data\raw\BSL_Dataset\2_HAND_DATASET\M\1495.png,M,two_hand,"wrong_hand_count (detected 1, expected 2)"
C:\Users\singh\Desktop\a2 i&v\edited code files\data\raw\BSL_Dataset\2_HAND_DATASET\M\15.png,M,two_hand,"wrong_hand_count (detected 1, expected 2)"
C:\Users\singh\Desktop\a2 i&v\edited code files\data\raw\BSL_Dataset\2_HAND_DATASET\M\150.png,M,two_hand,"wrong_hand_count (detected 1, expected 2)"
C:\Users\singh\Desktop\a2 i&v\edited code files\data\raw\BSL_Dataset\2_HAND_DATASET\M\1500.png,M,two_hand,"wrong_hand_count (detected 1, expected 2)"
C:\Users\singh\Desktop\a2 i&v\edited code files\data\raw\BSL_Dataset\2_HAND_DATASET\M\1505.png,M,two_hand,"wrong_hand_count (detected 1, expected 2)"
C:\Users\singh\Desktop\a2 i&v\edited code files\data\raw\BSL_Dataset\2_HAND_DATASET\M\1510.png,M,two_hand,no_hands
C:\Users\singh\Desktop\a2 i&v\edited code files\data\raw\BSL_Dataset\2_HAND_DATASET\M\1515.png,M,two_hand,"wrong_hand_count (detected 1, expected 2)"
C:\Users\singh\Desktop\a2 i&v\edited code files\data\raw\BSL_Dataset\2_HAND_DATASET\M\1520.png,M,two_hand,no_hands
C:\Users\singh\Desktop\a2 i&v\edited code files\data\raw\BSL_Dataset\2_HAND_DATASET\M\1540.png,M,two_hand,"wrong_hand_count (detected 1, expected 2)"
C:\Users\singh\Desktop\a2 i&v\edited code files\data\raw\BSL_Dataset\2_HAND_DATASET\M\155.png,M,two_hand,"wrong_hand_count (detected 1, expected 2)"
C:\Users\singh\Desktop\a2 i&v\edited code files\data\raw\BSL_Dataset\2_HAND_DATASET\M\1555.png,M,two_hand,"wrong_hand_count (detected 1, expected 2)"
C:\Users\singh\Desktop\a2 i&v\edited code files\data\raw\BSL_Dataset\2_HAND_DATASET\M\1565.png,M,two_hand,"wrong_hand_count (detected 1, expected 2)"
C:\Users\singh\Desktop\a2 i&v\edited code files\data\raw\BSL_Dataset\2_HAND_DATASET\M\1590.png,M,two_hand,"wrong_hand_count (detected 1, expected 2)"
C:\Users\singh\Desktop\a2 i&v\edited code files\data\raw\BSL_Dataset\2_HAND_DATASET\M\1595.png,M,two_hand,"wrong_hand_count (detected 1, expected 2)"
C:\Users\singh\Desktop\a2 i&v\edited code files\data\raw\BSL_Dataset\2_HAND_DATASET\M\160.png,M,two_hand,"wrong_hand_count (detected 1, expected 2)"
C:\Users\singh\Desktop\a2 i&v\edited code files\data\raw\BSL_Dataset\2_HAND_DATASET\M\1610.png,M,two_hand,"wrong_hand_count (detected 1, expected 2)"
C:\Users\singh\Desktop\a2 i&v\edited code files\data\raw\BSL_Dataset\2_HAND_DATASET\M\1615.png,M,two_hand,"wrong_hand_count (detected 1, expected 2)"
C:\Users\singh\Desktop\a2 i&v\edited code files\data\raw\BSL_Dataset\2_HAND_DATASET\M\1620.png,M,two_hand,"wrong_hand_count (detected 1, expected 2)"
C:\Users\singh\Desktop\a2 i&v\edited code files\data\raw\BSL_Dataset\2_HAND_DATASET\M\1625.png,M,two_hand,"wrong_hand_count (detected 1, expected 2)"
C:\Users\singh\Desktop\a2 i&v\edited code files\data\raw\BSL_Dataset\2_HAND_DATASET\M\1630.png,M,two_hand,"wrong_hand_count (detected 1, expected 2)"
C:\Users\singh\Desktop\a2 i&v\edited code files\data\raw\BSL_Dataset\2_HAND_DATASET\M\1635.png,M,two_hand,"wrong_hand_count (detected 1, expected 2)"
C:\Users\singh\Desktop\a2 i&v\edited code files\data\raw\BSL_Dataset\2_HAND_DATASET\M\1640.png,M,two_hand,"wrong_hand_count (detected 1, expected 2)"
C:\Users\singh\Desktop\a2 i&v\edited code files\data\raw\BSL_Dataset\2_HAND_DATASET\M\1645.png,M,two_hand,"wrong_hand_count (detected 1, expected 2)"
C:\Users\singh\Desktop\a2 i&v\edited code files\data\raw\BSL_Dataset\2_HAND_DATASET\M\165.png,M,two_hand,"wrong_hand_count (detected 1, expected 2)"
C:\Users\singh\Desktop\a2 i&v\edited code files\data\raw\BSL_Dataset\2_HAND_DATASET\M\1650.png,M,two_hand,"wrong_hand_count (detected 1, expected 2)"
C:\Users\singh\Desktop\a2 i&v\edited code files\data\raw\BSL_Dataset\2_HAND_DATASET\M\1665.png,M,two_hand,"wrong_hand_count (detected 1, expected 2)"
C:\Users\singh\Desktop\a2 i&v\edited code files\data\raw\BSL_Dataset\2_HAND_DATASET\M\1675.png,M,two_hand,"wrong_hand_count (detected 1, expected 2)"
C:\Users\singh\Desktop\a2 i&v\edited code files\data\raw\BSL_Dataset\2_HAND_DATASET\M\1680.png,M,two_hand,"wrong_hand_count (detected 1, expected 2)"
C:\Users\singh\Desktop\a2 i&v\edited code files\data\raw\BSL_Dataset\2_HAND_DATASET\M\1690.png,M,two_hand,"wrong_hand_count (detected 1, expected 2)"
C:\Users\singh\Desktop\a2 i&v\edited code files\data\raw\BSL_Dataset\2_HAND_DATASET\M\1705.png,M,two_hand,"wrong_hand_count (detected 1, expected 2)"
C:\Users\singh\Desktop\a2 i&v\edited code files\data\raw\BSL_Dataset\2_HAND_DATASET\M\1715.png,M,two_hand,"wrong_hand_count (detected 1, expected 2)"
C:\Users\singh\Desktop\a2 i&v\edited code files\data\raw\BSL_Dataset\2_HAND_DATASET\M\1720.png,M,two_hand,"wrong_hand_count (detected 1, expected 2)"
C:\Users\singh\Desktop\a2 i&v\edited code files\data\raw\BSL_Dataset\2_HAND_DATASET\M\1725.png,M,two_hand,no_hands
C:\Users\singh\Desktop\a2 i&v\edited code files\data\raw\BSL_Dataset\2_HAND_DATASET\M\1730.png,M,two_hand,"wrong_hand_count (detected 1, expected 2)"
C:\Users\singh\Desktop\a2 i&v\edited code files\data\raw\BSL_Dataset\2_HAND_DATASET\M\1740.png,M,two_hand,"wrong_hand_count (detected 1, expected 2)"
C:\Users\singh\Desktop\a2 i&v\edited code files\data\raw\BSL_Dataset\2_HAND_DATASET\M\1745.png,M,two_hand,"wrong_hand_count (detected 1, expected 2)"
C:\Users\singh\Desktop\a2 i&v\edited code files\data\raw\BSL_Dataset\2_HAND_DATASET\M\1750.png,M,two_hand,"wrong_hand_count (detected 1, expected 2)"
C:\Users\singh\Desktop\a2 i&v\edited code files\data\raw\BSL_Dataset\2_HAND_DATASET\M\1755.png,M,two_hand,"wrong_hand_count (detected 1, expected 2)"
C:\Users\singh\Desktop\a2 i&v\edited code files\data\raw\BSL_Dataset\2_HAND_DATASET\M\1765.png,M,two_hand,"wrong_hand_count (detected 1, expected 2)"
C:\Users\singh\Desktop\a2 i&v\edited code files\data\raw\BSL_Dataset\2_HAND_DATASET\M\1785.png,M,two_hand,"wrong_hand_count (detected 1, expected 2)"
C:\Users\singh\Desktop\a2 i&v\edited code files\data\raw\BSL_Dataset\2_HAND_DATASET\M\1790.png,M,two_hand,"wrong_hand_count (detected 1, expected 2)"
C:\Users\singh\Desktop\a2 i&v\edited code files\data\raw\BSL_Dataset\2_HAND_DATASET\M\1795.png,M,two_hand,"wrong_hand_count (detected 1, expected 2)"
C:\Users\singh\Desktop\a2 i&v\edited code files\data\raw\BSL_Dataset\2_HAND_DATASET\M\1805.png,M,two_hand,"wrong_hand_count (detected 1, expected 2)"
C:\Users\singh\Desktop\a2 i&v\edited code files\data\raw\BSL_Dataset\2_HAND_DATASET\M\1830.png,M,two_hand,"wrong_hand_count (detected 1, expected 2)"
C:\Users\singh\Desktop\a2 i&v\edited code files\data\raw\BSL_Dataset\2_HAND_DATASET\M\1835.png,M,two_hand,"wrong_hand_count (detected 1, expected 2)"
C:\Users\singh\Desktop\a2 i&v\edited code files\data\raw\BSL_Dataset\2_HAND_DATASET\M\1840.png,M,two_hand,"wrong_hand_count (detected 1, expected 2)"
C:\Users\singh\Desktop\a2 i&v\edited code files\data\raw\BSL_Dataset\2_HAND_DATASET\M\1845.png,M,two_hand,"wrong_hand_count (detected 1, expected 2)"
C:\Users\singh\Desktop\a2 i&v\edited code files\data\raw\BSL_Dataset\2_HAND_DATASET\M\185.png,M,two_hand,"wrong_hand_count (detected 1, expected 2)"
C:\Users\singh\Desktop\a2 i&v\edited code files\data\raw\BSL_Dataset\2_HAND_DATASET\M\1850.png,M,two_hand,"wrong_hand_count (detected 1, expected 2)"
C:\Users\singh\Desktop\a2 i&v\edited code files\data\raw\BSL_Dataset\2_HAND_DATASET\M\1855.png,M,two_hand,"wrong_hand_count (detected 1, expected 2)"
C:\Users\singh\Desktop\a2 i&v\edited code files\data\raw\BSL_Dataset\2_HAND_DATASET\M\1860.png,M,two_hand,"wrong_hand_count (detected 1, expected 2)"
C:\Users\singh\Desktop\a2 i&v\edited code files\data\raw\BSL_Dataset\2_HAND_DATASET\M\1865.png,M,two_hand,"wrong_hand_count (detected 1, expected 2)"
C:\Users\singh\Desktop\a2 i&v\edited code files\data\raw\BSL_Dataset\2_HAND_DATASET\M\1870.png,M,two_hand,"wrong_hand_count (detected 1, expected 2)"
C:\Users\singh\Desktop\a2 i&v\edited code files\data\raw\BSL_Dataset\2_HAND_DATASET\M\1875.png,M,two_hand,"wrong_hand_count (detected 1, expected 2)"
C:\Users\singh\Desktop\a2 i&v\edited code files\data\raw\BSL_Dataset\2_HAND_DATASET\M\1880.png,M,two_hand,"wrong_hand_count (detected 1, expected 2)"
C:\Users\singh\Desktop\a2 i&v\edited code files\data\raw\BSL_Dataset\2_HAND_DATASET\M\1885.png,M,two_hand,"wrong_hand_count (detected 1, expected 2)"
C:\Users\singh\Desktop\a2 i&v\edited code files\data\raw\BSL_Dataset\2_HAND_DATASET\M\1890.png,M,two_hand,"wrong_hand_count (detected 1, expected 2)"
C:\Users\singh\Desktop\a2 i&v\edited code files\data\raw\BSL_Dataset\2_HAND_DATASET\M\190.png,M,two_hand,"wrong_hand_count (detected 1, expected 2)"
C:\Users\singh\Desktop\a2 i&v\edited code files\data\raw\BSL_Dataset\2_HAND_DATASET\M\1905.png,M,two_hand,"wrong_hand_count (detected 1, expected 2)"
C:\Users\singh\Desktop\a2 i&v\edited code files\data\raw\BSL_Dataset\2_HAND_DATASET\M\1925.png,M,two_hand,"wrong_hand_count (detected 1, expected 2)"
C:\Users\singh\Desktop\a2 i&v\edited code files\data\raw\BSL_Dataset\2_HAND_DATASET\M\1940.png,M,two_hand,"wrong_hand_count (detected 1, expected 2)"
C:\Users\singh\Desktop\a2 i&v\edited code files\data\raw\BSL_Dataset\2_HAND_DATASET\M\1950.png,M,two_hand,"wrong_hand_count (detected 1, expected 2)"
C:\Users\singh\Desktop\a2 i&v\edited code files\data\raw\BSL_Dataset\2_HAND_DATASET\M\1955.png,M,two_hand,"wrong_hand_count (detected 1, expected 2)"
C:\Users\singh\Desktop\a2 i&v\edited code files\data\raw\BSL_Dataset\2_HAND_DATASET\M\1960.png,M,two_hand,"wrong_hand_count (detected 1, expected 2)"
C:\Users\singh\Desktop\a2 i&v\edited code files\data\raw\BSL_Dataset\2_HAND_DATASET\M\1965.png,M,two_hand,"wrong_hand_count (detected 1, expected 2)"
C:\Users\singh\Desktop\a2 i&v\edited code files\data\raw\BSL_Dataset\2_HAND_DATASET\M\1970.png,M,two_hand,no_hands
C:\Users\singh\Desktop\a2 i&v\edited code files\data\raw\BSL_Dataset\2_HAND_DATASET\M\1975.png,M,two_hand,"wrong_hand_count (detected 1, expected 2)"
C:\Users\singh\Desktop\a2 i&v\edited code files\data\raw\BSL_Dataset\2_HAND_DATASET\M\1980.png,M,two_hand,"wrong_hand_count (detected 1, expected 2)"
C:\Users\singh\Desktop\a2 i&v\edited code files\data\raw\BSL_Dataset\2_HAND_DATASET\M\1985.png,M,two_hand,"wrong_hand_count (detected 1, expected 2)"
C:\Users\singh\Desktop\a2 i&v\edited code files\data\raw\BSL_Dataset\2_HAND_DATASET\M\1990.png,M,two_hand,"wrong_hand_count (detected 1, expected 2)"
C:\Users\singh\Desktop\a2 i&v\edited code files\data\raw\BSL_Dataset\2_HAND_DATASET\M\1995.png,M,two_hand,"wrong_hand_count (detected 1, expected 2)"
C:\Users\singh\Desktop\a2 i&v\edited code files\data\raw\BSL_Dataset\2_HAND_DATASET\M\20.png,M,two_hand,"wrong_hand_count (detected 1, expected 2)"
C:\Users\singh\Desktop\a2 i&v\edited code files\data\raw\BSL_Dataset\2_HAND_DATASET\M\200.png,M,two_hand,"wrong_hand_count (detected 1, expected 2)"
C:\Users\singh\Desktop\a2 i&v\edited code files\data\raw\BSL_Dataset\2_HAND_DATASET\M\2000.png,M,two_hand,"wrong_hand_count (detected 1, expected 2)"
C:\Users\singh\Desktop\a2 i&v\edited code files\data\raw\BSL_Dataset\2_HAND_DATASET\M\2005.png,M,two_hand,"wrong_hand_count (detected 1, expected 2)"
C:\Users\singh\Desktop\a2 i&v\edited code files\data\raw\BSL_Dataset\2_HAND_DATASET\M\2020.png,M,two_hand,"wrong_hand_count (detected 1, expected 2)"
C:\Users\singh\Desktop\a2 i&v\edited code files\data\raw\BSL_Dataset\2_HAND_DATASET\M\2030.png,M,two_hand,"wrong_hand_count (detected 1, expected 2)"
C:\Users\singh\Desktop\a2 i&v\edited code files\data\raw\BSL_Dataset\2_HAND_DATASET\M\205.png,M,two_hand,"wrong_hand_count (detected 1, expected 2)"
C:\Users\singh\Desktop\a2 i&v\edited code files\data\raw\BSL_Dataset\2_HAND_DATASET\M\2050.png,M,two_hand,"wrong_hand_count (detected 1, expected 2)"
C:\Users\singh\Desktop\a2 i&v\edited code files\data\raw\BSL_Dataset\2_HAND_DATASET\M\2055.png,M,two_hand,"wrong_hand_count (detected 1, expected 2)"
C:\Users\singh\Desktop\a2 i&v\edited code files\data\raw\BSL_Dataset\2_HAND_DATASET\M\2065.png,M,two_hand,"wrong_hand_count (detected 1, expected 2)"
C:\Users\singh\Desktop\a2 i&v\edited code files\data\raw\BSL_Dataset\2_HAND_DATASET\M\2080.png,M,two_hand,"wrong_hand_count (detected 1, expected 2)"
C:\Users\singh\Desktop\a2 i&v\edited code files\data\raw\BSL_Dataset\2_HAND_DATASET\M\2115.png,M,two_hand,"wrong_hand_count (detected 1, expected 2)"
C:\Users\singh\Desktop\a2 i&v\edited code files\data\raw\BSL_Dataset\2_HAND_DATASET\M\220.png,M,two_hand,"wrong_hand_count (detected 1, expected 2)"
C:\Users\singh\Desktop\a2 i&v\edited code files\data\raw\BSL_Dataset\2_HAND_DATASET\M\2220.png,M,two_hand,"wrong_hand_count (detected 1, expected 2)"
C:\Users\singh\Desktop\a2 i&v\edited code files\data\raw\BSL_Dataset\2_HAND_DATASET\M\2235.png,M,two_hand,"wrong_hand_count (detected 1, expected 2)"
C:\Users\singh\Desktop\a2 i&v\edited code files\data\raw\BSL_Dataset\2_HAND_DATASET\M\225.png,M,two_hand,"wrong_hand_count (detected 1, expected 2)"
C:\Users\singh\Desktop\a2 i&v\edited code files\data\raw\BSL_Dataset\2_HAND_DATASET\M\2265.png,M,two_hand,"wrong_hand_count (detected 1, expected 2)"
C:\Users\singh\Desktop\a2 i&v\edited code files\data\raw\BSL_Dataset\2_HAND_DATASET\M\2270.png,M,two_hand,"wrong_hand_count (detected 1, expected 2)"
C:\Users\singh\Desktop\a2 i&v\edited code files\data\raw\BSL_Dataset\2_HAND_DATASET\M\2325.png,M,two_hand,"wrong_hand_count (detected 1, expected 2)"
C:\Users\singh\Desktop\a2 i&v\edited code files\data\raw\BSL_Dataset\2_HAND_DATASET\M\2375.png,M,two_hand,"wrong_hand_count (detected 1, expected 2)"
C:\Users\singh\Desktop\a2 i&v\edited code files\data\raw\BSL_Dataset\2_HAND_DATASET\M\2380.png,M,two_hand,"wrong_hand_count (detected 1, expected 2)"
C:\Users\singh\Desktop\a2 i&v\edited code files\data\raw\BSL_Dataset\2_HAND_DATASET\M\2385.png,M,two_hand,"wrong_hand_count (detected 1, expected 2)"
C:\Users\singh\Desktop\a2 i&v\edited code files\data\raw\BSL_Dataset\2_HAND_DATASET\M\2420.png,M,two_hand,"wrong_hand_count (detected 1, expected 2)"
C:\Users\singh\Desktop\a2 i&v\edited code files\data\raw\BSL_Dataset\2_HAND_DATASET\M\2430.png,M,two_hand,"wrong_hand_count (detected 1, expected 2)"
C:\Users\singh\Desktop\a2 i&v\edited code files\data\raw\BSL_Dataset\2_HAND_DATASET\M\2445.png,M,two_hand,"wrong_hand_count (detected 1, expected 2)"
C:\Users\singh\Desktop\a2 i&v\edited code files\data\raw\BSL_Dataset\2_HAND_DATASET\M\245.png,M,two_hand,"wrong_hand_count (detected 1, expected 2)"
C:\Users\singh\Desktop\a2 i&v\edited code files\data\raw\BSL_Dataset\2_HAND_DATASET\M\2450.png,M,two_hand,"wrong_hand_count (detected 1, expected 2)"
C:\Users\singh\Desktop\a2 i&v\edited code files\data\raw\BSL_Dataset\2_HAND_DATASET\M\2460.png,M,two_hand,"wrong_hand_count (detected 1, expected 2)"
C:\Users\singh\Desktop\a2 i&v\edited code files\data\raw\BSL_Dataset\2_HAND_DATASET\M\25.png,M,two_hand,"wrong_hand_count (detected 1, expected 2)"
C:\Users\singh\Desktop\a2 i&v\edited code files\data\raw\BSL_Dataset\2_HAND_DATASET\M\250.png,M,two_hand,"wrong_hand_count (detected 1, expected 2)"
C:\Users\singh\Desktop\a2 i&v\edited code files\data\raw\BSL_Dataset\2_HAND_DATASET\M\2515.png,M,two_hand,"wrong_hand_count (detected 1, expected 2)"
C:\Users\singh\Desktop\a2 i&v\edited code files\data\raw\BSL_Dataset\2_HAND_DATASET\M\255.png,M,two_hand,"wrong_hand_count (detected 1, expected 2)"
C:\Users\singh\Desktop\a2 i&v\edited code files\data\raw\BSL_Dataset\2_HAND_DATASET\M\2575.png,M,two_hand,"wrong_hand_count (detected 1, expected 2)"
C:\Users\singh\Desktop\a2 i&v\edited code files\data\raw\BSL_Dataset\2_HAND_DATASET\M\260.png,M,two_hand,"wrong_hand_count (detected 1, expected 2)"
C:\Users\singh\Desktop\a2 i&v\edited code files\data\raw\BSL_Dataset\2_HAND_DATASET\M\2600.png,M,two_hand,"wrong_hand_count (detected 1, expected 2)"
C:\Users\singh\Desktop\a2 i&v\edited code files\data\raw\BSL_Dataset\2_HAND_DATASET\M\2605.png,M,two_hand,"wrong_hand_count (detected 1, expected 2)"
C:\Users\singh\Desktop\a2 i&v\edited code files\data\raw\BSL_Dataset\2_HAND_DATASET\M\2610.png,M,two_hand,"wrong_hand_count (detected 1, expected 2)"
C:\Users\singh\Desktop\a2 i&v\edited code files\data\raw\BSL_Dataset\2_HAND_DATASET\M\2615.png,M,two_hand,"wrong_hand_count (detected 1, expected 2)"
C:\Users\singh\Desktop\a2 i&v\edited code files\data\raw\BSL_Dataset\2_HAND_DATASET\M\2620.png,M,two_hand,"wrong_hand_count (detected 1, expected 2)"
C:\Users\singh\Desktop\a2 i&v\edited code files\data\raw\BSL_Dataset\2_HAND_DATASET\M\2625.png,M,two_hand,"wrong_hand_count (detected 1, expected 2)"
C:\Users\singh\Desktop\a2 i&v\edited code files\data\raw\BSL_Dataset\2_HAND_DATASET\M\2630.png,M,two_hand,"wrong_hand_count (detected 1, expected 2)"
C:\Users\singh\Desktop\a2 i&v\edited code files\data\raw\BSL_Dataset\2_HAND_DATASET\M\2635.png,M,two_hand,"wrong_hand_count (detected 1, expected 2)"
C:\Users\singh\Desktop\a2 i&v\edited code files\data\raw\BSL_Dataset\2_HAND_DATASET\M\265.png,M,two_hand,"wrong_hand_count (detected 1, expected 2)"
C:\Users\singh\Desktop\a2 i&v\edited code files\data\raw\BSL_Dataset\2_HAND_DATASET\M\2675.png,M,two_hand,"wrong_hand_count (detected 1, expected 2)"
C:\Users\singh\Desktop\a2 i&v\edited code files\data\raw\BSL_Dataset\2_HAND_DATASET\M\2680.png,M,two_hand,"wrong_hand_count (detected 1, expected 2)"
C:\Users\singh\Desktop\a2 i&v\edited code files\data\raw\BSL_Dataset\2_HAND_DATASET\M\2685.png,M,two_hand,"wrong_hand_count (detected 1, expected 2)"
C:\Users\singh\Desktop\a2 i&v\edited code files\data\raw\BSL_Dataset\2_HAND_DATASET\M\2695.png,M,two_hand,"wrong_hand_count (detected 1, expected 2)"
C:\Users\singh\Desktop\a2 i&v\edited code files\data\raw\BSL_Dataset\2_HAND_DATASET\M\270.png,M,two_hand,"wrong_hand_count (detected 1, expected 2)"
C:\Users\singh\Desktop\a2 i&v\edited code files\data\raw\BSL_Dataset\2_HAND_DATASET\M\2715.png,M,two_hand,"wrong_hand_count (detected 1, expected 2)"
C:\Users\singh\Desktop\a2 i&v\edited code files\data\raw\BSL_Dataset\2_HAND_DATASET\M\2720.png,M,two_hand,"wrong_hand_count (detected 1, expected 2)"
C:\Users\singh\Desktop\a2 i&v\edited code files\data\raw\BSL_Dataset\2_HAND_DATASET\M\2725.png,M,two_hand,"wrong_hand_count (detected 1, expected 2)"
C:\Users\singh\Desktop\a2 i&v\edited code files\data\raw\BSL_Dataset\2_HAND_DATASET\M\2730.png,M,two_hand,"wrong_hand_count (detected 1, expected 2)"
C:\Users\singh\Desktop\a2 i&v\edited code files\data\raw\BSL_Dataset\2_HAND_DATASET\M\2740.png,M,two_hand,"wrong_hand_count (detected 1, expected 2)"
C:\Users\singh\Desktop\a2 i&v\edited code files\data\raw\BSL_Dataset\2_HAND_DATASET\M\2745.png,M,two_hand,"wrong_hand_count (detected 1, expected 2)"
C:\Users\singh\Desktop\a2 i&v\edited code files\data\raw\BSL_Dataset\2_HAND_DATASET\M\275.png,M,two_hand,"wrong_hand_count (detected 1, expected 2)"
C:\Users\singh\Desktop\a2 i&v\edited code files\data\raw\BSL_Dataset\2_HAND_DATASET\M\2750.png,M,two_hand,"wrong_hand_count (detected 1, expected 2)"
C:\Users\singh\Desktop\a2 i&v\edited code files\data\raw\BSL_Dataset\2_HAND_DATASET\M\2815.png,M,two_hand,"wrong_hand_count (detected 1, expected 2)"
C:\Users\singh\Desktop\a2 i&v\edited code files\data\raw\BSL_Dataset\2_HAND_DATASET\M\2830.png,M,two_hand,"wrong_hand_count (detected 1, expected 2)"
C:\Users\singh\Desktop\a2 i&v\edited code files\data\raw\BSL_Dataset\2_HAND_DATASET\M\2835.png,M,two_hand,"wrong_hand_count (detected 1, expected 2)"
C:\Users\singh\Desktop\a2 i&v\edited code files\data\raw\BSL_Dataset\2_HAND_DATASET\M\2840.png,M,two_hand,"wrong_hand_count (detected 1, expected 2)"
C:\Users\singh\Desktop\a2 i&v\edited code files\data\raw\BSL_Dataset\2_HAND_DATASET\M\2845.png,M,two_hand,"wrong_hand_count (detected 1, expected 2)"
C:\Users\singh\Desktop\a2 i&v\edited code files\data\raw\BSL_Dataset\2_HAND_DATASET\M\2850.png,M,two_hand,"wrong_hand_count (detected 1, expected 2)"
C:\Users\singh\Desktop\a2 i&v\edited code files\data\raw\BSL_Dataset\2_HAND_DATASET\M\2855.png,M,two_hand,"wrong_hand_count (detected 1, expected 2)"
C:\Users\singh\Desktop\a2 i&v\edited code files\data\raw\BSL_Dataset\2_HAND_DATASET\M\2860.png,M,two_hand,"wrong_hand_count (detected 1, expected 2)"
C:\Users\singh\Desktop\a2 i&v\edited code files\data\raw\BSL_Dataset\2_HAND_DATASET\M\2890.png,M,two_hand,"wrong_hand_count (detected 1, expected 2)"
C:\Users\singh\Desktop\a2 i&v\edited code files\data\raw\BSL_Dataset\2_HAND_DATASET\M\2940.png,M,two_hand,"wrong_hand_count (detected 1, expected 2)"
C:\Users\singh\Desktop\a2 i&v\edited code files\data\raw\BSL_Dataset\2_HAND_DATASET\M\2945.png,M,two_hand,"wrong_hand_count (detected 1, expected 2)"
C:\Users\singh\Desktop\a2 i&v\edited code files\data\raw\BSL_Dataset\2_HAND_DATASET\M\2955.png,M,two_hand,"wrong_hand_count (detected 1, expected 2)"
C:\Users\singh\Desktop\a2 i&v\edited code files\data\raw\BSL_Dataset\2_HAND_DATASET\M\2960.png,M,two_hand,"wrong_hand_count (detected 1, expected 2)"
C:\Users\singh\Desktop\a2 i&v\edited code files\data\raw\BSL_Dataset\2_HAND_DATASET\M\2965.png,M,two_hand,"wrong_hand_count (detected 1, expected 2)"
C:\Users\singh\Desktop\a2 i&v\edited code files\data\raw\BSL_Dataset\2_HAND_DATASET\M\30.png,M,two_hand,"wrong_hand_count (detected 1, expected 2)"
C:\Users\singh\Desktop\a2 i&v\edited code files\data\raw\BSL_Dataset\2_HAND_DATASET\M\300.png,M,two_hand,"wrong_hand_count (detected 1, expected 2)"
C:\Users\singh\Desktop\a2 i&v\edited code files\data\raw\BSL_Dataset\2_HAND_DATASET\M\305.png,M,two_hand,"wrong_hand_count (detected 1, expected 2)"
C:\Users\singh\Desktop\a2 i&v\edited code files\data\raw\BSL_Dataset\2_HAND_DATASET\M\3050.png,M,two_hand,"wrong_hand_count (detected 1, expected 2)"
C:\Users\singh\Desktop\a2 i&v\edited code files\data\raw\BSL_Dataset\2_HAND_DATASET\M\3055.png,M,two_hand,"wrong_hand_count (detected 1, expected 2)"
C:\Users\singh\Desktop\a2 i&v\edited code files\data\raw\BSL_Dataset\2_HAND_DATASET\M\3060.png,M,two_hand,"wrong_hand_count (detected 1, expected 2)"
C:\Users\singh\Desktop\a2 i&v\edited code files\data\raw\BSL_Dataset\2_HAND_DATASET\M\3070.png,M,two_hand,"wrong_hand_count (detected 1, expected 2)"
C:\Users\singh\Desktop\a2 i&v\edited code files\data\raw\BSL_Dataset\2_HAND_DATASET\M\3075.png,M,two_hand,"wrong_hand_count (detected 1, expected 2)"
C:\Users\singh\Desktop\a2 i&v\edited code files\data\raw\BSL_Dataset\2_HAND_DATASET\M\310.png,M,two_hand,"wrong_hand_count (detected 1, expected 2)"
C:\Users\singh\Desktop\a2 i&v\edited code files\data\raw\BSL_Dataset\2_HAND_DATASET\M\3120.png,M,two_hand,"wrong_hand_count (detected 1, expected 2)"
C:\Users\singh\Desktop\a2 i&v\edited code files\data\raw\BSL_Dataset\2_HAND_DATASET\M\315.png,M,two_hand,"wrong_hand_count (detected 1, expected 2)"
C:\Users\singh\Desktop\a2 i&v\edited code files\data\raw\BSL_Dataset\2_HAND_DATASET\M\3165.png,M,two_hand,"wrong_hand_count (detected 1, expected 2)"
C:\Users\singh\Desktop\a2 i&v\edited code files\data\raw\BSL_Dataset\2_HAND_DATASET\M\3170.png,M,two_hand,"wrong_hand_count (detected 1, expected 2)"
C:\Users\singh\Desktop\a2 i&v\edited code files\data\raw\BSL_Dataset\2_HAND_DATASET\M\3175.png,M,two_hand,"wrong_hand_count (detected 1, expected 2)"
C:\Users\singh\Desktop\a2 i&v\edited code files\data\raw\BSL_Dataset\2_HAND_DATASET\M\3180.png,M,two_hand,"wrong_hand_count (detected 1, expected 2)"
C:\Users\singh\Desktop\a2 i&v\edited code files\data\raw\BSL_Dataset\2_HAND_DATASET\M\3185.png,M,two_hand,"wrong_hand_count (detected 1, expected 2)"
C:\Users\singh\Desktop\a2 i&v\edited code files\data\raw\BSL_Dataset\2_HAND_DATASET\M\3225.png,M,two_hand,"wrong_hand_count (detected 1, expected 2)"
C:\Users\singh\Desktop\a2 i&v\edited code files\data\raw\BSL_Dataset\2_HAND_DATASET\M\3230.png,M,two_hand,"wrong_hand_count (detected 1, expected 2)"
C:\Users\singh\Desktop\a2 i&v\edited code files\data\raw\BSL_Dataset\2_HAND_DATASET\M\325.png,M,two_hand,"wrong_hand_count (detected 1, expected 2)"
C:\Users\singh\Desktop\a2 i&v\edited code files\data\raw\BSL_Dataset\2_HAND_DATASET\M\3250.png,M,two_hand,"wrong_hand_count (detected 1, expected 2)"
C:\Users\singh\Desktop\a2 i&v\edited code files\data\raw\BSL_Dataset\2_HAND_DATASET\M\3280.png,M,two_hand,"wrong_hand_count (detected 1, expected 2)"
C:\Users\singh\Desktop\a2 i&v\edited code files\data\raw\BSL_Dataset\2_HAND_DATASET\M\3285.png,M,two_hand,"wrong_hand_count (detected 1, expected 2)"
C:\Users\singh\Desktop\a2 i&v\edited code files\data\raw\BSL_Dataset\2_HAND_DATASET\M\330.png,M,two_hand,"wrong_hand_count (detected 1, expected 2)"
C:\Users\singh\Desktop\a2 i&v\edited code files\data\raw\BSL_Dataset\2_HAND_DATASET\M\3300.png,M,two_hand,"wrong_hand_count (detected 1, expected 2)"
C:\Users\singh\Desktop\a2 i&v\edited code files\data\raw\BSL_Dataset\2_HAND_DATASET\M\3305.png,M,two_hand,"wrong_hand_count (detected 1, expected 2)"
C:\Users\singh\Desktop\a2 i&v\edited code files\data\raw\BSL_Dataset\2_HAND_DATASET\M\3340.png,M,two_hand,"wrong_hand_count (detected 1, expected 2)"
C:\Users\singh\Desktop\a2 i&v\edited code files\data\raw\BSL_Dataset\2_HAND_DATASET\M\3355.png,M,two_hand,"wrong_hand_count (detected 1, expected 2)"
C:\Users\singh\Desktop\a2 i&v\edited code files\data\raw\BSL_Dataset\2_HAND_DATASET\M\3395.png,M,two_hand,"wrong_hand_count (detected 1, expected 2)"
C:\Users\singh\Desktop\a2 i&v\edited code files\data\raw\BSL_Dataset\2_HAND_DATASET\M\3400.png,M,two_hand,"wrong_hand_count (detected 1, expected 2)"
C:\Users\singh\Desktop\a2 i&v\edited code files\data\raw\BSL_Dataset\2_HAND_DATASET\M\3405.png,M,two_hand,"wrong_hand_count (detected 1, expected 2)"
C:\Users\singh\Desktop\a2 i&v\edited code files\data\raw\BSL_Dataset\2_HAND_DATASET\M\3415.png,M,two_hand,"wrong_hand_count (detected 1, expected 2)"
C:\Users\singh\Desktop\a2 i&v\edited code files\data\raw\BSL_Dataset\2_HAND_DATASET\M\3420.png,M,two_hand,"wrong_hand_count (detected 1, expected 2)"
C:\Users\singh\Desktop\a2 i&v\edited code files\data\raw\BSL_Dataset\2_HAND_DATASET\M\345.png,M,two_hand,"wrong_hand_count (detected 1, expected 2)"
C:\Users\singh\Desktop\a2 i&v\edited code files\data\raw\BSL_Dataset\2_HAND_DATASET\M\35.png,M,two_hand,"wrong_hand_count (detected 1, expected 2)"
C:\Users\singh\Desktop\a2 i&v\edited code files\data\raw\BSL_Dataset\2_HAND_DATASET\M\350.png,M,two_hand,"wrong_hand_count (detected 1, expected 2)"
C:\Users\singh\Desktop\a2 i&v\edited code files\data\raw\BSL_Dataset\2_HAND_DATASET\M\3500.png,M,two_hand,"wrong_hand_count (detected 1, expected 2)"
C:\Users\singh\Desktop\a2 i&v\edited code files\data\raw\BSL_Dataset\2_HAND_DATASET\M\3505.png,M,two_hand,"wrong_hand_count (detected 1, expected 2)"
C:\Users\singh\Desktop\a2 i&v\edited code files\data\raw\BSL_Dataset\2_HAND_DATASET\M\3510.png,M,two_hand,"wrong_hand_count (detected 1, expected 2)"
C:\Users\singh\Desktop\a2 i&v\edited code files\data\raw\BSL_Dataset\2_HAND_DATASET\M\3515.png,M,two_hand,"wrong_hand_count (detected 1, expected 2)"
C:\Users\singh\Desktop\a2 i&v\edited code files\data\raw\BSL_Dataset\2_HAND_DATASET\M\3520.png,M,two_hand,"wrong_hand_count (detected 1, expected 2)"
C:\Users\singh\Desktop\a2 i&v\edited code files\data\raw\BSL_Dataset\2_HAND_DATASET\M\3525.png,M,two_hand,"wrong_hand_count (detected 1, expected 2)"
C:\Users\singh\Desktop\a2 i&v\edited code files\data\raw\BSL_Dataset\2_HAND_DATASET\M\3530.png,M,two_hand,"wrong_hand_count (detected 1, expected 2)"
C:\Users\singh\Desktop\a2 i&v\edited code files\data\raw\BSL_Dataset\2_HAND_DATASET\M\3535.png,M,two_hand,"wrong_hand_count (detected 1, expected 2)"
C:\Users\singh\Desktop\a2 i&v\edited code files\data\raw\BSL_Dataset\2_HAND_DATASET\M\355.png,M,two_hand,no_hands
C:\Users\singh\Desktop\a2 i&v\edited code files\data\raw\BSL_Dataset\2_HAND_DATASET\M\360.png,M,two_hand,"wrong_hand_count (detected 1, expected 2)"
C:\Users\singh\Desktop\a2 i&v\edited code files\data\raw\BSL_Dataset\2_HAND_DATASET\M\3620.png,M,two_hand,"wrong_hand_count (detected 1, expected 2)"
C:\Users\singh\Desktop\a2 i&v\edited code files\data\raw\BSL_Dataset\2_HAND_DATASET\M\3625.png,M,two_hand,"wrong_hand_count (detected 1, expected 2)"
C:\Users\singh\Desktop\a2 i&v\edited code files\data\raw\BSL_Dataset\2_HAND_DATASET\M\3635.png,M,two_hand,"wrong_hand_count (detected 1, expected 2)"
C:\Users\singh\Desktop\a2 i&v\edited code files\data\raw\BSL_Dataset\2_HAND_DATASET\M\3640.png,M,two_hand,"wrong_hand_count (detected 1, expected 2)"
C:\Users\singh\Desktop\a2 i&v\edited code files\data\raw\BSL_Dataset\2_HAND_DATASET\M\3645.png,M,two_hand,"wrong_hand_count (detected 1, expected 2)"
C:\Users\singh\Desktop\a2 i&v\edited code files\data\raw\BSL_Dataset\2_HAND_DATASET\M\365.png,M,two_hand,"wrong_hand_count (detected 1, expected 2)"
C:\Users\singh\Desktop\a2 i&v\edited code files\data\raw\BSL_Dataset\2_HAND_DATASET\M\3680.png,M,two_hand,"wrong_hand_count (detected 1, expected 2)"
C:\Users\singh\Desktop\a2 i&v\edited code files\data\raw\BSL_Dataset\2_HAND_DATASET\M\370.png,M,two_hand,"wrong_hand_count (detected 1, expected 2)"
C:\Users\singh\Desktop\a2 i&v\edited code files\data\raw\BSL_Dataset\2_HAND_DATASET\M\3730.png,M,two_hand,"wrong_hand_count (detected 1, expected 2)"
C:\Users\singh\Desktop\a2 i&v\edited code files\data\raw\BSL_Dataset\2_HAND_DATASET\M\3735.png,M,two_hand,"wrong_hand_count (detected 1, expected 2)"
C:\Users\singh\Desktop\a2 i&v\edited code files\data\raw\BSL_Dataset\2_HAND_DATASET\M\3745.png,M,two_hand,"wrong_hand_count (detected 1, expected 2)"
C:\Users\singh\Desktop\a2 i&v\edited code files\data\raw\BSL_Dataset\2_HAND_DATASET\M\3755.png,M,two_hand,"wrong_hand_count (detected 1, expected 2)"
C:\Users\singh\Desktop\a2 i&v\edited code files\data\raw\BSL_Dataset\2_HAND_DATASET\M\3760.png,M,two_hand,"wrong_hand_count (detected 1, expected 2)"
C:\Users\singh\Desktop\a2 i&v\edited code files\data\raw\BSL_Dataset\2_HAND_DATASET\M\3775.png,M,two_hand,"wrong_hand_count (detected 1, expected 2)"
C:\Users\singh\Desktop\a2 i&v\edited code files\data\raw\BSL_Dataset\2_HAND_DATASET\M\380.png,M,two_hand,"wrong_hand_count (detected 1, expected 2)"
C:\Users\singh\Desktop\a2 i&v\edited code files\data\raw\BSL_Dataset\2_HAND_DATASET\M\385.png,M,two_hand,"wrong_hand_count (detected 1, expected 2)"
C:\Users\singh\Desktop\a2 i&v\edited code files\data\raw\BSL_Dataset\2_HAND_DATASET\M\3850.png,M,two_hand,"wrong_hand_count (detected 1, expected 2)"
C:\Users\singh\Desktop\a2 i&v\edited code files\data\raw\BSL_Dataset\2_HAND_DATASET\M\3855.png,M,two_hand,"wrong_hand_count (detected 1, expected 2)"
C:\Users\singh\Desktop\a2 i&v\edited code files\data\raw\BSL_Dataset\2_HAND_DATASET\M\3870.png,M,two_hand,"wrong_hand_count (detected 1, expected 2)"
C:\Users\singh\Desktop\a2 i&v\edited code files\data\raw\BSL_Dataset\2_HAND_DATASET\M\3875.png,M,two_hand,"wrong_hand_count (detected 1, expected 2)"
C:\Users\singh\Desktop\a2 i&v\edited code files\data\raw\BSL_Dataset\2_HAND_DATASET\M\3890.png,M,two_hand,"wrong_hand_count (detected 1, expected 2)"
C:\Users\singh\Desktop\a2 i&v\edited code files\data\raw\BSL_Dataset\2_HAND_DATASET\M\3960.png,M,two_hand,"wrong_hand_count (detected 1, expected 2)"
C:\Users\singh\Desktop\a2 i&v\edited code files\data\raw\BSL_Dataset\2_HAND_DATASET\M\3965.png,M,two_hand,"wrong_hand_count (detected 1, expected 2)"
C:\Users\singh\Desktop\a2 i&v\edited code files\data\raw\BSL_Dataset\2_HAND_DATASET\M\3970.png,M,two_hand,"wrong_hand_count (detected 1, expected 2)"
C:\Users\singh\Desktop\a2 i&v\edited code files\data\raw\BSL_Dataset\2_HAND_DATASET\M\3985.png,M,two_hand,"wrong_hand_count (detected 1, expected 2)"
C:\Users\singh\Desktop\a2 i&v\edited code files\data\raw\BSL_Dataset\2_HAND_DATASET\M\3990.png,M,two_hand,"wrong_hand_count (detected 1, expected 2)"
C:\Users\singh\Desktop\a2 i&v\edited code files\data\raw\BSL_Dataset\2_HAND_DATASET\M\3995.png,M,two_hand,"wrong_hand_count (detected 1, expected 2)"
C:\Users\singh\Desktop\a2 i&v\edited code files\data\raw\BSL_Dataset\2_HAND_DATASET\M\40.png,M,two_hand,no_hands
C:\Users\singh\Desktop\a2 i&v\edited code files\data\raw\BSL_Dataset\2_HAND_DATASET\M\400.png,M,two_hand,"wrong_hand_count (detected 1, expected 2)"
C:\Users\singh\Desktop\a2 i&v\edited code files\data\raw\BSL_Dataset\2_HAND_DATASET\M\4005.png,M,two_hand,"wrong_hand_count (detected 1, expected 2)"
C:\Users\singh\Desktop\a2 i&v\edited code files\data\raw\BSL_Dataset\2_HAND_DATASET\M\4010.png,M,two_hand,"wrong_hand_count (detected 1, expected 2)"
C:\Users\singh\Desktop\a2 i&v\edited code files\data\raw\BSL_Dataset\2_HAND_DATASET\M\4015.png,M,two_hand,"wrong_hand_count (detected 1, expected 2)"
C:\Users\singh\Desktop\a2 i&v\edited code files\data\raw\BSL_Dataset\2_HAND_DATASET\M\4040.png,M,two_hand,"wrong_hand_count (detected 1, expected 2)"
C:\Users\singh\Desktop\a2 i&v\edited code files\data\raw\BSL_Dataset\2_HAND_DATASET\M\405.png,M,two_hand,"wrong_hand_count (detected 1, expected 2)"
C:\Users\singh\Desktop\a2 i&v\edited code files\data\raw\BSL_Dataset\2_HAND_DATASET\M\4085.png,M,two_hand,"wrong_hand_count (detected 1, expected 2)"
C:\Users\singh\Desktop\a2 i&v\edited code files\data\raw\BSL_Dataset\2_HAND_DATASET\M\4090.png,M,two_hand,"wrong_hand_count (detected 1, expected 2)"
C:\Users\singh\Desktop\a2 i&v\edited code files\data\raw\BSL_Dataset\2_HAND_DATASET\M\4095.png,M,two_hand,"wrong_hand_count (detected 1, expected 2)"
C:\Users\singh\Desktop\a2 i&v\edited code files\data\raw\BSL_Dataset\2_HAND_DATASET\M\410.png,M,two_hand,"wrong_hand_count (detected 1, expected 2)"
C:\Users\singh\Desktop\a2 i&v\edited code files\data\raw\BSL_Dataset\2_HAND_DATASET\M\4100.png,M,two_hand,"wrong_hand_count (detected 1, expected 2)"
C:\Users\singh\Desktop\a2 i&v\edited code files\data\raw\BSL_Dataset\2_HAND_DATASET\M\4110.png,M,two_hand,"wrong_hand_count (detected 1, expected 2)"
C:\Users\singh\Desktop\a2 i&v\edited code files\data\raw\BSL_Dataset\2_HAND_DATASET\M\4115.png,M,two_hand,"wrong_hand_count (detected 1, expected 2)"
C:\Users\singh\Desktop\a2 i&v\edited code files\data\raw\BSL_Dataset\2_HAND_DATASET\M\415.png,M,two_hand,"wrong_hand_count (detected 1, expected 2)"
C:\Users\singh\Desktop\a2 i&v\edited code files\data\raw\BSL_Dataset\2_HAND_DATASET\M\4150.png,M,two_hand,"wrong_hand_count (detected 1, expected 2)"
C:\Users\singh\Desktop\a2 i&v\edited code files\data\raw\BSL_Dataset\2_HAND_DATASET\M\4160.png,M,two_hand,"wrong_hand_count (detected 1, expected 2)"
C:\Users\singh\Desktop\a2 i&v\edited code files\data\raw\BSL_Dataset\2_HAND_DATASET\M\4165.png,M,two_hand,"wrong_hand_count (detected 1, expected 2)"
C:\Users\singh\Desktop\a2 i&v\edited code files\data\raw\BSL_Dataset\2_HAND_DATASET\M\4170.png,M,two_hand,"wrong_hand_count (detected 1, expected 2)"
C:\Users\singh\Desktop\a2 i&v\edited code files\data\raw\BSL_Dataset\2_HAND_DATASET\M\4175.png,M,two_hand,"wrong_hand_count (detected 1, expected 2)"
C:\Users\singh\Desktop\a2 i&v\edited code files\data\raw\BSL_Dataset\2_HAND_DATASET\M\4180.png,M,two_hand,"wrong_hand_count (detected 1, expected 2)"
C:\Users\singh\Desktop\a2 i&v\edited code files\data\raw\BSL_Dataset\2_HAND_DATASET\M\4185.png,M,two_hand,"wrong_hand_count (detected 1, expected 2)"
C:\Users\singh\Desktop\a2 i&v\edited code files\data\raw\BSL_Dataset\2_HAND_DATASET\M\4190.png,M,two_hand,no_hands
C:\Users\singh\Desktop\a2 i&v\edited code files\data\raw\BSL_Dataset\2_HAND_DATASET\M\4195.png,M,two_hand,"wrong_hand_count (detected 1, expected 2)"
C:\Users\singh\Desktop\a2 i&v\edited code files\data\raw\BSL_Dataset\2_HAND_DATASET\M\420.png,M,two_hand,"wrong_hand_count (detected 1, expected 2)"
C:\Users\singh\Desktop\a2 i&v\edited code files\data\raw\BSL_Dataset\2_HAND_DATASET\M\4200.png,M,two_hand,"wrong_hand_count (detected 1, expected 2)"
C:\Users\singh\Desktop\a2 i&v\edited code files\data\raw\BSL_Dataset\2_HAND_DATASET\M\4220.png,M,two_hand,"wrong_hand_count (detected 1, expected 2)"
C:\Users\singh\Desktop\a2 i&v\edited code files\data\raw\BSL_Dataset\2_HAND_DATASET\M\4225.png,M,two_hand,"wrong_hand_count (detected 1, expected 2)"
C:\Users\singh\Desktop\a2 i&v\edited code files\data\raw\BSL_Dataset\2_HAND_DATASET\M\425.png,M,two_hand,"wrong_hand_count (detected 1, expected 2)"
C:\Users\singh\Desktop\a2 i&v\edited code files\data\raw\BSL_Dataset\2_HAND_DATASET\M\4250.png,M,two_hand,"wrong_hand_count (detected 1, expected 2)"
C:\Users\singh\Desktop\a2 i&v\edited code files\data\raw\BSL_Dataset\2_HAND_DATASET\M\4255.png,M,two_hand,"wrong_hand_count (detected 1, expected 2)"
C:\Users\singh\Desktop\a2 i&v\edited code files\data\raw\BSL_Dataset\2_HAND_DATASET\M\4260.png,M,two_hand,no_hands
C:\Users\singh\Desktop\a2 i&v\edited code files\data\raw\BSL_Dataset\2_HAND_DATASET\M\4265.png,M,two_hand,"wrong_hand_count (detected 1, expected 2)"
C:\Users\singh\Desktop\a2 i&v\edited code files\data\raw\BSL_Dataset\2_HAND_DATASET\M\4270.png,M,two_hand,"wrong_hand_count (detected 1, expected 2)"
C:\Users\singh\Desktop\a2 i&v\edited code files\data\raw\BSL_Dataset\2_HAND_DATASET\M\4275.png,M,two_hand,"wrong_hand_count (detected 1, expected 2)"
C:\Users\singh\Desktop\a2 i&v\edited code files\data\raw\BSL_Dataset\2_HAND_DATASET\M\4280.png,M,two_hand,"wrong_hand_count (detected 1, expected 2)"
C:\Users\singh\Desktop\a2 i&v\edited code files\data\raw\BSL_Dataset\2_HAND_DATASET\M\4300.png,M,two_hand,"wrong_hand_count (detected 1, expected 2)"
C:\Users\singh\Desktop\a2 i&v\edited code files\data\raw\BSL_Dataset\2_HAND_DATASET\M\4315.png,M,two_hand,"wrong_hand_count (detected 1, expected 2)"
C:\Users\singh\Desktop\a2 i&v\edited code files\data\raw\BSL_Dataset\2_HAND_DATASET\M\4340.png,M,two_hand,"wrong_hand_count (detected 1, expected 2)"
C:\Users\singh\Desktop\a2 i&v\edited code files\data\raw\BSL_Dataset\2_HAND_DATASET\M\4345.png,M,two_hand,no_hands
C:\Users\singh\Desktop\a2 i&v\edited code files\data\raw\BSL_Dataset\2_HAND_DATASET\M\4355.png,M,two_hand,no_hands
C:\Users\singh\Desktop\a2 i&v\edited code files\data\raw\BSL_Dataset\2_HAND_DATASET\M\4360.png,M,two_hand,"wrong_hand_count (detected 1, expected 2)"
C:\Users\singh\Desktop\a2 i&v\edited code files\data\raw\BSL_Dataset\2_HAND_DATASET\M\4375.png,M,two_hand,"wrong_hand_count (detected 1, expected 2)"
C:\Users\singh\Desktop\a2 i&v\edited code files\data\raw\BSL_Dataset\2_HAND_DATASET\M\440.png,M,two_hand,"wrong_hand_count (detected 1, expected 2)"
C:\Users\singh\Desktop\a2 i&v\edited code files\data\raw\BSL_Dataset\2_HAND_DATASET\M\4415.png,M,two_hand,"wrong_hand_count (detected 1, expected 2)"
C:\Users\singh\Desktop\a2 i&v\edited code files\data\raw\BSL_Dataset\2_HAND_DATASET\M\4420.png,M,two_hand,no_hands
C:\Users\singh\Desktop\a2 i&v\edited code files\data\raw\BSL_Dataset\2_HAND_DATASET\M\4425.png,M,two_hand,"wrong_hand_count (detected 1, expected 2)"
C:\Users\singh\Desktop\a2 i&v\edited code files\data\raw\BSL_Dataset\2_HAND_DATASET\M\4435.png,M,two_hand,"wrong_hand_count (detected 1, expected 2)"
C:\Users\singh\Desktop\a2 i&v\edited code files\data\raw\BSL_Dataset\2_HAND_DATASET\M\4440.png,M,two_hand,"wrong_hand_count (detected 1, expected 2)"
C:\Users\singh\Desktop\a2 i&v\edited code files\data\raw\BSL_Dataset\2_HAND_DATASET\M\4465.png,M,two_hand,"wrong_hand_count (detected 1, expected 2)"
C:\Users\singh\Desktop\a2 i&v\edited code files\data\raw\BSL_Dataset\2_HAND_DATASET\M\4470.png,M,two_hand,"wrong_hand_count (detected 1, expected 2)"
C:\Users\singh\Desktop\a2 i&v\edited code files\data\raw\BSL_Dataset\2_HAND_DATASET\M\4490.png,M,two_hand,"wrong_hand_count (detected 1, expected 2)"
C:\Users\singh\Desktop\a2 i&v\edited code files\data\raw\BSL_Dataset\2_HAND_DATASET\M\4495.png,M,two_hand,"wrong_hand_count (detected 1, expected 2)"
C:\Users\singh\Desktop\a2 i&v\edited code files\data\raw\BSL_Dataset\2_HAND_DATASET\M\4500.png,M,two_hand,"wrong_hand_count (detected 1, expected 2)"
C:\Users\singh\Desktop\a2 i&v\edited code files\data\raw\BSL_Dataset\2_HAND_DATASET\M\4505.png,M,two_hand,"wrong_hand_count (detected 1, expected 2)"
C:\Users\singh\Desktop\a2 i&v\edited code files\data\raw\BSL_Dataset\2_HAND_DATASET\M\4510.png,M,two_hand,no_hands
C:\Users\singh\Desktop\a2 i&v\edited code files\data\raw\BSL_Dataset\2_HAND_DATASET\M\4515.png,M,two_hand,"wrong_hand_count (detected 1, expected 2)"
C:\Users\singh\Desktop\a2 i&v\edited code files\data\raw\BSL_Dataset\2_HAND_DATASET\M\4520.png,M,two_hand,"wrong_hand_count (detected 1, expected 2)"
C:\Users\singh\Desktop\a2 i&v\edited code files\data\raw\BSL_Dataset\2_HAND_DATASET\M\4545.png,M,two_hand,"wrong_hand_count (detected 1, expected 2)"
C:\Users\singh\Desktop\a2 i&v\edited code files\data\raw\BSL_Dataset\2_HAND_DATASET\M\4575.png,M,two_hand,"wrong_hand_count (detected 1, expected 2)"
C:\Users\singh\Desktop\a2 i&v\edited code files\data\raw\BSL_Dataset\2_HAND_DATASET\M\4580.png,M,two_hand,no_hands
C:\Users\singh\Desktop\a2 i&v\edited code files\data\raw\BSL_Dataset\2_HAND_DATASET\M\4585.png,M,two_hand,"wrong_hand_count (detected 1, expected 2)"
C:\Users\singh\Desktop\a2 i&v\edited code files\data\raw\BSL_Dataset\2_HAND_DATASET\M\4590.png,M,two_hand,"wrong_hand_count (detected 1, expected 2)"
C:\Users\singh\Desktop\a2 i&v\edited code files\data\raw\BSL_Dataset\2_HAND_DATASET\M\4595.png,M,two_hand,"wrong_hand_count (detected 1, expected 2)"
C:\Users\singh\Desktop\a2 i&v\edited code files\data\raw\BSL_Dataset\2_HAND_DATASET\M\460.png,M,two_hand,"wrong_hand_count (detected 1, expected 2)"
C:\Users\singh\Desktop\a2 i&v\edited code files\data\raw\BSL_Dataset\2_HAND_DATASET\M\4600.png,M,two_hand,"wrong_hand_count (detected 1, expected 2)"
C:\Users\singh\Desktop\a2 i&v\edited code files\data\raw\BSL_Dataset\2_HAND_DATASET\M\4605.png,M,two_hand,"wrong_hand_count (detected 1, expected 2)"
C:\Users\singh\Desktop\a2 i&v\edited code files\data\raw\BSL_Dataset\2_HAND_DATASET\M\4615.png,M,two_hand,"wrong_hand_count (detected 1, expected 2)"
C:\Users\singh\Desktop\a2 i&v\edited code files\data\raw\BSL_Dataset\2_HAND_DATASET\M\4640.png,M,two_hand,"wrong_hand_count (detected 1, expected 2)"
C:\Users\singh\Desktop\a2 i&v\edited code files\data\raw\BSL_Dataset\2_HAND_DATASET\M\4655.png,M,two_hand,"wrong_hand_count (detected 1, expected 2)"
C:\Users\singh\Desktop\a2 i&v\edited code files\data\raw\BSL_Dataset\2_HAND_DATASET\M\4660.png,M,two_hand,no_hands
C:\Users\singh\Desktop\a2 i&v\edited code files\data\raw\BSL_Dataset\2_HAND_DATASET\M\4665.png,M,two_hand,"wrong_hand_count (detected 1, expected 2)"
C:\Users\singh\Desktop\a2 i&v\edited code files\data\raw\BSL_Dataset\2_HAND_DATASET\M\4670.png,M,two_hand,"wrong_hand_count (detected 1, expected 2)"
C:\Users\singh\Desktop\a2 i&v\edited code files\data\raw\BSL_Dataset\2_HAND_DATASET\M\4690.png,M,two_hand,"wrong_hand_count (detected 1, expected 2)"
C:\Users\singh\Desktop\a2 i&v\edited code files\data\raw\BSL_Dataset\2_HAND_DATASET\M\4695.png,M,two_hand,"wrong_hand_count (detected 1, expected 2)"
C:\Users\singh\Desktop\a2 i&v\edited code files\data\raw\BSL_Dataset\2_HAND_DATASET\M\470.png,M,two_hand,"wrong_hand_count (detected 1, expected 2)"
C:\Users\singh\Desktop\a2 i&v\edited code files\data\raw\BSL_Dataset\2_HAND_DATASET\M\4725.png,M,two_hand,"wrong_hand_count (detected 1, expected 2)"
C:\Users\singh\Desktop\a2 i&v\edited code files\data\raw\BSL_Dataset\2_HAND_DATASET\M\4730.png,M,two_hand,"wrong_hand_count (detected 1, expected 2)"
C:\Users\singh\Desktop\a2 i&v\edited code files\data\raw\BSL_Dataset\2_HAND_DATASET\M\4735.png,M,two_hand,"wrong_hand_count (detected 1, expected 2)"
C:\Users\singh\Desktop\a2 i&v\edited code files\data\raw\BSL_Dataset\2_HAND_DATASET\M\4740.png,M,two_hand,"wrong_hand_count (detected 1, expected 2)"
C:\Users\singh\Desktop\a2 i&v\edited code files\data\raw\BSL_Dataset\2_HAND_DATASET\M\4745.png,M,two_hand,"wrong_hand_count (detected 1, expected 2)"
C:\Users\singh\Desktop\a2 i&v\edited code files\data\raw\BSL_Dataset\2_HAND_DATASET\M\475.png,M,two_hand,"wrong_hand_count (detected 1, expected 2)"
C:\Users\singh\Desktop\a2 i&v\edited code files\data\raw\BSL_Dataset\2_HAND_DATASET\M\4755.png,M,two_hand,"wrong_hand_count (detected 1, expected 2)"
C:\Users\singh\Desktop\a2 i&v\edited code files\data\raw\BSL_Dataset\2_HAND_DATASET\M\4765.png,M,two_hand,"wrong_hand_count (detected 1, expected 2)"
C:\Users\singh\Desktop\a2 i&v\edited code files\data\raw\BSL_Dataset\2_HAND_DATASET\M\4785.png,M,two_hand,"wrong_hand_count (detected 1, expected 2)"
C:\Users\singh\Desktop\a2 i&v\edited code files\data\raw\BSL_Dataset\2_HAND_DATASET\M\4795.png,M,two_hand,"wrong_hand_count (detected 1, expected 2)"
C:\Users\singh\Desktop\a2 i&v\edited code files\data\raw\BSL_Dataset\2_HAND_DATASET\M\480.png,M,two_hand,"wrong_hand_count (detected 1, expected 2)"
C:\Users\singh\Desktop\a2 i&v\edited code files\data\raw\BSL_Dataset\2_HAND_DATASET\M\4800.png,M,two_hand,"wrong_hand_count (detected 1, expected 2)"
C:\Users\singh\Desktop\a2 i&v\edited code files\data\raw\BSL_Dataset\2_HAND_DATASET\M\4805.png,M,two_hand,"wrong_hand_count (detected 1, expected 2)"
C:\Users\singh\Desktop\a2 i&v\edited code files\data\raw\BSL_Dataset\2_HAND_DATASET\M\4815.png,M,two_hand,"wrong_hand_count (detected 1, expected 2)"
C:\Users\singh\Desktop\a2 i&v\edited code files\data\raw\BSL_Dataset\2_HAND_DATASET\M\4820.png,M,two_hand,"wrong_hand_count (detected 1, expected 2)"
C:\Users\singh\Desktop\a2 i&v\edited code files\data\raw\BSL_Dataset\2_HAND_DATASET\M\4825.png,M,two_hand,"wrong_hand_count (detected 1, expected 2)"
C:\Users\singh\Desktop\a2 i&v\edited code files\data\raw\BSL_Dataset\2_HAND_DATASET\M\485.png,M,two_hand,"wrong_hand_count (detected 1, expected 2)"
C:\Users\singh\Desktop\a2 i&v\edited code files\data\raw\BSL_Dataset\2_HAND_DATASET\M\4850.png,M,two_hand,"wrong_hand_count (detected 1, expected 2)"
C:\Users\singh\Desktop\a2 i&v\edited code files\data\raw\BSL_Dataset\2_HAND_DATASET\M\4855.png,M,two_hand,"wrong_hand_count (detected 1, expected 2)"
C:\Users\singh\Desktop\a2 i&v\edited code files\data\raw\BSL_Dataset\2_HAND_DATASET\M\4865.png,M,two_hand,"wrong_hand_count (detected 1, expected 2)"
C:\Users\singh\Desktop\a2 i&v\edited code files\data\raw\BSL_Dataset\2_HAND_DATASET\M\4870.png,M,two_hand,"wrong_hand_count (detected 1, expected 2)"
C:\Users\singh\Desktop\a2 i&v\edited code files\data\raw\BSL_Dataset\2_HAND_DATASET\M\4875.png,M,two_hand,"wrong_hand_count (detected 1, expected 2)"
C:\Users\singh\Desktop\a2 i&v\edited code files\data\raw\BSL_Dataset\2_HAND_DATASET\M\4880.png,M,two_hand,"wrong_hand_count (detected 1, expected 2)"
C:\Users\singh\Desktop\a2 i&v\edited code files\data\raw\BSL_Dataset\2_HAND_DATASET\M\4885.png,M,two_hand,no_hands
C:\Users\singh\Desktop\a2 i&v\edited code files\data\raw\BSL_Dataset\2_HAND_DATASET\M\4890.png,M,two_hand,"wrong_hand_count (detected 1, expected 2)"
C:\Users\singh\Desktop\a2 i&v\edited code files\data\raw\BSL_Dataset\2_HAND_DATASET\M\4895.png,M,two_hand,"wrong_hand_count (detected 1, expected 2)"
C:\Users\singh\Desktop\a2 i&v\edited code files\data\raw\BSL_Dataset\2_HAND_DATASET\M\490.png,M,two_hand,"wrong_hand_count (detected 1, expected 2)"
C:\Users\singh\Desktop\a2 i&v\edited code files\data\raw\BSL_Dataset\2_HAND_DATASET\M\4930.png,M,two_hand,"wrong_hand_count (detected 1, expected 2)"
C:\Users\singh\Desktop\a2 i&v\edited code files\data\raw\BSL_Dataset\2_HAND_DATASET\M\4935.png,M,two_hand,"wrong_hand_count (detected 1, expected 2)"
C:\Users\singh\Desktop\a2 i&v\edited code files\data\raw\BSL_Dataset\2_HAND_DATASET\M\4940.png,M,two_hand,"wrong_hand_count (detected 1, expected 2)"
C:\Users\singh\Desktop\a2 i&v\edited code files\data\raw\BSL_Dataset\2_HAND_DATASET\M\4945.png,M,two_hand,"wrong_hand_count (detected 1, expected 2)"
C:\Users\singh\Desktop\a2 i&v\edited code files\data\raw\BSL_Dataset\2_HAND_DATASET\M\4950.png,M,two_hand,"wrong_hand_count (detected 1, expected 2)"
C:\Users\singh\Desktop\a2 i&v\edited code files\data\raw\BSL_Dataset\2_HAND_DATASET\M\4955.png,M,two_hand,"wrong_hand_count (detected 1, expected 2)"
C:\Users\singh\Desktop\a2 i&v\edited code files\data\raw\BSL_Dataset\2_HAND_DATASET\M\4960.png,M,two_hand,no_hands
C:\Users\singh\Desktop\a2 i&v\edited code files\data\raw\BSL_Dataset\2_HAND_DATASET\M\4965.png,M,two_hand,"wrong_hand_count (detected 1, expected 2)"
C:\Users\singh\Desktop\a2 i&v\edited code files\data\raw\BSL_Dataset\2_HAND_DATASET\M\4970.png,M,two_hand,"wrong_hand_count (detected 1, expected 2)"
C:\Users\singh\Desktop\a2 i&v\edited code files\data\raw\BSL_Dataset\2_HAND_DATASET\M\5.png,M,two_hand,"wrong_hand_count (detected 1, expected 2)"
C:\Users\singh\Desktop\a2 i&v\edited code files\data\raw\BSL_Dataset\2_HAND_DATASET\M\50.png,M,two_hand,"wrong_hand_count (detected 1, expected 2)"
C:\Users\singh\Desktop\a2 i&v\edited code files\data\raw\BSL_Dataset\2_HAND_DATASET\M\500.png,M,two_hand,"wrong_hand_count (detected 1, expected 2)"
C:\Users\singh\Desktop\a2 i&v\edited code files\data\raw\BSL_Dataset\2_HAND_DATASET\M\510.png,M,two_hand,"wrong_hand_count (detected 1, expected 2)"
C:\Users\singh\Desktop\a2 i&v\edited code files\data\raw\BSL_Dataset\2_HAND_DATASET\M\520.png,M,two_hand,"wrong_hand_count (detected 1, expected 2)"
C:\Users\singh\Desktop\a2 i&v\edited code files\data\raw\BSL_Dataset\2_HAND_DATASET\M\525.png,M,two_hand,"wrong_hand_count (detected 1, expected 2)"
C:\Users\singh\Desktop\a2 i&v\edited code files\data\raw\BSL_Dataset\2_HAND_DATASET\M\530.png,M,two_hand,"wrong_hand_count (detected 1, expected 2)"
C:\Users\singh\Desktop\a2 i&v\edited code files\data\raw\BSL_Dataset\2_HAND_DATASET\M\535.png,M,two_hand,"wrong_hand_count (detected 1, expected 2)"
C:\Users\singh\Desktop\a2 i&v\edited code files\data\raw\BSL_Dataset\2_HAND_DATASET\M\540.png,M,two_hand,"wrong_hand_count (detected 1, expected 2)"
C:\Users\singh\Desktop\a2 i&v\edited code files\data\raw\BSL_Dataset\2_HAND_DATASET\M\55.png,M,two_hand,"wrong_hand_count (detected 1, expected 2)"
C:\Users\singh\Desktop\a2 i&v\edited code files\data\raw\BSL_Dataset\2_HAND_DATASET\M\550.png,M,two_hand,"wrong_hand_count (detected 1, expected 2)"
C:\Users\singh\Desktop\a2 i&v\edited code files\data\raw\BSL_Dataset\2_HAND_DATASET\M\580.png,M,two_hand,"wrong_hand_count (detected 1, expected 2)"
C:\Users\singh\Desktop\a2 i&v\edited code files\data\raw\BSL_Dataset\2_HAND_DATASET\M\585.png,M,two_hand,"wrong_hand_count (detected 1, expected 2)"
C:\Users\singh\Desktop\a2 i&v\edited code files\data\raw\BSL_Dataset\2_HAND_DATASET\M\590.png,M,two_hand,"wrong_hand_count (detected 1, expected 2)"
C:\Users\singh\Desktop\a2 i&v\edited code files\data\raw\BSL_Dataset\2_HAND_DATASET\M\595.png,M,two_hand,"wrong_hand_count (detected 1, expected 2)"
C:\Users\singh\Desktop\a2 i&v\edited code files\data\raw\BSL_Dataset\2_HAND_DATASET\M\60.png,M,two_hand,"wrong_hand_count (detected 1, expected 2)"
C:\Users\singh\Desktop\a2 i&v\edited code files\data\raw\BSL_Dataset\2_HAND_DATASET\M\600.png,M,two_hand,"wrong_hand_count (detected 1, expected 2)"
C:\Users\singh\Desktop\a2 i&v\edited code files\data\raw\BSL_Dataset\2_HAND_DATASET\M\605.png,M,two_hand,"wrong_hand_count (detected 1, expected 2)"
C:\Users\singh\Desktop\a2 i&v\edited code files\data\raw\BSL_Dataset\2_HAND_DATASET\M\620.png,M,two_hand,"wrong_hand_count (detected 1, expected 2)"
C:\Users\singh\Desktop\a2 i&v\edited code files\data\raw\BSL_Dataset\2_HAND_DATASET\M\625.png,M,two_hand,"wrong_hand_count (detected 1, expected 2)"
C:\Users\singh\Desktop\a2 i&v\edited code files\data\raw\BSL_Dataset\2_HAND_DATASET\M\630.png,M,two_hand,"wrong_hand_count (detected 1, expected 2)"
C:\Users\singh\Desktop\a2 i&v\edited code files\data\raw\BSL_Dataset\2_HAND_DATASET\M\635.png,M,two_hand,"wrong_hand_count (detected 1, expected 2)"
C:\Users\singh\Desktop\a2 i&v\edited code files\data\raw\BSL_Dataset\2_HAND_DATASET\M\640.png,M,two_hand,"wrong_hand_count (detected 1, expected 2)"
C:\Users\singh\Desktop\a2 i&v\edited code files\data\raw\BSL_Dataset\2_HAND_DATASET\M\645.png,M,two_hand,"wrong_hand_count (detected 1, expected 2)"
C:\Users\singh\Desktop\a2 i&v\edited code files\data\raw\BSL_Dataset\2_HAND_DATASET\M\65.png,M,two_hand,"wrong_hand_count (detected 1, expected 2)"
C:\Users\singh\Desktop\a2 i&v\edited code files\data\raw\BSL_Dataset\2_HAND_DATASET\M\650.png,M,two_hand,"wrong_hand_count (detected 1, expected 2)"
C:\Users\singh\Desktop\a2 i&v\edited code files\data\raw\BSL_Dataset\2_HAND_DATASET\M\665.png,M,two_hand,"wrong_hand_count (detected 1, expected 2)"
C:\Users\singh\Desktop\a2 i&v\edited code files\data\raw\BSL_Dataset\2_HAND_DATASET\M\675.png,M,two_hand,"wrong_hand_count (detected 1, expected 2)"
C:\Users\singh\Desktop\a2 i&v\edited code files\data\raw\BSL_Dataset\2_HAND_DATASET\M\680.png,M,two_hand,"wrong_hand_count (detected 1, expected 2)"
C:\Users\singh\Desktop\a2 i&v\edited code files\data\raw\BSL_Dataset\2_HAND_DATASET\M\685.png,M,two_hand,"wrong_hand_count (detected 1, expected 2)"
C:\Users\singh\Desktop\a2 i&v\edited code files\data\raw\BSL_Dataset\2_HAND_DATASET\M\690.png,M,two_hand,"wrong_hand_count (detected 1, expected 2)"
C:\Users\singh\Desktop\a2 i&v\edited code files\data\raw\BSL_Dataset\2_HAND_DATASET\M\695.png,M,two_hand,"wrong_hand_count (detected 1, expected 2)"
C:\Users\singh\Desktop\a2 i&v\edited code files\data\raw\BSL_Dataset\2_HAND_DATASET\M\700.png,M,two_hand,"wrong_hand_count (detected 1, expected 2)"
C:\Users\singh\Desktop\a2 i&v\edited code files\data\raw\BSL_Dataset\2_HAND_DATASET\M\705.png,M,two_hand,"wrong_hand_count (detected 1, expected 2)"
C:\Users\singh\Desktop\a2 i&v\edited code files\data\raw\BSL_Dataset\2_HAND_DATASET\M\715.png,M,two_hand,"wrong_hand_count (detected 1, expected 2)"
C:\Users\singh\Desktop\a2 i&v\edited code files\data\raw\BSL_Dataset\2_HAND_DATASET\M\720.png,M,two_hand,"wrong_hand_count (detected 1, expected 2)"
C:\Users\singh\Desktop\a2 i&v\edited code files\data\raw\BSL_Dataset\2_HAND_DATASET\M\725.png,M,two_hand,"wrong_hand_count (detected 1, expected 2)"
C:\Users\singh\Desktop\a2 i&v\edited code files\data\raw\BSL_Dataset\2_HAND_DATASET\M\735.png,M,two_hand,"wrong_hand_count (detected 1, expected 2)"
C:\Users\singh\Desktop\a2 i&v\edited code files\data\raw\BSL_Dataset\2_HAND_DATASET\M\740.png,M,two_hand,"wrong_hand_count (detected 1, expected 2)"
C:\Users\singh\Desktop\a2 i&v\edited code files\data\raw\BSL_Dataset\2_HAND_DATASET\M\745.png,M,two_hand,"wrong_hand_count (detected 1, expected 2)"
C:\Users\singh\Desktop\a2 i&v\edited code files\data\raw\BSL_Dataset\2_HAND_DATASET\M\75.png,M,two_hand,"wrong_hand_count (detected 1, expected 2)"
C:\Users\singh\Desktop\a2 i&v\edited code files\data\raw\BSL_Dataset\2_HAND_DATASET\M\750.png,M,two_hand,"wrong_hand_count (detected 1, expected 2)"
C:\Users\singh\Desktop\a2 i&v\edited code files\data\raw\BSL_Dataset\2_HAND_DATASET\M\755.png,M,two_hand,"wrong_hand_count (detected 1, expected 2)"
C:\Users\singh\Desktop\a2 i&v\edited code files\data\raw\BSL_Dataset\2_HAND_DATASET\M\760.png,M,two_hand,"wrong_hand_count (detected 1, expected 2)"
C:\Users\singh\Desktop\a2 i&v\edited code files\data\raw\BSL_Dataset\2_HAND_DATASET\M\765.png,M,two_hand,"wrong_hand_count (detected 1, expected 2)"
C:\Users\singh\Desktop\a2 i&v\edited code files\data\raw\BSL_Dataset\2_HAND_DATASET\M\770.png,M,two_hand,"wrong_hand_count (detected 1, expected 2)"
C:\Users\singh\Desktop\a2 i&v\edited code files\data\raw\BSL_Dataset\2_HAND_DATASET\M\780.png,M,two_hand,"wrong_hand_count (detected 1, expected 2)"
C:\Users\singh\Desktop\a2 i&v\edited code files\data\raw\BSL_Dataset\2_HAND_DATASET\M\785.png,M,two_hand,"wrong_hand_count (detected 1, expected 2)"
C:\Users\singh\Desktop\a2 i&v\edited code files\data\raw\BSL_Dataset\2_HAND_DATASET\M\795.png,M,two_hand,"wrong_hand_count (detected 1, expected 2)"
C:\Users\singh\Desktop\a2 i&v\edited code files\data\raw\BSL_Dataset\2_HAND_DATASET\M\80.png,M,two_hand,"wrong_hand_count (detected 1, expected 2)"
C:\Users\singh\Desktop\a2 i&v\edited code files\data\raw\BSL_Dataset\2_HAND_DATASET\M\800.png,M,two_hand,"wrong_hand_count (detected 1, expected 2)"
C:\Users\singh\Desktop\a2 i&v\edited code files\data\raw\BSL_Dataset\2_HAND_DATASET\M\805.png,M,two_hand,no_hands
C:\Users\singh\Desktop\a2 i&v\edited code files\data\raw\BSL_Dataset\2_HAND_DATASET\M\810.png,M,two_hand,"wrong_hand_count (detected 1, expected 2)"
C:\Users\singh\Desktop\a2 i&v\edited code files\data\raw\BSL_Dataset\2_HAND_DATASET\M\815.png,M,two_hand,"wrong_hand_count (detected 1, expected 2)"
C:\Users\singh\Desktop\a2 i&v\edited code files\data\raw\BSL_Dataset\2_HAND_DATASET\M\820.png,M,two_hand,"wrong_hand_count (detected 1, expected 2)"
C:\Users\singh\Desktop\a2 i&v\edited code files\data\raw\BSL_Dataset\2_HAND_DATASET\M\835.png,M,two_hand,"wrong_hand_count (detected 1, expected 2)"
C:\Users\singh\Desktop\a2 i&v\edited code files\data\raw\BSL_Dataset\2_HAND_DATASET\M\840.png,M,two_hand,"wrong_hand_count (detected 1, expected 2)"
C:\Users\singh\Desktop\a2 i&v\edited code files\data\raw\BSL_Dataset\2_HAND_DATASET\M\845.png,M,two_hand,"wrong_hand_count (detected 1, expected 2)"
C:\Users\singh\Desktop\a2 i&v\edited code files\data\raw\BSL_Dataset\2_HAND_DATASET\M\85.png,M,two_hand,"wrong_hand_count (detected 1, expected 2)"
C:\Users\singh\Desktop\a2 i&v\edited code files\data\raw\BSL_Dataset\2_HAND_DATASET\M\850.png,M,two_hand,"wrong_hand_count (detected 1, expected 2)"
C:\Users\singh\Desktop\a2 i&v\edited code files\data\raw\BSL_Dataset\2_HAND_DATASET\M\855.png,M,two_hand,"wrong_hand_count (detected 1, expected 2)"
C:\Users\singh\Desktop\a2 i&v\edited code files\data\raw\BSL_Dataset\2_HAND_DATASET\M\860.png,M,two_hand,"wrong_hand_count (detected 1, expected 2)"
C:\Users\singh\Desktop\a2 i&v\edited code files\data\raw\BSL_Dataset\2_HAND_DATASET\M\865.png,M,two_hand,"wrong_hand_count (detected 1, expected 2)"
C:\Users\singh\Desktop\a2 i&v\edited code files\data\raw\BSL_Dataset\2_HAND_DATASET\M\870.png,M,two_hand,"wrong_hand_count (detected 1, expected 2)"
C:\Users\singh\Desktop\a2 i&v\edited code files\data\raw\BSL_Dataset\2_HAND_DATASET\M\875.png,M,two_hand,"wrong_hand_count (detected 1, expected 2)"
C:\Users\singh\Desktop\a2 i&v\edited code files\data\raw\BSL_Dataset\2_HAND_DATASET\M\880.png,M,two_hand,"wrong_hand_count (detected 1, expected 2)"
C:\Users\singh\Desktop\a2 i&v\edited code files\data\raw\BSL_Dataset\2_HAND_DATASET\M\885.png,M,two_hand,"wrong_hand_count (detected 1, expected 2)"
C:\Users\singh\Desktop\a2 i&v\edited code files\data\raw\BSL_Dataset\2_HAND_DATASET\M\890.png,M,two_hand,"wrong_hand_count (detected 1, expected 2)"
C:\Users\singh\Desktop\a2 i&v\edited code files\data\raw\BSL_Dataset\2_HAND_DATASET\M\895.png,M,two_hand,"wrong_hand_count (detected 1, expected 2)"
C:\Users\singh\Desktop\a2 i&v\edited code files\data\raw\BSL_Dataset\2_HAND_DATASET\M\90.png,M,two_hand,"wrong_hand_count (detected 1, expected 2)"
C:\Users\singh\Desktop\a2 i&v\edited code files\data\raw\BSL_Dataset\2_HAND_DATASET\M\900.png,M,two_hand,"wrong_hand_count (detected 1, expected 2)"
C:\Users\singh\Desktop\a2 i&v\edited code files\data\raw\BSL_Dataset\2_HAND_DATASET\M\905.png,M,two_hand,"wrong_hand_count (detected 1, expected 2)"
C:\Users\singh\Desktop\a2 i&v\edited code files\data\raw\BSL_Dataset\2_HAND_DATASET\M\910.png,M,two_hand,"wrong_hand_count (detected 1, expected 2)"
C:\Users\singh\Desktop\a2 i&v\edited code files\data\raw\BSL_Dataset\2_HAND_DATASET\M\915.png,M,two_hand,"wrong_hand_count (detected 1, expected 2)"
C:\Users\singh\Desktop\a2 i&v\edited code files\data\raw\BSL_Dataset\2_HAND_DATASET\M\920.png,M,two_hand,no_hands
C:\Users\singh\Desktop\a2 i&v\edited code files\data\raw\BSL_Dataset\2_HAND_DATASET\M\925.png,M,two_hand,"wrong_hand_count (detected 1, expected 2)"
C:\Users\singh\Desktop\a2 i&v\edited code files\data\raw\BSL_Dataset\2_HAND_DATASET\M\930.png,M,two_hand,"wrong_hand_count (detected 1, expected 2)"
C:\Users\singh\Desktop\a2 i&v\edited code files\data\raw\BSL_Dataset\2_HAND_DATASET\M\935.png,M,two_hand,"wrong_hand_count (detected 1, expected 2)"
C:\Users\singh\Desktop\a2 i&v\edited code files\data\raw\BSL_Dataset\2_HAND_DATASET\M\940.png,M,two_hand,"wrong_hand_count (detected 1, expected 2)"
C:\Users\singh\Desktop\a2 i&v\edited code files\data\raw\BSL_Dataset\2_HAND_DATASET\M\945.png,M,two_hand,"wrong_hand_count (detected 1, expected 2)"
C:\Users\singh\Desktop\a2 i&v\edited code files\data\raw\BSL_Dataset\2_HAND_DATASET\M\95.png,M,two_hand,"wrong_hand_count (detected 1, expected 2)"
C:\Users\singh\Desktop\a2 i&v\edited code files\data\raw\BSL_Dataset\2_HAND_DATASET\M\950.png,M,two_hand,"wrong_hand_count (detected 1, expected 2)"
C:\Users\singh\Desktop\a2 i&v\edited code files\data\raw\BSL_Dataset\2_HAND_DATASET\M\955.png,M,two_hand,"wrong_hand_count (detected 1, expected 2)"
C:\Users\singh\Desktop\a2 i&v\edited code files\data\raw\BSL_Dataset\2_HAND_DATASET\M\965.png,M,two_hand,"wrong_hand_count (detected 1, expected 2)"
C:\Users\singh\Desktop\a2 i&v\edited code files\data\raw\BSL_Dataset\2_HAND_DATASET\M\970.png,M,two_hand,"wrong_hand_count (detected 1, expected 2)"
C:\Users\singh\Desktop\a2 i&v\edited code files\data\raw\BSL_Dataset\2_HAND_DATASET\M\975.png,M,two_hand,"wrong_hand_count (detected 1, expected 2)"
C:\Users\singh\Desktop\a2 i&v\edited code files\data\raw\BSL_Dataset\2_HAND_DATASET\M\980.png,M,two_hand,"wrong_hand_count (detected 1, expected 2)"
C:\Users\singh\Desktop\a2 i&v\edited code files\data\raw\BSL_Dataset\2_HAND_DATASET\M\985.png,M,two_hand,"wrong_hand_count (detected 1, expected 2)"
C:\Users\singh\Desktop\a2 i&v\edited code files\data\raw\BSL_Dataset\2_HAND_DATASET\M\990.png,M,two_hand,"wrong_hand_count (detected 1, expected 2)"
C:\Users\singh\Desktop\a2 i&v\edited code files\data\raw\BSL_Dataset\2_HAND_DATASET\M\995.png,M,two_hand,"wrong_hand_count (detected 1, expected 2)"
C:\Users\singh\Desktop\a2 i&v\edited code files\data\raw\BSL_Dataset\2_HAND_DATASET\N\10.png,N,two_hand,"wrong_hand_count (detected 1, expected 2)"
C:\Users\singh\Desktop\a2 i&v\edited code files\data\raw\BSL_Dataset\2_HAND_DATASET\N\100.png,N,two_hand,"wrong_hand_count (detected 1, expected 2)"
C:\Users\singh\Desktop\a2 i&v\edited code files\data\raw\BSL_Dataset\2_HAND_DATASET\N\1000.png,N,two_hand,"wrong_hand_count (detected 1, expected 2)"
C:\Users\singh\Desktop\a2 i&v\edited code files\data\raw\BSL_Dataset\2_HAND_DATASET\N\1045.png,N,two_hand,"wrong_hand_count (detected 1, expected 2)"
C:\Users\singh\Desktop\a2 i&v\edited code files\data\raw\BSL_Dataset\2_HAND_DATASET\N\1095.png,N,two_hand,"wrong_hand_count (detected 1, expected 2)"
C:\Users\singh\Desktop\a2 i&v\edited code files\data\raw\BSL_Dataset\2_HAND_DATASET\N\110.png,N,two_hand,"wrong_hand_count (detected 1, expected 2)"
C:\Users\singh\Desktop\a2 i&v\edited code files\data\raw\BSL_Dataset\2_HAND_DATASET\N\1110.png,N,two_hand,"wrong_hand_count (detected 1, expected 2)"
C:\Users\singh\Desktop\a2 i&v\edited code files\data\raw\BSL_Dataset\2_HAND_DATASET\N\1115.png,N,two_hand,"wrong_hand_count (detected 1, expected 2)"
C:\Users\singh\Desktop\a2 i&v\edited code files\data\raw\BSL_Dataset\2_HAND_DATASET\N\1135.png,N,two_hand,"wrong_hand_count (detected 1, expected 2)"
C:\Users\singh\Desktop\a2 i&v\edited code files\data\raw\BSL_Dataset\2_HAND_DATASET\N\1185.png,N,two_hand,"wrong_hand_count (detected 1, expected 2)"
C:\Users\singh\Desktop\a2 i&v\edited code files\data\raw\BSL_Dataset\2_HAND_DATASET\N\1195.png,N,two_hand,"wrong_hand_count (detected 1, expected 2)"
C:\Users\singh\Desktop\a2 i&v\edited code files\data\raw\BSL_Dataset\2_HAND_DATASET\N\120.png,N,two_hand,"wrong_hand_count (detected 1, expected 2)"
C:\Users\singh\Desktop\a2 i&v\edited code files\data\raw\BSL_Dataset\2_HAND_DATASET\N\1215.png,N,two_hand,no_hands
C:\Users\singh\Desktop\a2 i&v\edited code files\data\raw\BSL_Dataset\2_HAND_DATASET\N\1220.png,N,two_hand,"wrong_hand_count (detected 1, expected 2)"
C:\Users\singh\Desktop\a2 i&v\edited code files\data\raw\BSL_Dataset\2_HAND_DATASET\N\125.png,N,two_hand,"wrong_hand_count (detected 1, expected 2)"
C:\Users\singh\Desktop\a2 i&v\edited code files\data\raw\BSL_Dataset\2_HAND_DATASET\N\1250.png,N,two_hand,"wrong_hand_count (detected 1, expected 2)"
C:\Users\singh\Desktop\a2 i&v\edited code files\data\raw\BSL_Dataset\2_HAND_DATASET\N\1255.png,N,two_hand,"wrong_hand_count (detected 1, expected 2)"
C:\Users\singh\Desktop\a2 i&v\edited code files\data\raw\BSL_Dataset\2_HAND_DATASET\N\1285.png,N,two_hand,"wrong_hand_count (detected 1, expected 2)"
C:\Users\singh\Desktop\a2 i&v\edited code files\data\raw\BSL_Dataset\2_HAND_DATASET\N\130.png,N,two_hand,"wrong_hand_count (detected 1, expected 2)"
C:\Users\singh\Desktop\a2 i&v\edited code files\data\raw\BSL_Dataset\2_HAND_DATASET\N\135.png,N,two_hand,"wrong_hand_count (detected 1, expected 2)"
C:\Users\singh\Desktop\a2 i&v\edited code files\data\raw\BSL_Dataset\2_HAND_DATASET\N\1350.png,N,two_hand,"wrong_hand_count (detected 1, expected 2)"
C:\Users\singh\Desktop\a2 i&v\edited code files\data\raw\BSL_Dataset\2_HAND_DATASET\N\1365.png,N,two_hand,"wrong_hand_count (detected 1, expected 2)"
C:\Users\singh\Desktop\a2 i&v\edited code files\data\raw\BSL_Dataset\2_HAND_DATASET\N\1370.png,N,two_hand,"wrong_hand_count (detected 1, expected 2)"
C:\Users\singh\Desktop\a2 i&v\edited code files\data\raw\BSL_Dataset\2_HAND_DATASET\N\1380.png,N,two_hand,"wrong_hand_count (detected 1, expected 2)"
C:\Users\singh\Desktop\a2 i&v\edited code files\data\raw\BSL_Dataset\2_HAND_DATASET\N\145.png,N,two_hand,"wrong_hand_count (detected 1, expected 2)"
C:\Users\singh\Desktop\a2 i&v\edited code files\data\raw\BSL_Dataset\2_HAND_DATASET\N\1450.png,N,two_hand,"wrong_hand_count (detected 1, expected 2)"
C:\Users\singh\Desktop\a2 i&v\edited code files\data\raw\BSL_Dataset\2_HAND_DATASET\N\1460.png,N,two_hand,"wrong_hand_count (detected 1, expected 2)"
C:\Users\singh\Desktop\a2 i&v\edited code files\data\raw\BSL_Dataset\2_HAND_DATASET\N\1465.png,N,two_hand,"wrong_hand_count (detected 1, expected 2)"
C:\Users\singh\Desktop\a2 i&v\edited code files\data\raw\BSL_Dataset\2_HAND_DATASET\N\1490.png,N,two_hand,"wrong_hand_count (detected 1, expected 2)"
C:\Users\singh\Desktop\a2 i&v\edited code files\data\raw\BSL_Dataset\2_HAND_DATASET\N\15.png,N,two_hand,"wrong_hand_count (detected 1, expected 2)"
C:\Users\singh\Desktop\a2 i&v\edited code files\data\raw\BSL_Dataset\2_HAND_DATASET\N\150.png,N,two_hand,"wrong_hand_count (detected 1, expected 2)"
C:\Users\singh\Desktop\a2 i&v\edited code files\data\raw\BSL_Dataset\2_HAND_DATASET\N\1535.png,N,two_hand,"wrong_hand_count (detected 1, expected 2)"
C:\Users\singh\Desktop\a2 i&v\edited code files\data\raw\BSL_Dataset\2_HAND_DATASET\N\155.png,N,two_hand,"wrong_hand_count (detected 1, expected 2)"
C:\Users\singh\Desktop\a2 i&v\edited code files\data\raw\BSL_Dataset\2_HAND_DATASET\N\1550.png,N,two_hand,"wrong_hand_count (detected 1, expected 2)"
C:\Users\singh\Desktop\a2 i&v\edited code files\data\raw\BSL_Dataset\2_HAND_DATASET\N\1580.png,N,two_hand,"wrong_hand_count (detected 1, expected 2)"
C:\Users\singh\Desktop\a2 i&v\edited code files\data\raw\BSL_Dataset\2_HAND_DATASET\N\1595.png,N,two_hand,"wrong_hand_count (detected 1, expected 2)"
C:\Users\singh\Desktop\a2 i&v\edited code files\data\raw\BSL_Dataset\2_HAND_DATASET\N\1600.png,N,two_hand,"wrong_hand_count (detected 1, expected 2)"
C:\Users\singh\Desktop\a2 i&v\edited code files\data\raw\BSL_Dataset\2_HAND_DATASET\N\1645.png,N,two_hand,"wrong_hand_count (detected 1, expected 2)"
C:\Users\singh\Desktop\a2 i&v\edited code files\data\raw\BSL_Dataset\2_HAND_DATASET\N\165.png,N,two_hand,"wrong_hand_count (detected 1, expected 2)"
C:\Users\singh\Desktop\a2 i&v\edited code files\data\raw\BSL_Dataset\2_HAND_DATASET\N\1675.png,N,two_hand,"wrong_hand_count (detected 1, expected 2)"
C:\Users\singh\Desktop\a2 i&v\edited code files\data\raw\BSL_Dataset\2_HAND_DATASET\N\170.png,N,two_hand,"wrong_hand_count (detected 1, expected 2)"
C:\Users\singh\Desktop\a2 i&v\edited code files\data\raw\BSL_Dataset\2_HAND_DATASET\N\175.png,N,two_hand,"wrong_hand_count (detected 1, expected 2)"
C:\Users\singh\Desktop\a2 i&v\edited code files\data\raw\BSL_Dataset\2_HAND_DATASET\N\180.png,N,two_hand,"wrong_hand_count (detected 1, expected 2)"
C:\Users\singh\Desktop\a2 i&v\edited code files\data\raw\BSL_Dataset\2_HAND_DATASET\N\1850.png,N,two_hand,"wrong_hand_count (detected 1, expected 2)"
C:\Users\singh\Desktop\a2 i&v\edited code files\data\raw\BSL_Dataset\2_HAND_DATASET\N\1880.png,N,two_hand,"wrong_hand_count (detected 1, expected 2)"
C:\Users\singh\Desktop\a2 i&v\edited code files\data\raw\BSL_Dataset\2_HAND_DATASET\N\190.png,N,two_hand,"wrong_hand_count (detected 1, expected 2)"
C:\Users\singh\Desktop\a2 i&v\edited code files\data\raw\BSL_Dataset\2_HAND_DATASET\N\1915.png,N,two_hand,"wrong_hand_count (detected 1, expected 2)"
C:\Users\singh\Desktop\a2 i&v\edited code files\data\raw\BSL_Dataset\2_HAND_DATASET\N\1925.png,N,two_hand,"wrong_hand_count (detected 1, expected 2)"
C:\Users\singh\Desktop\a2 i&v\edited code files\data\raw\BSL_Dataset\2_HAND_DATASET\N\1970.png,N,two_hand,"wrong_hand_count (detected 1, expected 2)"
C:\Users\singh\Desktop\a2 i&v\edited code files\data\raw\BSL_Dataset\2_HAND_DATASET\N\1980.png,N,two_hand,"wrong_hand_count (detected 1, expected 2)"
C:\Users\singh\Desktop\a2 i&v\edited code files\data\raw\BSL_Dataset\2_HAND_DATASET\N\1990.png,N,two_hand,"wrong_hand_count (detected 1, expected 2)"
C:\Users\singh\Desktop\a2 i&v\edited code files\data\raw\BSL_Dataset\2_HAND_DATASET\N\20.png,N,two_hand,"wrong_hand_count (detected 1, expected 2)"
C:\Users\singh\Desktop\a2 i&v\edited code files\data\raw\BSL_Dataset\2_HAND_DATASET\N\200.png,N,two_hand,"wrong_hand_count (detected 1, expected 2)"
C:\Users\singh\Desktop\a2 i&v\edited code files\data\raw\BSL_Dataset\2_HAND_DATASET\N\2040.png,N,two_hand,"wrong_hand_count (detected 1, expected 2)"
C:\Users\singh\Desktop\a2 i&v\edited code files\data\raw\BSL_Dataset\2_HAND_DATASET\N\205.png,N,two_hand,"wrong_hand_count (detected 1, expected 2)"
C:\Users\singh\Desktop\a2 i&v\edited code files\data\raw\BSL_Dataset\2_HAND_DATASET\N\210.png,N,two_hand,"wrong_hand_count (detected 1, expected 2)"
C:\Users\singh\Desktop\a2 i&v\edited code files\data\raw\BSL_Dataset\2_HAND_DATASET\N\2140.png,N,two_hand,"wrong_hand_count (detected 1, expected 2)"
C:\Users\singh\Desktop\a2 i&v\edited code files\data\raw\BSL_Dataset\2_HAND_DATASET\N\2145.png,N,two_hand,"wrong_hand_count (detected 1, expected 2)"
C:\Users\singh\Desktop\a2 i&v\edited code files\data\raw\BSL_Dataset\2_HAND_DATASET\N\2150.png,N,two_hand,"wrong_hand_count (detected 1, expected 2)"
C:\Users\singh\Desktop\a2 i&v\edited code files\data\raw\BSL_Dataset\2_HAND_DATASET\N\2155.png,N,two_hand,"wrong_hand_count (detected 1, expected 2)"
C:\Users\singh\Desktop\a2 i&v\edited code files\data\raw\BSL_Dataset\2_HAND_DATASET\N\2170.png,N,two_hand,"wrong_hand_count (detected 1, expected 2)"
C:\Users\singh\Desktop\a2 i&v\edited code files\data\raw\BSL_Dataset\2_HAND_DATASET\N\220.png,N,two_hand,"wrong_hand_count (detected 1, expected 2)"
C:\Users\singh\Desktop\a2 i&v\edited code files\data\raw\BSL_Dataset\2_HAND_DATASET\N\2205.png,N,two_hand,"wrong_hand_count (detected 1, expected 2)"
C:\Users\singh\Desktop\a2 i&v\edited code files\data\raw\BSL_Dataset\2_HAND_DATASET\N\2230.png,N,two_hand,"wrong_hand_count (detected 1, expected 2)"
C:\Users\singh\Desktop\a2 i&v\edited code files\data\raw\BSL_Dataset\2_HAND_DATASET\N\2265.png,N,two_hand,"wrong_hand_count (detected 1, expected 2)"
C:\Users\singh\Desktop\a2 i&v\edited code files\data\raw\BSL_Dataset\2_HAND_DATASET\N\2280.png,N,two_hand,"wrong_hand_count (detected 1, expected 2)"
C:\Users\singh\Desktop\a2 i&v\edited code files\data\raw\BSL_Dataset\2_HAND_DATASET\N\2290.png,N,two_hand,"wrong_hand_count (detected 1, expected 2)"
C:\Users\singh\Desktop\a2 i&v\edited code files\data\raw\BSL_Dataset\2_HAND_DATASET\N\2300.png,N,two_hand,"wrong_hand_count (detected 1, expected 2)"
C:\Users\singh\Desktop\a2 i&v\edited code files\data\raw\BSL_Dataset\2_HAND_DATASET\N\2310.png,N,two_hand,"wrong_hand_count (detected 1, expected 2)"
C:\Users\singh\Desktop\a2 i&v\edited code files\data\raw\BSL_Dataset\2_HAND_DATASET\N\2330.png,N,two_hand,"wrong_hand_count (detected 1, expected 2)"
C:\Users\singh\Desktop\a2 i&v\edited code files\data\raw\BSL_Dataset\2_HAND_DATASET\N\235.png,N,two_hand,"wrong_hand_count (detected 1, expected 2)"
C:\Users\singh\Desktop\a2 i&v\edited code files\data\raw\BSL_Dataset\2_HAND_DATASET\N\2355.png,N,two_hand,"wrong_hand_count (detected 1, expected 2)"
C:\Users\singh\Desktop\a2 i&v\edited code files\data\raw\BSL_Dataset\2_HAND_DATASET\N\2360.png,N,two_hand,"wrong_hand_count (detected 1, expected 2)"
C:\Users\singh\Desktop\a2 i&v\edited code files\data\raw\BSL_Dataset\2_HAND_DATASET\N\2365.png,N,two_hand,"wrong_hand_count (detected 1, expected 2)"
C:\Users\singh\Desktop\a2 i&v\edited code files\data\raw\BSL_Dataset\2_HAND_DATASET\N\2380.png,N,two_hand,"wrong_hand_count (detected 1, expected 2)"
C:\Users\singh\Desktop\a2 i&v\edited code files\data\raw\BSL_Dataset\2_HAND_DATASET\N\240.png,N,two_hand,"wrong_hand_count (detected 1, expected 2)"
C:\Users\singh\Desktop\a2 i&v\edited code files\data\raw\BSL_Dataset\2_HAND_DATASET\N\2400.png,N,two_hand,"wrong_hand_count (detected 1, expected 2)"
C:\Users\singh\Desktop\a2 i&v\edited code files\data\raw\BSL_Dataset\2_HAND_DATASET\N\245.png,N,two_hand,"wrong_hand_count (detected 1, expected 2)"
C:\Users\singh\Desktop\a2 i&v\edited code files\data\raw\BSL_Dataset\2_HAND_DATASET\N\2490.png,N,two_hand,"wrong_hand_count (detected 1, expected 2)"
C:\Users\singh\Desktop\a2 i&v\edited code files\data\raw\BSL_Dataset\2_HAND_DATASET\N\25.png,N,two_hand,"wrong_hand_count (detected 1, expected 2)"
C:\Users\singh\Desktop\a2 i&v\edited code files\data\raw\BSL_Dataset\2_HAND_DATASET\N\2500.png,N,two_hand,"wrong_hand_count (detected 1, expected 2)"
C:\Users\singh\Desktop\a2 i&v\edited code files\data\raw\BSL_Dataset\2_HAND_DATASET\N\2505.png,N,two_hand,"wrong_hand_count (detected 1, expected 2)"
C:\Users\singh\Desktop\a2 i&v\edited code files\data\raw\BSL_Dataset\2_HAND_DATASET\N\2515.png,N,two_hand,"wrong_hand_count (detected 1, expected 2)"
C:\Users\singh\Desktop\a2 i&v\edited code files\data\raw\BSL_Dataset\2_HAND_DATASET\N\2525.png,N,two_hand,"wrong_hand_count (detected 1, expected 2)"
C:\Users\singh\Desktop\a2 i&v\edited code files\data\raw\BSL_Dataset\2_HAND_DATASET\N\2540.png,N,two_hand,"wrong_hand_count (detected 1, expected 2)"
C:\Users\singh\Desktop\a2 i&v\edited code files\data\raw\BSL_Dataset\2_HAND_DATASET\N\2570.png,N,two_hand,"wrong_hand_count (detected 1, expected 2)"
C:\Users\singh\Desktop\a2 i&v\edited code files\data\raw\BSL_Dataset\2_HAND_DATASET\N\2590.png,N,two_hand,"wrong_hand_count (detected 1, expected 2)"
C:\Users\singh\Desktop\a2 i&v\edited code files\data\raw\BSL_Dataset\2_HAND_DATASET\N\260.png,N,two_hand,"wrong_hand_count (detected 1, expected 2)"
C:\Users\singh\Desktop\a2 i&v\edited code files\data\raw\BSL_Dataset\2_HAND_DATASET\N\2605.png,N,two_hand,"wrong_hand_count (detected 1, expected 2)"
C:\Users\singh\Desktop\a2 i&v\edited code files\data\raw\BSL_Dataset\2_HAND_DATASET\N\2630.png,N,two_hand,"wrong_hand_count (detected 1, expected 2)"
C:\Users\singh\Desktop\a2 i&v\edited code files\data\raw\BSL_Dataset\2_HAND_DATASET\N\2640.png,N,two_hand,"wrong_hand_count (detected 1, expected 2)"
C:\Users\singh\Desktop\a2 i&v\edited code files\data\raw\BSL_Dataset\2_HAND_DATASET\N\265.png,N,two_hand,"wrong_hand_count (detected 1, expected 2)"
C:\Users\singh\Desktop\a2 i&v\edited code files\data\raw\BSL_Dataset\2_HAND_DATASET\N\2660.png,N,two_hand,"wrong_hand_count (detected 1, expected 2)"
C:\Users\singh\Desktop\a2 i&v\edited code files\data\raw\BSL_Dataset\2_HAND_DATASET\N\270.png,N,two_hand,"wrong_hand_count (detected 1, expected 2)"
C:\Users\singh\Desktop\a2 i&v\edited code files\data\raw\BSL_Dataset\2_HAND_DATASET\N\2730.png,N,two_hand,"wrong_hand_count (detected 1, expected 2)"
C:\Users\singh\Desktop\a2 i&v\edited code files\data\raw\BSL_Dataset\2_HAND_DATASET\N\275.png,N,two_hand,"wrong_hand_count (detected 1, expected 2)"
C:\Users\singh\Desktop\a2 i&v\edited code files\data\raw\BSL_Dataset\2_HAND_DATASET\N\2760.png,N,two_hand,"wrong_hand_count (detected 1, expected 2)"
C:\Users\singh\Desktop\a2 i&v\edited code files\data\raw\BSL_Dataset\2_HAND_DATASET\N\2775.png,N,two_hand,"wrong_hand_count (detected 1, expected 2)"
C:\Users\singh\Desktop\a2 i&v\edited code files\data\raw\BSL_Dataset\2_HAND_DATASET\N\280.png,N,two_hand,"wrong_hand_count (detected 1, expected 2)"
C:\Users\singh\Desktop\a2 i&v\edited code files\data\raw\BSL_Dataset\2_HAND_DATASET\N\2845.png,N,two_hand,"wrong_hand_count (detected 1, expected 2)"
C:\Users\singh\Desktop\a2 i&v\edited code files\data\raw\BSL_Dataset\2_HAND_DATASET\N\2855.png,N,two_hand,"wrong_hand_count (detected 1, expected 2)"
C:\Users\singh\Desktop\a2 i&v\edited code files\data\raw\BSL_Dataset\2_HAND_DATASET\N\2865.png,N,two_hand,"wrong_hand_count (detected 1, expected 2)"
C:\Users\singh\Desktop\a2 i&v\edited code files\data\raw\BSL_Dataset\2_HAND_DATASET\N\2885.png,N,two_hand,"wrong_hand_count (detected 1, expected 2)"
C:\Users\singh\Desktop\a2 i&v\edited code files\data\raw\BSL_Dataset\2_HAND_DATASET\N\2895.png,N,two_hand,"wrong_hand_count (detected 1, expected 2)"
C:\Users\singh\Desktop\a2 i&v\edited code files\data\raw\BSL_Dataset\2_HAND_DATASET\N\290.png,N,two_hand,"wrong_hand_count (detected 1, expected 2)"
C:\Users\singh\Desktop\a2 i&v\edited code files\data\raw\BSL_Dataset\2_HAND_DATASET\N\2930.png,N,two_hand,"wrong_hand_count (detected 1, expected 2)"
C:\Users\singh\Desktop\a2 i&v\edited code files\data\raw\BSL_Dataset\2_HAND_DATASET\N\295.png,N,two_hand,"wrong_hand_count (detected 1, expected 2)"
C:\Users\singh\Desktop\a2 i&v\edited code files\data\raw\BSL_Dataset\2_HAND_DATASET\N\2965.png,N,two_hand,"wrong_hand_count (detected 1, expected 2)"
C:\Users\singh\Desktop\a2 i&v\edited code files\data\raw\BSL_Dataset\2_HAND_DATASET\N\2980.png,N,two_hand,"wrong_hand_count (detected 1, expected 2)"
C:\Users\singh\Desktop\a2 i&v\edited code files\data\raw\BSL_Dataset\2_HAND_DATASET\N\2985.png,N,two_hand,"wrong_hand_count (detected 1, expected 2)"
C:\Users\singh\Desktop\a2 i&v\edited code files\data\raw\BSL_Dataset\2_HAND_DATASET\N\30.png,N,two_hand,"wrong_hand_count (detected 1, expected 2)"
C:\Users\singh\Desktop\a2 i&v\edited code files\data\raw\BSL_Dataset\2_HAND_DATASET\N\3005.png,N,two_hand,"wrong_hand_count (detected 1, expected 2)"
C:\Users\singh\Desktop\a2 i&v\edited code files\data\raw\BSL_Dataset\2_HAND_DATASET\N\310.png,N,two_hand,"wrong_hand_count (detected 1, expected 2)"
C:\Users\singh\Desktop\a2 i&v\edited code files\data\raw\BSL_Dataset\2_HAND_DATASET\N\3125.png,N,two_hand,"wrong_hand_count (detected 1, expected 2)"
C:\Users\singh\Desktop\a2 i&v\edited code files\data\raw\BSL_Dataset\2_HAND_DATASET\N\3145.png,N,two_hand,"wrong_hand_count (detected 1, expected 2)"
C:\Users\singh\Desktop\a2 i&v\edited code files\data\raw\BSL_Dataset\2_HAND_DATASET\N\315.png,N,two_hand,"wrong_hand_count (detected 1, expected 2)"
C:\Users\singh\Desktop\a2 i&v\edited code files\data\raw\BSL_Dataset\2_HAND_DATASET\N\320.png,N,two_hand,"wrong_hand_count (detected 1, expected 2)"
C:\Users\singh\Desktop\a2 i&v\edited code files\data\raw\BSL_Dataset\2_HAND_DATASET\N\3230.png,N,two_hand,"wrong_hand_count (detected 1, expected 2)"
C:\Users\singh\Desktop\a2 i&v\edited code files\data\raw\BSL_Dataset\2_HAND_DATASET\N\3235.png,N,two_hand,"wrong_hand_count (detected 1, expected 2)"
C:\Users\singh\Desktop\a2 i&v\edited code files\data\raw\BSL_Dataset\2_HAND_DATASET\N\3245.png,N,two_hand,"wrong_hand_count (detected 1, expected 2)"
C:\Users\singh\Desktop\a2 i&v\edited code files\data\raw\BSL_Dataset\2_HAND_DATASET\N\330.png,N,two_hand,"wrong_hand_count (detected 1, expected 2)"
C:\Users\singh\Desktop\a2 i&v\edited code files\data\raw\BSL_Dataset\2_HAND_DATASET\N\3315.png,N,two_hand,"wrong_hand_count (detected 1, expected 2)"
C:\Users\singh\Desktop\a2 i&v\edited code files\data\raw\BSL_Dataset\2_HAND_DATASET\N\3335.png,N,two_hand,"wrong_hand_count (detected 1, expected 2)"
C:\Users\singh\Desktop\a2 i&v\edited code files\data\raw\BSL_Dataset\2_HAND_DATASET\N\335.png,N,two_hand,"wrong_hand_count (detected 1, expected 2)"
C:\Users\singh\Desktop\a2 i&v\edited code files\data\raw\BSL_Dataset\2_HAND_DATASET\N\3355.png,N,two_hand,"wrong_hand_count (detected 1, expected 2)"
C:\Users\singh\Desktop\a2 i&v\edited code files\data\raw\BSL_Dataset\2_HAND_DATASET\N\3375.png,N,two_hand,"wrong_hand_count (detected 1, expected 2)"
C:\Users\singh\Desktop\a2 i&v\edited code files\data\raw\BSL_Dataset\2_HAND_DATASET\N\340.png,N,two_hand,"wrong_hand_count (detected 1, expected 2)"
C:\Users\singh\Desktop\a2 i&v\edited code files\data\raw\BSL_Dataset\2_HAND_DATASET\N\3425.png,N,two_hand,"wrong_hand_count (detected 1, expected 2)"
C:\Users\singh\Desktop\a2 i&v\edited code files\data\raw\BSL_Dataset\2_HAND_DATASET\N\3435.png,N,two_hand,"wrong_hand_count (detected 1, expected 2)"
C:\Users\singh\Desktop\a2 i&v\edited code files\data\raw\BSL_Dataset\2_HAND_DATASET\N\3450.png,N,two_hand,"wrong_hand_count (detected 1, expected 2)"
C:\Users\singh\Desktop\a2 i&v\edited code files\data\raw\BSL_Dataset\2_HAND_DATASET\N\3455.png,N,two_hand,"wrong_hand_count (detected 1, expected 2)"
C:\Users\singh\Desktop\a2 i&v\edited code files\data\raw\BSL_Dataset\2_HAND_DATASET\N\3460.png,N,two_hand,"wrong_hand_count (detected 1, expected 2)"
C:\Users\singh\Desktop\a2 i&v\edited code files\data\raw\BSL_Dataset\2_HAND_DATASET\N\3465.png,N,two_hand,"wrong_hand_count (detected 1, expected 2)"
C:\Users\singh\Desktop\a2 i&v\edited code files\data\raw\BSL_Dataset\2_HAND_DATASET\N\3475.png,N,two_hand,"wrong_hand_count (detected 1, expected 2)"
C:\Users\singh\Desktop\a2 i&v\edited code files\data\raw\BSL_Dataset\2_HAND_DATASET\N\350.png,N,two_hand,"wrong_hand_count (detected 1, expected 2)"
C:\Users\singh\Desktop\a2 i&v\edited code files\data\raw\BSL_Dataset\2_HAND_DATASET\N\3500.png,N,two_hand,"wrong_hand_count (detected 1, expected 2)"
C:\Users\singh\Desktop\a2 i&v\edited code files\data\raw\BSL_Dataset\2_HAND_DATASET\N\3510.png,N,two_hand,"wrong_hand_count (detected 1, expected 2)"
C:\Users\singh\Desktop\a2 i&v\edited code files\data\raw\BSL_Dataset\2_HAND_DATASET\N\3545.png,N,two_hand,"wrong_hand_count (detected 1, expected 2)"
C:\Users\singh\Desktop\a2 i&v\edited code files\data\raw\BSL_Dataset\2_HAND_DATASET\N\3570.png,N,two_hand,"wrong_hand_count (detected 1, expected 2)"
C:\Users\singh\Desktop\a2 i&v\edited code files\data\raw\BSL_Dataset\2_HAND_DATASET\N\3575.png,N,two_hand,"wrong_hand_count (detected 1, expected 2)"
C:\Users\singh\Desktop\a2 i&v\edited code files\data\raw\BSL_Dataset\2_HAND_DATASET\N\3580.png,N,two_hand,"wrong_hand_count (detected 1, expected 2)"
C:\Users\singh\Desktop\a2 i&v\edited code files\data\raw\BSL_Dataset\2_HAND_DATASET\N\360.png,N,two_hand,"wrong_hand_count (detected 1, expected 2)"
C:\Users\singh\Desktop\a2 i&v\edited code files\data\raw\BSL_Dataset\2_HAND_DATASET\N\3630.png,N,two_hand,"wrong_hand_count (detected 1, expected 2)"
C:\Users\singh\Desktop\a2 i&v\edited code files\data\raw\BSL_Dataset\2_HAND_DATASET\N\365.png,N,two_hand,"wrong_hand_count (detected 1, expected 2)"
C:\Users\singh\Desktop\a2 i&v\edited code files\data\raw\BSL_Dataset\2_HAND_DATASET\N\3670.png,N,two_hand,"wrong_hand_count (detected 1, expected 2)"
C:\Users\singh\Desktop\a2 i&v\edited code files\data\raw\BSL_Dataset\2_HAND_DATASET\N\370.png,N,two_hand,"wrong_hand_count (detected 1, expected 2)"
C:\Users\singh\Desktop\a2 i&v\edited code files\data\raw\BSL_Dataset\2_HAND_DATASET\N\3700.png,N,two_hand,"wrong_hand_count (detected 1, expected 2)"
C:\Users\singh\Desktop\a2 i&v\edited code files\data\raw\BSL_Dataset\2_HAND_DATASET\N\3705.png,N,two_hand,"wrong_hand_count (detected 1, expected 2)"
C:\Users\singh\Desktop\a2 i&v\edited code files\data\raw\BSL_Dataset\2_HAND_DATASET\N\3725.png,N,two_hand,"wrong_hand_count (detected 1, expected 2)"
C:\Users\singh\Desktop\a2 i&v\edited code files\data\raw\BSL_Dataset\2_HAND_DATASET\N\3730.png,N,two_hand,"wrong_hand_count (detected 1, expected 2)"
C:\Users\singh\Desktop\a2 i&v\edited code files\data\raw\BSL_Dataset\2_HAND_DATASET\N\3755.png,N,two_hand,"wrong_hand_count (detected 1, expected 2)"
C:\Users\singh\Desktop\a2 i&v\edited code files\data\raw\BSL_Dataset\2_HAND_DATASET\N\3785.png,N,two_hand,"wrong_hand_count (detected 1, expected 2)"
C:\Users\singh\Desktop\a2 i&v\edited code files\data\raw\BSL_Dataset\2_HAND_DATASET\N\380.png,N,two_hand,"wrong_hand_count (detected 1, expected 2)"
C:\Users\singh\Desktop\a2 i&v\edited code files\data\raw\BSL_Dataset\2_HAND_DATASET\N\3850.png,N,two_hand,"wrong_hand_count (detected 1, expected 2)"
C:\Users\singh\Desktop\a2 i&v\edited code files\data\raw\BSL_Dataset\2_HAND_DATASET\N\390.png,N,two_hand,"wrong_hand_count (detected 1, expected 2)"
C:\Users\singh\Desktop\a2 i&v\edited code files\data\raw\BSL_Dataset\2_HAND_DATASET\N\3910.png,N,two_hand,"wrong_hand_count (detected 1, expected 2)"
C:\Users\singh\Desktop\a2 i&v\edited code files\data\raw\BSL_Dataset\2_HAND_DATASET\N\3930.png,N,two_hand,"wrong_hand_count (detected 1, expected 2)"
C:\Users\singh\Desktop\a2 i&v\edited code files\data\raw\BSL_Dataset\2_HAND_DATASET\N\3935.png,N,two_hand,"wrong_hand_count (detected 1, expected 2)"
C:\Users\singh\Desktop\a2 i&v\edited code files\data\raw\BSL_Dataset\2_HAND_DATASET\N\3940.png,N,two_hand,"wrong_hand_count (detected 1, expected 2)"
C:\Users\singh\Desktop\a2 i&v\edited code files\data\raw\BSL_Dataset\2_HAND_DATASET\N\3945.png,N,two_hand,"wrong_hand_count (detected 1, expected 2)"
C:\Users\singh\Desktop\a2 i&v\edited code files\data\raw\BSL_Dataset\2_HAND_DATASET\N\3950.png,N,two_hand,"wrong_hand_count (detected 1, expected 2)"
C:\Users\singh\Desktop\a2 i&v\edited code files\data\raw\BSL_Dataset\2_HAND_DATASET\N\3975.png,N,two_hand,"wrong_hand_count (detected 1, expected 2)"
C:\Users\singh\Desktop\a2 i&v\edited code files\data\raw\BSL_Dataset\2_HAND_DATASET\N\40.png,N,two_hand,"wrong_hand_count (detected 1, expected 2)"
C:\Users\singh\Desktop\a2 i&v\edited code files\data\raw\BSL_Dataset\2_HAND_DATASET\N\400.png,N,two_hand,"wrong_hand_count (detected 1, expected 2)"
C:\Users\singh\Desktop\a2 i&v\edited code files\data\raw\BSL_Dataset\2_HAND_DATASET\N\4005.png,N,two_hand,"wrong_hand_count (detected 1, expected 2)"
C:\Users\singh\Desktop\a2 i&v\edited code files\data\raw\BSL_Dataset\2_HAND_DATASET\N\4025.png,N,two_hand,"wrong_hand_count (detected 1, expected 2)"
C:\Users\singh\Desktop\a2 i&v\edited code files\data\raw\BSL_Dataset\2_HAND_DATASET\N\4030.png,N,two_hand,"wrong_hand_count (detected 1, expected 2)"
C:\Users\singh\Desktop\a2 i&v\edited code files\data\raw\BSL_Dataset\2_HAND_DATASET\N\4035.png,N,two_hand,"wrong_hand_count (detected 1, expected 2)"
C:\Users\singh\Desktop\a2 i&v\edited code files\data\raw\BSL_Dataset\2_HAND_DATASET\N\4040.png,N,two_hand,"wrong_hand_count (detected 1, expected 2)"
C:\Users\singh\Desktop\a2 i&v\edited code files\data\raw\BSL_Dataset\2_HAND_DATASET\N\405.png,N,two_hand,"wrong_hand_count (detected 1, expected 2)"
C:\Users\singh\Desktop\a2 i&v\edited code files\data\raw\BSL_Dataset\2_HAND_DATASET\N\4055.png,N,two_hand,"wrong_hand_count (detected 1, expected 2)"
C:\Users\singh\Desktop\a2 i&v\edited code files\data\raw\BSL_Dataset\2_HAND_DATASET\N\4060.png,N,two_hand,"wrong_hand_count (detected 1, expected 2)"
C:\Users\singh\Desktop\a2 i&v\edited code files\data\raw\BSL_Dataset\2_HAND_DATASET\N\410.png,N,two_hand,"wrong_hand_count (detected 1, expected 2)"
C:\Users\singh\Desktop\a2 i&v\edited code files\data\raw\BSL_Dataset\2_HAND_DATASET\N\4130.png,N,two_hand,"wrong_hand_count (detected 1, expected 2)"
C:\Users\singh\Desktop\a2 i&v\edited code files\data\raw\BSL_Dataset\2_HAND_DATASET\N\4135.png,N,two_hand,no_hands
C:\Users\singh\Desktop\a2 i&v\edited code files\data\raw\BSL_Dataset\2_HAND_DATASET\N\4140.png,N,two_hand,"wrong_hand_count (detected 1, expected 2)"
C:\Users\singh\Desktop\a2 i&v\edited code files\data\raw\BSL_Dataset\2_HAND_DATASET\N\4150.png,N,two_hand,"wrong_hand_count (detected 1, expected 2)"
C:\Users\singh\Desktop\a2 i&v\edited code files\data\raw\BSL_Dataset\2_HAND_DATASET\N\4175.png,N,two_hand,"wrong_hand_count (detected 1, expected 2)"
C:\Users\singh\Desktop\a2 i&v\edited code files\data\raw\BSL_Dataset\2_HAND_DATASET\N\4185.png,N,two_hand,"wrong_hand_count (detected 1, expected 2)"
C:\Users\singh\Desktop\a2 i&v\edited code files\data\raw\BSL_Dataset\2_HAND_DATASET\N\4190.png,N,two_hand,"wrong_hand_count (detected 1, expected 2)"
C:\Users\singh\Desktop\a2 i&v\edited code files\data\raw\BSL_Dataset\2_HAND_DATASET\N\4195.png,N,two_hand,"wrong_hand_count (detected 1, expected 2)"
C:\Users\singh\Desktop\a2 i&v\edited code files\data\raw\BSL_Dataset\2_HAND_DATASET\N\420.png,N,two_hand,"wrong_hand_count (detected 1, expected 2)"
C:\Users\singh\Desktop\a2 i&v\edited code files\data\raw\BSL_Dataset\2_HAND_DATASET\N\4200.png,N,two_hand,"wrong_hand_count (detected 1, expected 2)"
C:\Users\singh\Desktop\a2 i&v\edited code files\data\raw\BSL_Dataset\2_HAND_DATASET\N\4215.png,N,two_hand,"wrong_hand_count (detected 1, expected 2)"
C:\Users\singh\Desktop\a2 i&v\edited code files\data\raw\BSL_Dataset\2_HAND_DATASET\N\4220.png,N,two_hand,"wrong_hand_count (detected 1, expected 2)"
C:\Users\singh\Desktop\a2 i&v\edited code files\data\raw\BSL_Dataset\2_HAND_DATASET\N\4225.png,N,two_hand,no_hands
C:\Users\singh\Desktop\a2 i&v\edited code files\data\raw\BSL_Dataset\2_HAND_DATASET\N\4270.png,N,two_hand,"wrong_hand_count (detected 1, expected 2)"
C:\Users\singh\Desktop\a2 i&v\edited code files\data\raw\BSL_Dataset\2_HAND_DATASET\N\4285.png,N,two_hand,"wrong_hand_count (detected 1, expected 2)"
C:\Users\singh\Desktop\a2 i&v\edited code files\data\raw\BSL_Dataset\2_HAND_DATASET\N\4290.png,N,two_hand,no_hands
C:\Users\singh\Desktop\a2 i&v\edited code files\data\raw\BSL_Dataset\2_HAND_DATASET\N\4295.png,N,two_hand,"wrong_hand_count (detected 1, expected 2)"
C:\Users\singh\Desktop\a2 i&v\edited code files\data\raw\BSL_Dataset\2_HAND_DATASET\N\430.png,N,two_hand,"wrong_hand_count (detected 1, expected 2)"
C:\Users\singh\Desktop\a2 i&v\edited code files\data\raw\BSL_Dataset\2_HAND_DATASET\N\4300.png,N,two_hand,"wrong_hand_count (detected 1, expected 2)"
C:\Users\singh\Desktop\a2 i&v\edited code files\data\raw\BSL_Dataset\2_HAND_DATASET\N\4305.png,N,two_hand,"wrong_hand_count (detected 1, expected 2)"
C:\Users\singh\Desktop\a2 i&v\edited code files\data\raw\BSL_Dataset\2_HAND_DATASET\N\4315.png,N,two_hand,"wrong_hand_count (detected 1, expected 2)"
C:\Users\singh\Desktop\a2 i&v\edited code files\data\raw\BSL_Dataset\2_HAND_DATASET\N\435.png,N,two_hand,"wrong_hand_count (detected 1, expected 2)"
C:\Users\singh\Desktop\a2 i&v\edited code files\data\raw\BSL_Dataset\2_HAND_DATASET\N\4355.png,N,two_hand,"wrong_hand_count (detected 1, expected 2)"
C:\Users\singh\Desktop\a2 i&v\edited code files\data\raw\BSL_Dataset\2_HAND_DATASET\N\4365.png,N,two_hand,"wrong_hand_count (detected 1, expected 2)"
C:\Users\singh\Desktop\a2 i&v\edited code files\data\raw\BSL_Dataset\2_HAND_DATASET\N\4370.png,N,two_hand,"wrong_hand_count (detected 1, expected 2)"
C:\Users\singh\Desktop\a2 i&v\edited code files\data\raw\BSL_Dataset\2_HAND_DATASET\N\4375.png,N,two_hand,no_hands
C:\Users\singh\Desktop\a2 i&v\edited code files\data\raw\BSL_Dataset\2_HAND_DATASET\N\4380.png,N,two_hand,"wrong_hand_count (detected 1, expected 2)"
C:\Users\singh\Desktop\a2 i&v\edited code files\data\raw\BSL_Dataset\2_HAND_DATASET\N\4385.png,N,two_hand,"wrong_hand_count (detected 1, expected 2)"
C:\Users\singh\Desktop\a2 i&v\edited code files\data\raw\BSL_Dataset\2_HAND_DATASET\N\4390.png,N,two_hand,"wrong_hand_count (detected 1, expected 2)"
C:\Users\singh\Desktop\a2 i&v\edited code files\data\raw\BSL_Dataset\2_HAND_DATASET\N\4395.png,N,two_hand,"wrong_hand_count (detected 1, expected 2)"
C:\Users\singh\Desktop\a2 i&v\edited code files\data\raw\BSL_Dataset\2_HAND_DATASET\N\440.png,N,two_hand,"wrong_hand_count (detected 1, expected 2)"
C:\Users\singh\Desktop\a2 i&v\edited code files\data\raw\BSL_Dataset\2_HAND_DATASET\N\4410.png,N,two_hand,"wrong_hand_count (detected 1, expected 2)"
C:\Users\singh\Desktop\a2 i&v\edited code files\data\raw\BSL_Dataset\2_HAND_DATASET\N\4445.png,N,two_hand,no_hands
C:\Users\singh\Desktop\a2 i&v\edited code files\data\raw\BSL_Dataset\2_HAND_DATASET\N\445.png,N,two_hand,"wrong_hand_count (detected 1, expected 2)"
C:\Users\singh\Desktop\a2 i&v\edited code files\data\raw\BSL_Dataset\2_HAND_DATASET\N\4455.png,N,two_hand,"wrong_hand_count (detected 1, expected 2)"
C:\Users\singh\Desktop\a2 i&v\edited code files\data\raw\BSL_Dataset\2_HAND_DATASET\N\4460.png,N,two_hand,"wrong_hand_count (detected 1, expected 2)"
C:\Users\singh\Desktop\a2 i&v\edited code files\data\raw\BSL_Dataset\2_HAND_DATASET\N\4465.png,N,two_hand,"wrong_hand_count (detected 1, expected 2)"
C:\Users\singh\Desktop\a2 i&v\edited code files\data\raw\BSL_Dataset\2_HAND_DATASET\N\4470.png,N,two_hand,"wrong_hand_count (detected 1, expected 2)"
C:\Users\singh\Desktop\a2 i&v\edited code files\data\raw\BSL_Dataset\2_HAND_DATASET\N\45.png,N,two_hand,"wrong_hand_count (detected 1, expected 2)"
C:\Users\singh\Desktop\a2 i&v\edited code files\data\raw\BSL_Dataset\2_HAND_DATASET\N\450.png,N,two_hand,"wrong_hand_count (detected 1, expected 2)"
C:\Users\singh\Desktop\a2 i&v\edited code files\data\raw\BSL_Dataset\2_HAND_DATASET\N\4520.png,N,two_hand,"wrong_hand_count (detected 1, expected 2)"
C:\Users\singh\Desktop\a2 i&v\edited code files\data\raw\BSL_Dataset\2_HAND_DATASET\N\4535.png,N,two_hand,"wrong_hand_count (detected 1, expected 2)"
C:\Users\singh\Desktop\a2 i&v\edited code files\data\raw\BSL_Dataset\2_HAND_DATASET\N\4540.png,N,two_hand,"wrong_hand_count (detected 1, expected 2)"
C:\Users\singh\Desktop\a2 i&v\edited code files\data\raw\BSL_Dataset\2_HAND_DATASET\N\4545.png,N,two_hand,"wrong_hand_count (detected 1, expected 2)"
C:\Users\singh\Desktop\a2 i&v\edited code files\data\raw\BSL_Dataset\2_HAND_DATASET\N\4550.png,N,two_hand,"wrong_hand_count (detected 1, expected 2)"
C:\Users\singh\Desktop\a2 i&v\edited code files\data\raw\BSL_Dataset\2_HAND_DATASET\N\4555.png,N,two_hand,"wrong_hand_count (detected 1, expected 2)"
C:\Users\singh\Desktop\a2 i&v\edited code files\data\raw\BSL_Dataset\2_HAND_DATASET\N\4565.png,N,two_hand,"wrong_hand_count (detected 1, expected 2)"
C:\Users\singh\Desktop\a2 i&v\edited code files\data\raw\BSL_Dataset\2_HAND_DATASET\N\460.png,N,two_hand,"wrong_hand_count (detected 1, expected 2)"
C:\Users\singh\Desktop\a2 i&v\edited code files\data\raw\BSL_Dataset\2_HAND_DATASET\N\4600.png,N,two_hand,"wrong_hand_count (detected 1, expected 2)"
C:\Users\singh\Desktop\a2 i&v\edited code files\data\raw\BSL_Dataset\2_HAND_DATASET\N\4610.png,N,two_hand,no_hands
C:\Users\singh\Desktop\a2 i&v\edited code files\data\raw\BSL_Dataset\2_HAND_DATASET\N\4615.png,N,two_hand,"wrong_hand_count (detected 1, expected 2)"
C:\Users\singh\Desktop\a2 i&v\edited code files\data\raw\BSL_Dataset\2_HAND_DATASET\N\4620.png,N,two_hand,no_hands
C:\Users\singh\Desktop\a2 i&v\edited code files\data\raw\BSL_Dataset\2_HAND_DATASET\N\4625.png,N,two_hand,"wrong_hand_count (detected 1, expected 2)"
C:\Users\singh\Desktop\a2 i&v\edited code files\data\raw\BSL_Dataset\2_HAND_DATASET\N\4630.png,N,two_hand,"wrong_hand_count (detected 1, expected 2)"
C:\Users\singh\Desktop\a2 i&v\edited code files\data\raw\BSL_Dataset\2_HAND_DATASET\N\465.png,N,two_hand,"wrong_hand_count (detected 1, expected 2)"
C:\Users\singh\Desktop\a2 i&v\edited code files\data\raw\BSL_Dataset\2_HAND_DATASET\N\4685.png,N,two_hand,no_hands
C:\Users\singh\Desktop\a2 i&v\edited code files\data\raw\BSL_Dataset\2_HAND_DATASET\N\4690.png,N,two_hand,"wrong_hand_count (detected 1, expected 2)"
C:\Users\singh\Desktop\a2 i&v\edited code files\data\raw\BSL_Dataset\2_HAND_DATASET\N\4695.png,N,two_hand,"wrong_hand_count (detected 1, expected 2)"
C:\Users\singh\Desktop\a2 i&v\edited code files\data\raw\BSL_Dataset\2_HAND_DATASET\N\470.png,N,two_hand,"wrong_hand_count (detected 1, expected 2)"
C:\Users\singh\Desktop\a2 i&v\edited code files\data\raw\BSL_Dataset\2_HAND_DATASET\N\4700.png,N,two_hand,no_hands
C:\Users\singh\Desktop\a2 i&v\edited code files\data\raw\BSL_Dataset\2_HAND_DATASET\N\4710.png,N,two_hand,"wrong_hand_count (detected 1, expected 2)"
C:\Users\singh\Desktop\a2 i&v\edited code files\data\raw\BSL_Dataset\2_HAND_DATASET\N\475.png,N,two_hand,"wrong_hand_count (detected 1, expected 2)"
C:\Users\singh\Desktop\a2 i&v\edited code files\data\raw\BSL_Dataset\2_HAND_DATASET\N\4755.png,N,two_hand,no_hands
C:\Users\singh\Desktop\a2 i&v\edited code files\data\raw\BSL_Dataset\2_HAND_DATASET\N\4760.png,N,two_hand,"wrong_hand_count (detected 1, expected 2)"
C:\Users\singh\Desktop\a2 i&v\edited code files\data\raw\BSL_Dataset\2_HAND_DATASET\N\4765.png,N,two_hand,no_hands
C:\Users\singh\Desktop\a2 i&v\edited code files\data\raw\BSL_Dataset\2_HAND_DATASET\N\4770.png,N,two_hand,"wrong_hand_count (detected 1, expected 2)"
C:\Users\singh\Desktop\a2 i&v\edited code files\data\raw\BSL_Dataset\2_HAND_DATASET\N\4775.png,N,two_hand,"wrong_hand_count (detected 1, expected 2)"
C:\Users\singh\Desktop\a2 i&v\edited code files\data\raw\BSL_Dataset\2_HAND_DATASET\N\4780.png,N,two_hand,"wrong_hand_count (detected 1, expected 2)"
C:\Users\singh\Desktop\a2 i&v\edited code files\data\raw\BSL_Dataset\2_HAND_DATASET\N\4785.png,N,two_hand,"wrong_hand_count (detected 1, expected 2)"
C:\Users\singh\Desktop\a2 i&v\edited code files\data\raw\BSL_Dataset\2_HAND_DATASET\N\4795.png,N,two_hand,"wrong_hand_count (detected 1, expected 2)"
C:\Users\singh\Desktop\a2 i&v\edited code files\data\raw\BSL_Dataset\2_HAND_DATASET\N\4835.png,N,two_hand,"wrong_hand_count (detected 1, expected 2)"
C:\Users\singh\Desktop\a2 i&v\edited code files\data\raw\BSL_Dataset\2_HAND_DATASET\N\4845.png,N,two_hand,no_hands
C:\Users\singh\Desktop\a2 i&v\edited code files\data\raw\BSL_Dataset\2_HAND_DATASET\N\485.png,N,two_hand,"wrong_hand_count (detected 1, expected 2)"
C:\Users\singh\Desktop\a2 i&v\edited code files\data\raw\BSL_Dataset\2_HAND_DATASET\N\4850.png,N,two_hand,no_hands
C:\Users\singh\Desktop\a2 i&v\edited code files\data\raw\BSL_Dataset\2_HAND_DATASET\N\4855.png,N,two_hand,"wrong_hand_count (detected 1, expected 2)"
C:\Users\singh\Desktop\a2 i&v\edited code files\data\raw\BSL_Dataset\2_HAND_DATASET\N\4860.png,N,two_hand,"wrong_hand_count (detected 1, expected 2)"
C:\Users\singh\Desktop\a2 i&v\edited code files\data\raw\BSL_Dataset\2_HAND_DATASET\N\490.png,N,two_hand,"wrong_hand_count (detected 1, expected 2)"
C:\Users\singh\Desktop\a2 i&v\edited code files\data\raw\BSL_Dataset\2_HAND_DATASET\N\4910.png,N,two_hand,"wrong_hand_count (detected 1, expected 2)"
C:\Users\singh\Desktop\a2 i&v\edited code files\data\raw\BSL_Dataset\2_HAND_DATASET\N\4915.png,N,two_hand,no_hands
C:\Users\singh\Desktop\a2 i&v\edited code files\data\raw\BSL_Dataset\2_HAND_DATASET\N\4920.png,N,two_hand,no_hands
C:\Users\singh\Desktop\a2 i&v\edited code files\data\raw\BSL_Dataset\2_HAND_DATASET\N\4925.png,N,two_hand,no_hands
C:\Users\singh\Desktop\a2 i&v\edited code files\data\raw\BSL_Dataset\2_HAND_DATASET\N\4935.png,N,two_hand,"wrong_hand_count (detected 1, expected 2)"
C:\Users\singh\Desktop\a2 i&v\edited code files\data\raw\BSL_Dataset\2_HAND_DATASET\N\4940.png,N,two_hand,"wrong_hand_count (detected 1, expected 2)"
C:\Users\singh\Desktop\a2 i&v\edited code files\data\raw\BSL_Dataset\2_HAND_DATASET\N\495.png,N,two_hand,"wrong_hand_count (detected 1, expected 2)"
C:\Users\singh\Desktop\a2 i&v\edited code files\data\raw\BSL_Dataset\2_HAND_DATASET\N\4960.png,N,two_hand,"wrong_hand_count (detected 1, expected 2)"
C:\Users\singh\Desktop\a2 i&v\edited code files\data\raw\BSL_Dataset\2_HAND_DATASET\N\4990.png,N,two_hand,"wrong_hand_count (detected 1, expected 2)"
C:\Users\singh\Desktop\a2 i&v\edited code files\data\raw\BSL_Dataset\2_HAND_DATASET\N\4995.png,N,two_hand,no_hands
C:\Users\singh\Desktop\a2 i&v\edited code files\data\raw\BSL_Dataset\2_HAND_DATASET\N\50.png,N,two_hand,"wrong_hand_count (detected 1, expected 2)"
C:\Users\singh\Desktop\a2 i&v\edited code files\data\raw\BSL_Dataset\2_HAND_DATASET\N\500.png,N,two_hand,"wrong_hand_count (detected 1, expected 2)"
C:\Users\singh\Desktop\a2 i&v\edited code files\data\raw\BSL_Dataset\2_HAND_DATASET\N\5000.png,N,two_hand,"wrong_hand_count (detected 1, expected 2)"
C:\Users\singh\Desktop\a2 i&v\edited code files\data\raw\BSL_Dataset\2_HAND_DATASET\N\505.png,N,two_hand,"wrong_hand_count (detected 1, expected 2)"
C:\Users\singh\Desktop\a2 i&v\edited code files\data\raw\BSL_Dataset\2_HAND_DATASET\N\515.png,N,two_hand,"wrong_hand_count (detected 1, expected 2)"
C:\Users\singh\Desktop\a2 i&v\edited code files\data\raw\BSL_Dataset\2_HAND_DATASET\N\520.png,N,two_hand,"wrong_hand_count (detected 1, expected 2)"
C:\Users\singh\Desktop\a2 i&v\edited code files\data\raw\BSL_Dataset\2_HAND_DATASET\N\525.png,N,two_hand,"wrong_hand_count (detected 1, expected 2)"
C:\Users\singh\Desktop\a2 i&v\edited code files\data\raw\BSL_Dataset\2_HAND_DATASET\N\530.png,N,two_hand,"wrong_hand_count (detected 1, expected 2)"
C:\Users\singh\Desktop\a2 i&v\edited code files\data\raw\BSL_Dataset\2_HAND_DATASET\N\535.png,N,two_hand,"wrong_hand_count (detected 1, expected 2)"
C:\Users\singh\Desktop\a2 i&v\edited code files\data\raw\BSL_Dataset\2_HAND_DATASET\N\545.png,N,two_hand,"wrong_hand_count (detected 1, expected 2)"
C:\Users\singh\Desktop\a2 i&v\edited code files\data\raw\BSL_Dataset\2_HAND_DATASET\N\550.png,N,two_hand,"wrong_hand_count (detected 1, expected 2)"
C:\Users\singh\Desktop\a2 i&v\edited code files\data\raw\BSL_Dataset\2_HAND_DATASET\N\555.png,N,two_hand,"wrong_hand_count (detected 1, expected 2)"
C:\Users\singh\Desktop\a2 i&v\edited code files\data\raw\BSL_Dataset\2_HAND_DATASET\N\565.png,N,two_hand,"wrong_hand_count (detected 1, expected 2)"
C:\Users\singh\Desktop\a2 i&v\edited code files\data\raw\BSL_Dataset\2_HAND_DATASET\N\570.png,N,two_hand,"wrong_hand_count (detected 1, expected 2)"
C:\Users\singh\Desktop\a2 i&v\edited code files\data\raw\BSL_Dataset\2_HAND_DATASET\N\575.png,N,two_hand,"wrong_hand_count (detected 1, expected 2)"
C:\Users\singh\Desktop\a2 i&v\edited code files\data\raw\BSL_Dataset\2_HAND_DATASET\N\580.png,N,two_hand,"wrong_hand_count (detected 1, expected 2)"
C:\Users\singh\Desktop\a2 i&v\edited code files\data\raw\BSL_Dataset\2_HAND_DATASET\N\585.png,N,two_hand,"wrong_hand_count (detected 1, expected 2)"
C:\Users\singh\Desktop\a2 i&v\edited code files\data\raw\BSL_Dataset\2_HAND_DATASET\N\590.png,N,two_hand,"wrong_hand_count (detected 1, expected 2)"
C:\Users\singh\Desktop\a2 i&v\edited code files\data\raw\BSL_Dataset\2_HAND_DATASET\N\595.png,N,two_hand,"wrong_hand_count (detected 1, expected 2)"
C:\Users\singh\Desktop\a2 i&v\edited code files\data\raw\BSL_Dataset\2_HAND_DATASET\N\605.png,N,two_hand,"wrong_hand_count (detected 1, expected 2)"
C:\Users\singh\Desktop\a2 i&v\edited code files\data\raw\BSL_Dataset\2_HAND_DATASET\N\610.png,N,two_hand,"wrong_hand_count (detected 1, expected 2)"
C:\Users\singh\Desktop\a2 i&v\edited code files\data\raw\BSL_Dataset\2_HAND_DATASET\N\620.png,N,two_hand,"wrong_hand_count (detected 1, expected 2)"
C:\Users\singh\Desktop\a2 i&v\edited code files\data\raw\BSL_Dataset\2_HAND_DATASET\N\630.png,N,two_hand,"wrong_hand_count (detected 1, expected 2)"
C:\Users\singh\Desktop\a2 i&v\edited code files\data\raw\BSL_Dataset\2_HAND_DATASET\N\635.png,N,two_hand,"wrong_hand_count (detected 1, expected 2)"
C:\Users\singh\Desktop\a2 i&v\edited code files\data\raw\BSL_Dataset\2_HAND_DATASET\N\645.png,N,two_hand,"wrong_hand_count (detected 1, expected 2)"
C:\Users\singh\Desktop\a2 i&v\edited code files\data\raw\BSL_Dataset\2_HAND_DATASET\N\65.png,N,two_hand,"wrong_hand_count (detected 1, expected 2)"
C:\Users\singh\Desktop\a2 i&v\edited code files\data\raw\BSL_Dataset\2_HAND_DATASET\N\675.png,N,two_hand,"wrong_hand_count (detected 1, expected 2)"
C:\Users\singh\Desktop\a2 i&v\edited code files\data\raw\BSL_Dataset\2_HAND_DATASET\N\685.png,N,two_hand,"wrong_hand_count (detected 1, expected 2)"
C:\Users\singh\Desktop\a2 i&v\edited code files\data\raw\BSL_Dataset\2_HAND_DATASET\N\690.png,N,two_hand,"wrong_hand_count (detected 1, expected 2)"
C:\Users\singh\Desktop\a2 i&v\edited code files\data\raw\BSL_Dataset\2_HAND_DATASET\N\695.png,N,two_hand,"wrong_hand_count (detected 1, expected 2)"
C:\Users\singh\Desktop\a2 i&v\edited code files\data\raw\BSL_Dataset\2_HAND_DATASET\N\70.png,N,two_hand,"wrong_hand_count (detected 1, expected 2)"
C:\Users\singh\Desktop\a2 i&v\edited code files\data\raw\BSL_Dataset\2_HAND_DATASET\N\705.png,N,two_hand,"wrong_hand_count (detected 1, expected 2)"
C:\Users\singh\Desktop\a2 i&v\edited code files\data\raw\BSL_Dataset\2_HAND_DATASET\N\730.png,N,two_hand,"wrong_hand_count (detected 1, expected 2)"
C:\Users\singh\Desktop\a2 i&v\edited code files\data\raw\BSL_Dataset\2_HAND_DATASET\N\735.png,N,two_hand,"wrong_hand_count (detected 1, expected 2)"
C:\Users\singh\Desktop\a2 i&v\edited code files\data\raw\BSL_Dataset\2_HAND_DATASET\N\740.png,N,two_hand,"wrong_hand_count (detected 1, expected 2)"
C:\Users\singh\Desktop\a2 i&v\edited code files\data\raw\BSL_Dataset\2_HAND_DATASET\N\745.png,N,two_hand,"wrong_hand_count (detected 1, expected 2)"
C:\Users\singh\Desktop\a2 i&v\edited code files\data\raw\BSL_Dataset\2_HAND_DATASET\N\75.png,N,two_hand,"wrong_hand_count (detected 1, expected 2)"
C:\Users\singh\Desktop\a2 i&v\edited code files\data\raw\BSL_Dataset\2_HAND_DATASET\N\750.png,N,two_hand,"wrong_hand_count (detected 1, expected 2)"
C:\Users\singh\Desktop\a2 i&v\edited code files\data\raw\BSL_Dataset\2_HAND_DATASET\N\760.png,N,two_hand,"wrong_hand_count (detected 1, expected 2)"
C:\Users\singh\Desktop\a2 i&v\edited code files\data\raw\BSL_Dataset\2_HAND_DATASET\N\765.png,N,two_hand,"wrong_hand_count (detected 1, expected 2)"
C:\Users\singh\Desktop\a2 i&v\edited code files\data\raw\BSL_Dataset\2_HAND_DATASET\N\770.png,N,two_hand,"wrong_hand_count (detected 1, expected 2)"
C:\Users\singh\Desktop\a2 i&v\edited code files\data\raw\BSL_Dataset\2_HAND_DATASET\N\775.png,N,two_hand,"wrong_hand_count (detected 1, expected 2)"
C:\Users\singh\Desktop\a2 i&v\edited code files\data\raw\BSL_Dataset\2_HAND_DATASET\N\780.png,N,two_hand,"wrong_hand_count (detected 1, expected 2)"
C:\Users\singh\Desktop\a2 i&v\edited code files\data\raw\BSL_Dataset\2_HAND_DATASET\N\785.png,N,two_hand,"wrong_hand_count (detected 1, expected 2)"
C:\Users\singh\Desktop\a2 i&v\edited code files\data\raw\BSL_Dataset\2_HAND_DATASET\N\795.png,N,two_hand,"wrong_hand_count (detected 1, expected 2)"
C:\Users\singh\Desktop\a2 i&v\edited code files\data\raw\BSL_Dataset\2_HAND_DATASET\N\80.png,N,two_hand,"wrong_hand_count (detected 1, expected 2)"
C:\Users\singh\Desktop\a2 i&v\edited code files\data\raw\BSL_Dataset\2_HAND_DATASET\N\800.png,N,two_hand,"wrong_hand_count (detected 1, expected 2)"
C:\Users\singh\Desktop\a2 i&v\edited code files\data\raw\BSL_Dataset\2_HAND_DATASET\N\805.png,N,two_hand,"wrong_hand_count (detected 1, expected 2)"
C:\Users\singh\Desktop\a2 i&v\edited code files\data\raw\BSL_Dataset\2_HAND_DATASET\N\815.png,N,two_hand,"wrong_hand_count (detected 1, expected 2)"
C:\Users\singh\Desktop\a2 i&v\edited code files\data\raw\BSL_Dataset\2_HAND_DATASET\N\825.png,N,two_hand,"wrong_hand_count (detected 1, expected 2)"
C:\Users\singh\Desktop\a2 i&v\edited code files\data\raw\BSL_Dataset\2_HAND_DATASET\N\830.png,N,two_hand,"wrong_hand_count (detected 1, expected 2)"
C:\Users\singh\Desktop\a2 i&v\edited code files\data\raw\BSL_Dataset\2_HAND_DATASET\N\840.png,N,two_hand,"wrong_hand_count (detected 1, expected 2)"
C:\Users\singh\Desktop\a2 i&v\edited code files\data\raw\BSL_Dataset\2_HAND_DATASET\N\845.png,N,two_hand,"wrong_hand_count (detected 1, expected 2)"
C:\Users\singh\Desktop\a2 i&v\edited code files\data\raw\BSL_Dataset\2_HAND_DATASET\N\85.png,N,two_hand,"wrong_hand_count (detected 1, expected 2)"
C:\Users\singh\Desktop\a2 i&v\edited code files\data\raw\BSL_Dataset\2_HAND_DATASET\N\850.png,N,two_hand,"wrong_hand_count (detected 1, expected 2)"
C:\Users\singh\Desktop\a2 i&v\edited code files\data\raw\BSL_Dataset\2_HAND_DATASET\N\855.png,N,two_hand,"wrong_hand_count (detected 1, expected 2)"
C:\Users\singh\Desktop\a2 i&v\edited code files\data\raw\BSL_Dataset\2_HAND_DATASET\N\860.png,N,two_hand,"wrong_hand_count (detected 1, expected 2)"
C:\Users\singh\Desktop\a2 i&v\edited code files\data\raw\BSL_Dataset\2_HAND_DATASET\N\865.png,N,two_hand,"wrong_hand_count (detected 1, expected 2)"
C:\Users\singh\Desktop\a2 i&v\edited code files\data\raw\BSL_Dataset\2_HAND_DATASET\N\885.png,N,two_hand,"wrong_hand_count (detected 1, expected 2)"
C:\Users\singh\Desktop\a2 i&v\edited code files\data\raw\BSL_Dataset\2_HAND_DATASET\N\90.png,N,two_hand,"wrong_hand_count (detected 1, expected 2)"
C:\Users\singh\Desktop\a2 i&v\edited code files\data\raw\BSL_Dataset\2_HAND_DATASET\N\910.png,N,two_hand,"wrong_hand_count (detected 1, expected 2)"
C:\Users\singh\Desktop\a2 i&v\edited code files\data\raw\BSL_Dataset\2_HAND_DATASET\N\915.png,N,two_hand,"wrong_hand_count (detected 1, expected 2)"
C:\Users\singh\Desktop\a2 i&v\edited code files\data\raw\BSL_Dataset\2_HAND_DATASET\N\920.png,N,two_hand,"wrong_hand_count (detected 1, expected 2)"
C:\Users\singh\Desktop\a2 i&v\edited code files\data\raw\BSL_Dataset\2_HAND_DATASET\N\930.png,N,two_hand,"wrong_hand_count (detected 1, expected 2)"
C:\Users\singh\Desktop\a2 i&v\edited code files\data\raw\BSL_Dataset\2_HAND_DATASET\N\945.png,N,two_hand,"wrong_hand_count (detected 1, expected 2)"
C:\Users\singh\Desktop\a2 i&v\edited code files\data\raw\BSL_Dataset\2_HAND_DATASET\N\95.png,N,two_hand,"wrong_hand_count (detected 1, expected 2)"
C:\Users\singh\Desktop\a2 i&v\edited code files\data\raw\BSL_Dataset\2_HAND_DATASET\N\960.png,N,two_hand,no_hands
C:\Users\singh\Desktop\a2 i&v\edited code files\data\raw\BSL_Dataset\2_HAND_DATASET\N\965.png,N,two_hand,"wrong_hand_count (detected 1, expected 2)"
C:\Users\singh\Desktop\a2 i&v\edited code files\data\raw\BSL_Dataset\2_HAND_DATASET\N\990.png,N,two_hand,"wrong_hand_count (detected 1, expected 2)"
C:\Users\singh\Desktop\a2 i&v\edited code files\data\raw\BSL_Dataset\2_HAND_DATASET\O\1000.png,O,two_hand,"wrong_hand_count (detected 1, expected 2)"
C:\Users\singh\Desktop\a2 i&v\edited code files\data\raw\BSL_Dataset\2_HAND_DATASET\O\1005.png,O,two_hand,"wrong_hand_count (detected 1, expected 2)"
C:\Users\singh\Desktop\a2 i&v\edited code files\data\raw\BSL_Dataset\2_HAND_DATASET\O\105.png,O,two_hand,"wrong_hand_count (detected 1, expected 2)"
C:\Users\singh\Desktop\a2 i&v\edited code files\data\raw\BSL_Dataset\2_HAND_DATASET\O\1060.png,O,two_hand,"wrong_hand_count (detected 1, expected 2)"
C:\Users\singh\Desktop\a2 i&v\edited code files\data\raw\BSL_Dataset\2_HAND_DATASET\O\1070.png,O,two_hand,"wrong_hand_count (detected 1, expected 2)"
C:\Users\singh\Desktop\a2 i&v\edited code files\data\raw\BSL_Dataset\2_HAND_DATASET\O\1090.png,O,two_hand,"wrong_hand_count (detected 1, expected 2)"
C:\Users\singh\Desktop\a2 i&v\edited code files\data\raw\BSL_Dataset\2_HAND_DATASET\O\1095.png,O,two_hand,"wrong_hand_count (detected 1, expected 2)"
C:\Users\singh\Desktop\a2 i&v\edited code files\data\raw\BSL_Dataset\2_HAND_DATASET\O\1100.png,O,two_hand,"wrong_hand_count (detected 1, expected 2)"
C:\Users\singh\Desktop\a2 i&v\edited code files\data\raw\BSL_Dataset\2_HAND_DATASET\O\1130.png,O,two_hand,"wrong_hand_count (detected 1, expected 2)"
C:\Users\singh\Desktop\a2 i&v\edited code files\data\raw\BSL_Dataset\2_HAND_DATASET\O\1195.png,O,two_hand,"wrong_hand_count (detected 1, expected 2)"
C:\Users\singh\Desktop\a2 i&v\edited code files\data\raw\BSL_Dataset\2_HAND_DATASET\O\1215.png,O,two_hand,"wrong_hand_count (detected 1, expected 2)"
C:\Users\singh\Desktop\a2 i&v\edited code files\data\raw\BSL_Dataset\2_HAND_DATASET\O\1220.png,O,two_hand,"wrong_hand_count (detected 1, expected 2)"
C:\Users\singh\Desktop\a2 i&v\edited code files\data\raw\BSL_Dataset\2_HAND_DATASET\O\1225.png,O,two_hand,"wrong_hand_count (detected 1, expected 2)"
C:\Users\singh\Desktop\a2 i&v\edited code files\data\raw\BSL_Dataset\2_HAND_DATASET\O\1235.png,O,two_hand,"wrong_hand_count (detected 1, expected 2)"
C:\Users\singh\Desktop\a2 i&v\edited code files\data\raw\BSL_Dataset\2_HAND_DATASET\O\1245.png,O,two_hand,"wrong_hand_count (detected 1, expected 2)"
C:\Users\singh\Desktop\a2 i&v\edited code files\data\raw\BSL_Dataset\2_HAND_DATASET\O\1310.png,O,two_hand,"wrong_hand_count (detected 1, expected 2)"
C:\Users\singh\Desktop\a2 i&v\edited code files\data\raw\BSL_Dataset\2_HAND_DATASET\O\1325.png,O,two_hand,"wrong_hand_count (detected 1, expected 2)"
C:\Users\singh\Desktop\a2 i&v\edited code files\data\raw\BSL_Dataset\2_HAND_DATASET\O\1340.png,O,two_hand,"wrong_hand_count (detected 1, expected 2)"
C:\Users\singh\Desktop\a2 i&v\edited code files\data\raw\BSL_Dataset\2_HAND_DATASET\O\1380.png,O,two_hand,"wrong_hand_count (detected 1, expected 2)"
C:\Users\singh\Desktop\a2 i&v\edited code files\data\raw\BSL_Dataset\2_HAND_DATASET\O\1400.png,O,two_hand,"wrong_hand_count (detected 1, expected 2)"
C:\Users\singh\Desktop\a2 i&v\edited code files\data\raw\BSL_Dataset\2_HAND_DATASET\O\1545.png,O,two_hand,"wrong_hand_count (detected 1, expected 2)"
C:\Users\singh\Desktop\a2 i&v\edited code files\data\raw\BSL_Dataset\2_HAND_DATASET\O\155.png,O,two_hand,"wrong_hand_count (detected 1, expected 2)"
C:\Users\singh\Desktop\a2 i&v\edited code files\data\raw\BSL_Dataset\2_HAND_DATASET\O\1595.png,O,two_hand,"wrong_hand_count (detected 1, expected 2)"
C:\Users\singh\Desktop\a2 i&v\edited code files\data\raw\BSL_Dataset\2_HAND_DATASET\O\1600.png,O,two_hand,"wrong_hand_count (detected 1, expected 2)"
C:\Users\singh\Desktop\a2 i&v\edited code files\data\raw\BSL_Dataset\2_HAND_DATASET\O\1645.png,O,two_hand,"wrong_hand_count (detected 1, expected 2)"
C:\Users\singh\Desktop\a2 i&v\edited code files\data\raw\BSL_Dataset\2_HAND_DATASET\O\170.png,O,two_hand,"wrong_hand_count (detected 1, expected 2)"
C:\Users\singh\Desktop\a2 i&v\edited code files\data\raw\BSL_Dataset\2_HAND_DATASET\O\1710.png,O,two_hand,"wrong_hand_count (detected 1, expected 2)"
C:\Users\singh\Desktop\a2 i&v\edited code files\data\raw\BSL_Dataset\2_HAND_DATASET\O\1810.png,O,two_hand,"wrong_hand_count (detected 1, expected 2)"
C:\Users\singh\Desktop\a2 i&v\edited code files\data\raw\BSL_Dataset\2_HAND_DATASET\O\1825.png,O,two_hand,"wrong_hand_count (detected 1, expected 2)"
C:\Users\singh\Desktop\a2 i&v\edited code files\data\raw\BSL_Dataset\2_HAND_DATASET\O\185.png,O,two_hand,"wrong_hand_count (detected 1, expected 2)"
C:\Users\singh\Desktop\a2 i&v\edited code files\data\raw\BSL_Dataset\2_HAND_DATASET\O\1880.png,O,two_hand,"wrong_hand_count (detected 1, expected 2)"
C:\Users\singh\Desktop\a2 i&v\edited code files\data\raw\BSL_Dataset\2_HAND_DATASET\O\1895.png,O,two_hand,"wrong_hand_count (detected 1, expected 2)"
C:\Users\singh\Desktop\a2 i&v\edited code files\data\raw\BSL_Dataset\2_HAND_DATASET\O\190.png,O,two_hand,"wrong_hand_count (detected 1, expected 2)"
C:\Users\singh\Desktop\a2 i&v\edited code files\data\raw\BSL_Dataset\2_HAND_DATASET\O\1930.png,O,two_hand,"wrong_hand_count (detected 1, expected 2)"
C:\Users\singh\Desktop\a2 i&v\edited code files\data\raw\BSL_Dataset\2_HAND_DATASET\O\1995.png,O,two_hand,"wrong_hand_count (detected 1, expected 2)"
C:\Users\singh\Desktop\a2 i&v\edited code files\data\raw\BSL_Dataset\2_HAND_DATASET\O\20.png,O,two_hand,"wrong_hand_count (detected 1, expected 2)"
C:\Users\singh\Desktop\a2 i&v\edited code files\data\raw\BSL_Dataset\2_HAND_DATASET\O\200.png,O,two_hand,"wrong_hand_count (detected 1, expected 2)"
C:\Users\singh\Desktop\a2 i&v\edited code files\data\raw\BSL_Dataset\2_HAND_DATASET\O\205.png,O,two_hand,"wrong_hand_count (detected 1, expected 2)"
C:\Users\singh\Desktop\a2 i&v\edited code files\data\raw\BSL_Dataset\2_HAND_DATASET\O\2055.png,O,two_hand,"wrong_hand_count (detected 1, expected 2)"
C:\Users\singh\Desktop\a2 i&v\edited code files\data\raw\BSL_Dataset\2_HAND_DATASET\O\2085.png,O,two_hand,"wrong_hand_count (detected 1, expected 2)"
C:\Users\singh\Desktop\a2 i&v\edited code files\data\raw\BSL_Dataset\2_HAND_DATASET\O\2090.png,O,two_hand,"wrong_hand_count (detected 1, expected 2)"
C:\Users\singh\Desktop\a2 i&v\edited code files\data\raw\BSL_Dataset\2_HAND_DATASET\O\210.png,O,two_hand,"wrong_hand_count (detected 1, expected 2)"
C:\Users\singh\Desktop\a2 i&v\edited code files\data\raw\BSL_Dataset\2_HAND_DATASET\O\2110.png,O,two_hand,"wrong_hand_count (detected 1, expected 2)"
C:\Users\singh\Desktop\a2 i&v\edited code files\data\raw\BSL_Dataset\2_HAND_DATASET\O\2115.png,O,two_hand,"wrong_hand_count (detected 1, expected 2)"
C:\Users\singh\Desktop\a2 i&v\edited code files\data\raw\BSL_Dataset\2_HAND_DATASET\O\2125.png,O,two_hand,"wrong_hand_count (detected 1, expected 2)"
C:\Users\singh\Desktop\a2 i&v\edited code files\data\raw\BSL_Dataset\2_HAND_DATASET\O\215.png,O,two_hand,"wrong_hand_count (detected 1, expected 2)"
C:\Users\singh\Desktop\a2 i&v\edited code files\data\raw\BSL_Dataset\2_HAND_DATASET\O\220.png,O,two_hand,no_hands
C:\Users\singh\Desktop\a2 i&v\edited code files\data\raw\BSL_Dataset\2_HAND_DATASET\O\2200.png,O,two_hand,no_hands
C:\Users\singh\Desktop\a2 i&v\edited code files\data\raw\BSL_Dataset\2_HAND_DATASET\O\2205.png,O,two_hand,"wrong_hand_count (detected 1, expected 2)"
C:\Users\singh\Desktop\a2 i&v\edited code files\data\raw\BSL_Dataset\2_HAND_DATASET\O\2225.png,O,two_hand,no_hands
C:\Users\singh\Desktop\a2 i&v\edited code files\data\raw\BSL_Dataset\2_HAND_DATASET\O\2230.png,O,two_hand,"wrong_hand_count (detected 1, expected 2)"
C:\Users\singh\Desktop\a2 i&v\edited code files\data\raw\BSL_Dataset\2_HAND_DATASET\O\2265.png,O,two_hand,"wrong_hand_count (detected 1, expected 2)"
C:\Users\singh\Desktop\a2 i&v\edited code files\data\raw\BSL_Dataset\2_HAND_DATASET\O\2275.png,O,two_hand,"wrong_hand_count (detected 1, expected 2)"
C:\Users\singh\Desktop\a2 i&v\edited code files\data\raw\BSL_Dataset\2_HAND_DATASET\O\2295.png,O,two_hand,"wrong_hand_count (detected 1, expected 2)"
C:\Users\singh\Desktop\a2 i&v\edited code files\data\raw\BSL_Dataset\2_HAND_DATASET\O\2305.png,O,two_hand,"wrong_hand_count (detected 1, expected 2)"
C:\Users\singh\Desktop\a2 i&v\edited code files\data\raw\BSL_Dataset\2_HAND_DATASET\O\2340.png,O,two_hand,"wrong_hand_count (detected 1, expected 2)"
C:\Users\singh\Desktop\a2 i&v\edited code files\data\raw\BSL_Dataset\2_HAND_DATASET\O\2350.png,O,two_hand,"wrong_hand_count (detected 1, expected 2)"
C:\Users\singh\Desktop\a2 i&v\edited code files\data\raw\BSL_Dataset\2_HAND_DATASET\O\2385.png,O,two_hand,"wrong_hand_count (detected 1, expected 2)"
C:\Users\singh\Desktop\a2 i&v\edited code files\data\raw\BSL_Dataset\2_HAND_DATASET\O\2390.png,O,two_hand,"wrong_hand_count (detected 1, expected 2)"
C:\Users\singh\Desktop\a2 i&v\edited code files\data\raw\BSL_Dataset\2_HAND_DATASET\O\2435.png,O,two_hand,"wrong_hand_count (detected 1, expected 2)"
C:\Users\singh\Desktop\a2 i&v\edited code files\data\raw\BSL_Dataset\2_HAND_DATASET\O\2440.png,O,two_hand,"wrong_hand_count (detected 1, expected 2)"
C:\Users\singh\Desktop\a2 i&v\edited code files\data\raw\BSL_Dataset\2_HAND_DATASET\O\2460.png,O,two_hand,"wrong_hand_count (detected 1, expected 2)"
C:\Users\singh\Desktop\a2 i&v\edited code files\data\raw\BSL_Dataset\2_HAND_DATASET\O\2500.png,O,two_hand,"wrong_hand_count (detected 1, expected 2)"
C:\Users\singh\Desktop\a2 i&v\edited code files\data\raw\BSL_Dataset\2_HAND_DATASET\O\2555.png,O,two_hand,"wrong_hand_count (detected 1, expected 2)"
C:\Users\singh\Desktop\a2 i&v\edited code files\data\raw\BSL_Dataset\2_HAND_DATASET\O\2575.png,O,two_hand,"wrong_hand_count (detected 1, expected 2)"
C:\Users\singh\Desktop\a2 i&v\edited code files\data\raw\BSL_Dataset\2_HAND_DATASET\O\2590.png,O,two_hand,"wrong_hand_count (detected 1, expected 2)"
C:\Users\singh\Desktop\a2 i&v\edited code files\data\raw\BSL_Dataset\2_HAND_DATASET\O\2635.png,O,two_hand,"wrong_hand_count (detected 1, expected 2)"
C:\Users\singh\Desktop\a2 i&v\edited code files\data\raw\BSL_Dataset\2_HAND_DATASET\O\2655.png,O,two_hand,"wrong_hand_count (detected 1, expected 2)"
C:\Users\singh\Desktop\a2 i&v\edited code files\data\raw\BSL_Dataset\2_HAND_DATASET\O\2680.png,O,two_hand,"wrong_hand_count (detected 1, expected 2)"
C:\Users\singh\Desktop\a2 i&v\edited code files\data\raw\BSL_Dataset\2_HAND_DATASET\O\2685.png,O,two_hand,"wrong_hand_count (detected 1, expected 2)"
C:\Users\singh\Desktop\a2 i&v\edited code files\data\raw\BSL_Dataset\2_HAND_DATASET\O\2710.png,O,two_hand,"wrong_hand_count (detected 1, expected 2)"
C:\Users\singh\Desktop\a2 i&v\edited code files\data\raw\BSL_Dataset\2_HAND_DATASET\O\2770.png,O,two_hand,"wrong_hand_count (detected 1, expected 2)"
C:\Users\singh\Desktop\a2 i&v\edited code files\data\raw\BSL_Dataset\2_HAND_DATASET\O\2775.png,O,two_hand,"wrong_hand_count (detected 1, expected 2)"
C:\Users\singh\Desktop\a2 i&v\edited code files\data\raw\BSL_Dataset\2_HAND_DATASET\O\2780.png,O,two_hand,"wrong_hand_count (detected 1, expected 2)"
C:\Users\singh\Desktop\a2 i&v\edited code files\data\raw\BSL_Dataset\2_HAND_DATASET\O\2790.png,O,two_hand,"wrong_hand_count (detected 1, expected 2)"
C:\Users\singh\Desktop\a2 i&v\edited code files\data\raw\BSL_Dataset\2_HAND_DATASET\O\2830.png,O,two_hand,"wrong_hand_count (detected 1, expected 2)"
C:\Users\singh\Desktop\a2 i&v\edited code files\data\raw\BSL_Dataset\2_HAND_DATASET\O\2855.png,O,two_hand,"wrong_hand_count (detected 1, expected 2)"
C:\Users\singh\Desktop\a2 i&v\edited code files\data\raw\BSL_Dataset\2_HAND_DATASET\O\2875.png,O,two_hand,"wrong_hand_count (detected 1, expected 2)"
C:\Users\singh\Desktop\a2 i&v\edited code files\data\raw\BSL_Dataset\2_HAND_DATASET\O\2890.png,O,two_hand,"wrong_hand_count (detected 1, expected 2)"
C:\Users\singh\Desktop\a2 i&v\edited code files\data\raw\BSL_Dataset\2_HAND_DATASET\O\2895.png,O,two_hand,"wrong_hand_count (detected 1, expected 2)"
C:\Users\singh\Desktop\a2 i&v\edited code files\data\raw\BSL_Dataset\2_HAND_DATASET\O\2905.png,O,two_hand,"wrong_hand_count (detected 1, expected 2)"
C:\Users\singh\Desktop\a2 i&v\edited code files\data\raw\BSL_Dataset\2_HAND_DATASET\O\2910.png,O,two_hand,"wrong_hand_count (detected 1, expected 2)"
C:\Users\singh\Desktop\a2 i&v\edited code files\data\raw\BSL_Dataset\2_HAND_DATASET\O\2915.png,O,two_hand,"wrong_hand_count (detected 1, expected 2)"
C:\Users\singh\Desktop\a2 i&v\edited code files\data\raw\BSL_Dataset\2_HAND_DATASET\O\2940.png,O,two_hand,"wrong_hand_count (detected 1, expected 2)"
C:\Users\singh\Desktop\a2 i&v\edited code files\data\raw\BSL_Dataset\2_HAND_DATASET\O\300.png,O,two_hand,"wrong_hand_count (detected 1, expected 2)"
C:\Users\singh\Desktop\a2 i&v\edited code files\data\raw\BSL_Dataset\2_HAND_DATASET\O\3000.png,O,two_hand,"wrong_hand_count (detected 1, expected 2)"
C:\Users\singh\Desktop\a2 i&v\edited code files\data\raw\BSL_Dataset\2_HAND_DATASET\O\3010.png,O,two_hand,"wrong_hand_count (detected 1, expected 2)"
C:\Users\singh\Desktop\a2 i&v\edited code files\data\raw\BSL_Dataset\2_HAND_DATASET\O\3015.png,O,two_hand,"wrong_hand_count (detected 1, expected 2)"
C:\Users\singh\Desktop\a2 i&v\edited code files\data\raw\BSL_Dataset\2_HAND_DATASET\O\3080.png,O,two_hand,"wrong_hand_count (detected 1, expected 2)"
C:\Users\singh\Desktop\a2 i&v\edited code files\data\raw\BSL_Dataset\2_HAND_DATASET\O\3230.png,O,two_hand,"wrong_hand_count (detected 1, expected 2)"
C:\Users\singh\Desktop\a2 i&v\edited code files\data\raw\BSL_Dataset\2_HAND_DATASET\O\3235.png,O,two_hand,"wrong_hand_count (detected 1, expected 2)"
C:\Users\singh\Desktop\a2 i&v\edited code files\data\raw\BSL_Dataset\2_HAND_DATASET\O\3240.png,O,two_hand,"wrong_hand_count (detected 1, expected 2)"
C:\Users\singh\Desktop\a2 i&v\edited code files\data\raw\BSL_Dataset\2_HAND_DATASET\O\325.png,O,two_hand,"wrong_hand_count (detected 1, expected 2)"
C:\Users\singh\Desktop\a2 i&v\edited code files\data\raw\BSL_Dataset\2_HAND_DATASET\O\335.png,O,two_hand,"wrong_hand_count (detected 1, expected 2)"
C:\Users\singh\Desktop\a2 i&v\edited code files\data\raw\BSL_Dataset\2_HAND_DATASET\O\3380.png,O,two_hand,"wrong_hand_count (detected 1, expected 2)"
C:\Users\singh\Desktop\a2 i&v\edited code files\data\raw\BSL_Dataset\2_HAND_DATASET\O\3390.png,O,two_hand,"wrong_hand_count (detected 1, expected 2)"
C:\Users\singh\Desktop\a2 i&v\edited code files\data\raw\BSL_Dataset\2_HAND_DATASET\O\340.png,O,two_hand,"wrong_hand_count (detected 1, expected 2)"
C:\Users\singh\Desktop\a2 i&v\edited code files\data\raw\BSL_Dataset\2_HAND_DATASET\O\3425.png,O,two_hand,"wrong_hand_count (detected 1, expected 2)"
C:\Users\singh\Desktop\a2 i&v\edited code files\data\raw\BSL_Dataset\2_HAND_DATASET\O\3445.png,O,two_hand,"wrong_hand_count (detected 1, expected 2)"
C:\Users\singh\Desktop\a2 i&v\edited code files\data\raw\BSL_Dataset\2_HAND_DATASET\O\3465.png,O,two_hand,"wrong_hand_count (detected 1, expected 2)"
C:\Users\singh\Desktop\a2 i&v\edited code files\data\raw\BSL_Dataset\2_HAND_DATASET\O\3480.png,O,two_hand,"wrong_hand_count (detected 1, expected 2)"
C:\Users\singh\Desktop\a2 i&v\edited code files\data\raw\BSL_Dataset\2_HAND_DATASET\O\3490.png,O,two_hand,"wrong_hand_count (detected 1, expected 2)"
C:\Users\singh\Desktop\a2 i&v\edited code files\data\raw\BSL_Dataset\2_HAND_DATASET\O\35.png,O,two_hand,"wrong_hand_count (detected 1, expected 2)"
C:\Users\singh\Desktop\a2 i&v\edited code files\data\raw\BSL_Dataset\2_HAND_DATASET\O\3520.png,O,two_hand,"wrong_hand_count (detected 1, expected 2)"
C:\Users\singh\Desktop\a2 i&v\edited code files\data\raw\BSL_Dataset\2_HAND_DATASET\O\3535.png,O,two_hand,"wrong_hand_count (detected 1, expected 2)"
C:\Users\singh\Desktop\a2 i&v\edited code files\data\raw\BSL_Dataset\2_HAND_DATASET\O\3550.png,O,two_hand,"wrong_hand_count (detected 1, expected 2)"
C:\Users\singh\Desktop\a2 i&v\edited code files\data\raw\BSL_Dataset\2_HAND_DATASET\O\3565.png,O,two_hand,"wrong_hand_count (detected 1, expected 2)"
C:\Users\singh\Desktop\a2 i&v\edited code files\data\raw\BSL_Dataset\2_HAND_DATASET\O\3570.png,O,two_hand,"wrong_hand_count (detected 1, expected 2)"
C:\Users\singh\Desktop\a2 i&v\edited code files\data\raw\BSL_Dataset\2_HAND_DATASET\O\3585.png,O,two_hand,"wrong_hand_count (detected 1, expected 2)"
C:\Users\singh\Desktop\a2 i&v\edited code files\data\raw\BSL_Dataset\2_HAND_DATASET\O\3630.png,O,two_hand,"wrong_hand_count (detected 1, expected 2)"
C:\Users\singh\Desktop\a2 i&v\edited code files\data\raw\BSL_Dataset\2_HAND_DATASET\O\3680.png,O,two_hand,"wrong_hand_count (detected 1, expected 2)"
C:\Users\singh\Desktop\a2 i&v\edited code files\data\raw\BSL_Dataset\2_HAND_DATASET\O\3685.png,O,two_hand,"wrong_hand_count (detected 1, expected 2)"
C:\Users\singh\Desktop\a2 i&v\edited code files\data\raw\BSL_Dataset\2_HAND_DATASET\O\3690.png,O,two_hand,"wrong_hand_count (detected 1, expected 2)"
C:\Users\singh\Desktop\a2 i&v\edited code files\data\raw\BSL_Dataset\2_HAND_DATASET\O\3700.png,O,two_hand,"wrong_hand_count (detected 1, expected 2)"
C:\Users\singh\Desktop\a2 i&v\edited code files\data\raw\BSL_Dataset\2_HAND_DATASET\O\3705.png,O,two_hand,"wrong_hand_count (detected 1, expected 2)"
C:\Users\singh\Desktop\a2 i&v\edited code files\data\raw\BSL_Dataset\2_HAND_DATASET\O\3710.png,O,two_hand,"wrong_hand_count (detected 1, expected 2)"
C:\Users\singh\Desktop\a2 i&v\edited code files\data\raw\BSL_Dataset\2_HAND_DATASET\O\3785.png,O,two_hand,"wrong_hand_count (detected 1, expected 2)"
C:\Users\singh\Desktop\a2 i&v\edited code files\data\raw\BSL_Dataset\2_HAND_DATASET\O\3795.png,O,two_hand,"wrong_hand_count (detected 1, expected 2)"
C:\Users\singh\Desktop\a2 i&v\edited code files\data\raw\BSL_Dataset\2_HAND_DATASET\O\3800.png,O,two_hand,"wrong_hand_count (detected 1, expected 2)"
C:\Users\singh\Desktop\a2 i&v\edited code files\data\raw\BSL_Dataset\2_HAND_DATASET\O\390.png,O,two_hand,"wrong_hand_count (detected 1, expected 2)"
C:\Users\singh\Desktop\a2 i&v\edited code files\data\raw\BSL_Dataset\2_HAND_DATASET\O\3985.png,O,two_hand,"wrong_hand_count (detected 1, expected 2)"
C:\Users\singh\Desktop\a2 i&v\edited code files\data\raw\BSL_Dataset\2_HAND_DATASET\O\400.png,O,two_hand,"wrong_hand_count (detected 1, expected 2)"
C:\Users\singh\Desktop\a2 i&v\edited code files\data\raw\BSL_Dataset\2_HAND_DATASET\O\4035.png,O,two_hand,"wrong_hand_count (detected 1, expected 2)"
C:\Users\singh\Desktop\a2 i&v\edited code files\data\raw\BSL_Dataset\2_HAND_DATASET\O\4090.png,O,two_hand,"wrong_hand_count (detected 1, expected 2)"
C:\Users\singh\Desktop\a2 i&v\edited code files\data\raw\BSL_Dataset\2_HAND_DATASET\O\4150.png,O,two_hand,"wrong_hand_count (detected 1, expected 2)"
C:\Users\singh\Desktop\a2 i&v\edited code files\data\raw\BSL_Dataset\2_HAND_DATASET\O\4195.png,O,two_hand,"wrong_hand_count (detected 1, expected 2)"
C:\Users\singh\Desktop\a2 i&v\edited code files\data\raw\BSL_Dataset\2_HAND_DATASET\O\4235.png,O,two_hand,"wrong_hand_count (detected 1, expected 2)"
C:\Users\singh\Desktop\a2 i&v\edited code files\data\raw\BSL_Dataset\2_HAND_DATASET\O\4240.png,O,two_hand,"wrong_hand_count (detected 1, expected 2)"
C:\Users\singh\Desktop\a2 i&v\edited code files\data\raw\BSL_Dataset\2_HAND_DATASET\O\4265.png,O,two_hand,"wrong_hand_count (detected 1, expected 2)"
C:\Users\singh\Desktop\a2 i&v\edited code files\data\raw\BSL_Dataset\2_HAND_DATASET\O\4275.png,O,two_hand,"wrong_hand_count (detected 1, expected 2)"
C:\Users\singh\Desktop\a2 i&v\edited code files\data\raw\BSL_Dataset\2_HAND_DATASET\O\4320.png,O,two_hand,"wrong_hand_count (detected 1, expected 2)"
C:\Users\singh\Desktop\a2 i&v\edited code files\data\raw\BSL_Dataset\2_HAND_DATASET\O\4325.png,O,two_hand,"wrong_hand_count (detected 1, expected 2)"
C:\Users\singh\Desktop\a2 i&v\edited code files\data\raw\BSL_Dataset\2_HAND_DATASET\O\4360.png,O,two_hand,"wrong_hand_count (detected 1, expected 2)"
C:\Users\singh\Desktop\a2 i&v\edited code files\data\raw\BSL_Dataset\2_HAND_DATASET\O\4365.png,O,two_hand,"wrong_hand_count (detected 1, expected 2)"
C:\Users\singh\Desktop\a2 i&v\edited code files\data\raw\BSL_Dataset\2_HAND_DATASET\O\4370.png,O,two_hand,"wrong_hand_count (detected 1, expected 2)"
C:\Users\singh\Desktop\a2 i&v\edited code files\data\raw\BSL_Dataset\2_HAND_DATASET\O\4410.png,O,two_hand,"wrong_hand_count (detected 1, expected 2)"
C:\Users\singh\Desktop\a2 i&v\edited code files\data\raw\BSL_Dataset\2_HAND_DATASET\O\4430.png,O,two_hand,"wrong_hand_count (detected 1, expected 2)"
C:\Users\singh\Desktop\a2 i&v\edited code files\data\raw\BSL_Dataset\2_HAND_DATASET\O\445.png,O,two_hand,"wrong_hand_count (detected 1, expected 2)"
C:\Users\singh\Desktop\a2 i&v\edited code files\data\raw\BSL_Dataset\2_HAND_DATASET\O\4455.png,O,two_hand,"wrong_hand_count (detected 1, expected 2)"
C:\Users\singh\Desktop\a2 i&v\edited code files\data\raw\BSL_Dataset\2_HAND_DATASET\O\4530.png,O,two_hand,"wrong_hand_count (detected 1, expected 2)"
C:\Users\singh\Desktop\a2 i&v\edited code files\data\raw\BSL_Dataset\2_HAND_DATASET\O\455.png,O,two_hand,"wrong_hand_count (detected 1, expected 2)"
C:\Users\singh\Desktop\a2 i&v\edited code files\data\raw\BSL_Dataset\2_HAND_DATASET\O\4565.png,O,two_hand,"wrong_hand_count (detected 1, expected 2)"
C:\Users\singh\Desktop\a2 i&v\edited code files\data\raw\BSL_Dataset\2_HAND_DATASET\O\460.png,O,two_hand,"wrong_hand_count (detected 1, expected 2)"
C:\Users\singh\Desktop\a2 i&v\edited code files\data\raw\BSL_Dataset\2_HAND_DATASET\O\4685.png,O,two_hand,"wrong_hand_count (detected 1, expected 2)"
C:\Users\singh\Desktop\a2 i&v\edited code files\data\raw\BSL_Dataset\2_HAND_DATASET\O\4690.png,O,two_hand,"wrong_hand_count (detected 1, expected 2)"
C:\Users\singh\Desktop\a2 i&v\edited code files\data\raw\BSL_Dataset\2_HAND_DATASET\O\4695.png,O,two_hand,"wrong_hand_count (detected 1, expected 2)"
C:\Users\singh\Desktop\a2 i&v\edited code files\data\raw\BSL_Dataset\2_HAND_DATASET\O\4725.png,O,two_hand,"wrong_hand_count (detected 1, expected 2)"
C:\Users\singh\Desktop\a2 i&v\edited code files\data\raw\BSL_Dataset\2_HAND_DATASET\O\4735.png,O,two_hand,"wrong_hand_count (detected 1, expected 2)"
C:\Users\singh\Desktop\a2 i&v\edited code files\data\raw\BSL_Dataset\2_HAND_DATASET\O\4740.png,O,two_hand,"wrong_hand_count (detected 1, expected 2)"
C:\Users\singh\Desktop\a2 i&v\edited code files\data\raw\BSL_Dataset\2_HAND_DATASET\O\4745.png,O,two_hand,"wrong_hand_count (detected 1, expected 2)"
C:\Users\singh\Desktop\a2 i&v\edited code files\data\raw\BSL_Dataset\2_HAND_DATASET\O\4770.png,O,two_hand,"wrong_hand_count (detected 1, expected 2)"
C:\Users\singh\Desktop\a2 i&v\edited code files\data\raw\BSL_Dataset\2_HAND_DATASET\O\4775.png,O,two_hand,"wrong_hand_count (detected 1, expected 2)"
C:\Users\singh\Desktop\a2 i&v\edited code files\data\raw\BSL_Dataset\2_HAND_DATASET\O\4855.png,O,two_hand,"wrong_hand_count (detected 1, expected 2)"
C:\Users\singh\Desktop\a2 i&v\edited code files\data\raw\BSL_Dataset\2_HAND_DATASET\O\4860.png,O,two_hand,"wrong_hand_count (detected 1, expected 2)"
C:\Users\singh\Desktop\a2 i&v\edited code files\data\raw\BSL_Dataset\2_HAND_DATASET\O\4880.png,O,two_hand,"wrong_hand_count (detected 1, expected 2)"
C:\Users\singh\Desktop\a2 i&v\edited code files\data\raw\BSL_Dataset\2_HAND_DATASET\O\4915.png,O,two_hand,"wrong_hand_count (detected 1, expected 2)"
C:\Users\singh\Desktop\a2 i&v\edited code files\data\raw\BSL_Dataset\2_HAND_DATASET\O\4980.png,O,two_hand,"wrong_hand_count (detected 1, expected 2)"
C:\Users\singh\Desktop\a2 i&v\edited code files\data\raw\BSL_Dataset\2_HAND_DATASET\O\510.png,O,two_hand,"wrong_hand_count (detected 1, expected 2)"
C:\Users\singh\Desktop\a2 i&v\edited code files\data\raw\BSL_Dataset\2_HAND_DATASET\O\520.png,O,two_hand,"wrong_hand_count (detected 1, expected 2)"
C:\Users\singh\Desktop\a2 i&v\edited code files\data\raw\BSL_Dataset\2_HAND_DATASET\O\545.png,O,two_hand,"wrong_hand_count (detected 1, expected 2)"
C:\Users\singh\Desktop\a2 i&v\edited code files\data\raw\BSL_Dataset\2_HAND_DATASET\O\565.png,O,two_hand,"wrong_hand_count (detected 1, expected 2)"
C:\Users\singh\Desktop\a2 i&v\edited code files\data\raw\BSL_Dataset\2_HAND_DATASET\O\570.png,O,two_hand,"wrong_hand_count (detected 1, expected 2)"
C:\Users\singh\Desktop\a2 i&v\edited code files\data\raw\BSL_Dataset\2_HAND_DATASET\O\575.png,O,two_hand,"wrong_hand_count (detected 1, expected 2)"
C:\Users\singh\Desktop\a2 i&v\edited code files\data\raw\BSL_Dataset\2_HAND_DATASET\O\580.png,O,two_hand,"wrong_hand_count (detected 1, expected 2)"
C:\Users\singh\Desktop\a2 i&v\edited code files\data\raw\BSL_Dataset\2_HAND_DATASET\O\620.png,O,two_hand,"wrong_hand_count (detected 1, expected 2)"
C:\Users\singh\Desktop\a2 i&v\edited code files\data\raw\BSL_Dataset\2_HAND_DATASET\O\635.png,O,two_hand,no_hands
C:\Users\singh\Desktop\a2 i&v\edited code files\data\raw\BSL_Dataset\2_HAND_DATASET\O\670.png,O,two_hand,"wrong_hand_count (detected 1, expected 2)"
C:\Users\singh\Desktop\a2 i&v\edited code files\data\raw\BSL_Dataset\2_HAND_DATASET\O\675.png,O,two_hand,"wrong_hand_count (detected 1, expected 2)"
C:\Users\singh\Desktop\a2 i&v\edited code files\data\raw\BSL_Dataset\2_HAND_DATASET\O\685.png,O,two_hand,"wrong_hand_count (detected 1, expected 2)"
C:\Users\singh\Desktop\a2 i&v\edited code files\data\raw\BSL_Dataset\2_HAND_DATASET\O\690.png,O,two_hand,"wrong_hand_count (detected 1, expected 2)"
C:\Users\singh\Desktop\a2 i&v\edited code files\data\raw\BSL_Dataset\2_HAND_DATASET\O\70.png,O,two_hand,"wrong_hand_count (detected 1, expected 2)"
C:\Users\singh\Desktop\a2 i&v\edited code files\data\raw\BSL_Dataset\2_HAND_DATASET\O\720.png,O,two_hand,"wrong_hand_count (detected 1, expected 2)"
C:\Users\singh\Desktop\a2 i&v\edited code files\data\raw\BSL_Dataset\2_HAND_DATASET\O\740.png,O,two_hand,"wrong_hand_count (detected 1, expected 2)"
C:\Users\singh\Desktop\a2 i&v\edited code files\data\raw\BSL_Dataset\2_HAND_DATASET\O\745.png,O,two_hand,"wrong_hand_count (detected 1, expected 2)"
C:\Users\singh\Desktop\a2 i&v\edited code files\data\raw\BSL_Dataset\2_HAND_DATASET\O\750.png,O,two_hand,"wrong_hand_count (detected 1, expected 2)"
C:\Users\singh\Desktop\a2 i&v\edited code files\data\raw\BSL_Dataset\2_HAND_DATASET\O\755.png,O,two_hand,"wrong_hand_count (detected 1, expected 2)"
C:\Users\singh\Desktop\a2 i&v\edited code files\data\raw\BSL_Dataset\2_HAND_DATASET\O\760.png,O,two_hand,"wrong_hand_count (detected 1, expected 2)"
C:\Users\singh\Desktop\a2 i&v\edited code files\data\raw\BSL_Dataset\2_HAND_DATASET\O\765.png,O,two_hand,"wrong_hand_count (detected 1, expected 2)"
C:\Users\singh\Desktop\a2 i&v\edited code files\data\raw\BSL_Dataset\2_HAND_DATASET\O\780.png,O,two_hand,"wrong_hand_count (detected 1, expected 2)"
C:\Users\singh\Desktop\a2 i&v\edited code files\data\raw\BSL_Dataset\2_HAND_DATASET\O\790.png,O,two_hand,"wrong_hand_count (detected 1, expected 2)"
C:\Users\singh\Desktop\a2 i&v\edited code files\data\raw\BSL_Dataset\2_HAND_DATASET\O\800.png,O,two_hand,"wrong_hand_count (detected 1, expected 2)"
C:\Users\singh\Desktop\a2 i&v\edited code files\data\raw\BSL_Dataset\2_HAND_DATASET\O\805.png,O,two_hand,"wrong_hand_count (detected 1, expected 2)"
C:\Users\singh\Desktop\a2 i&v\edited code files\data\raw\BSL_Dataset\2_HAND_DATASET\O\810.png,O,two_hand,"wrong_hand_count (detected 1, expected 2)"
C:\Users\singh\Desktop\a2 i&v\edited code files\data\raw\BSL_Dataset\2_HAND_DATASET\O\815.png,O,two_hand,"wrong_hand_count (detected 1, expected 2)"
C:\Users\singh\Desktop\a2 i&v\edited code files\data\raw\BSL_Dataset\2_HAND_DATASET\O\835.png,O,two_hand,"wrong_hand_count (detected 1, expected 2)"
C:\Users\singh\Desktop\a2 i&v\edited code files\data\raw\BSL_Dataset\2_HAND_DATASET\O\840.png,O,two_hand,"wrong_hand_count (detected 1, expected 2)"
C:\Users\singh\Desktop\a2 i&v\edited code files\data\raw\BSL_Dataset\2_HAND_DATASET\O\845.png,O,two_hand,"wrong_hand_count (detected 1, expected 2)"
C:\Users\singh\Desktop\a2 i&v\edited code files\data\raw\BSL_Dataset\2_HAND_DATASET\O\865.png,O,two_hand,"wrong_hand_count (detected 1, expected 2)"
C:\Users\singh\Desktop\a2 i&v\edited code files\data\raw\BSL_Dataset\2_HAND_DATASET\O\870.png,O,two_hand,"wrong_hand_count (detected 1, expected 2)"
C:\Users\singh\Desktop\a2 i&v\edited code files\data\raw\BSL_Dataset\2_HAND_DATASET\O\875.png,O,two_hand,"wrong_hand_count (detected 1, expected 2)"
C:\Users\singh\Desktop\a2 i&v\edited code files\data\raw\BSL_Dataset\2_HAND_DATASET\O\895.png,O,two_hand,"wrong_hand_count (detected 1, expected 2)"
C:\Users\singh\Desktop\a2 i&v\edited code files\data\raw\BSL_Dataset\2_HAND_DATASET\O\90.png,O,two_hand,no_hands
C:\Users\singh\Desktop\a2 i&v\edited code files\data\raw\BSL_Dataset\2_HAND_DATASET\O\900.png,O,two_hand,"wrong_hand_count (detected 1, expected 2)"
C:\Users\singh\Desktop\a2 i&v\edited code files\data\raw\BSL_Dataset\2_HAND_DATASET\O\905.png,O,two_hand,"wrong_hand_count (detected 1, expected 2)"
C:\Users\singh\Desktop\a2 i&v\edited code files\data\raw\BSL_Dataset\2_HAND_DATASET\O\925.png,O,two_hand,"wrong_hand_count (detected 1, expected 2)"
C:\Users\singh\Desktop\a2 i&v\edited code files\data\raw\BSL_Dataset\2_HAND_DATASET\O\935.png,O,two_hand,"wrong_hand_count (detected 1, expected 2)"
C:\Users\singh\Desktop\a2 i&v\edited code files\data\raw\BSL_Dataset\2_HAND_DATASET\O\955.png,O,two_hand,"wrong_hand_count (detected 1, expected 2)"
C:\Users\singh\Desktop\a2 i&v\edited code files\data\raw\BSL_Dataset\2_HAND_DATASET\O\970.png,O,two_hand,"wrong_hand_count (detected 1, expected 2)"
C:\Users\singh\Desktop\a2 i&v\edited code files\data\raw\BSL_Dataset\2_HAND_DATASET\O\980.png,O,two_hand,"wrong_hand_count (detected 1, expected 2)"
C:\Users\singh\Desktop\a2 i&v\edited code files\data\raw\BSL_Dataset\2_HAND_DATASET\O\990.png,O,two_hand,"wrong_hand_count (detected 1, expected 2)"
C:\Users\singh\Desktop\a2 i&v\edited code files\data\raw\BSL_Dataset\2_HAND_DATASET\O\995.png,O,two_hand,"wrong_hand_count (detected 1, expected 2)"
C:\Users\singh\Desktop\a2 i&v\edited code files\data\raw\BSL_Dataset\2_HAND_DATASET\P\1020.png,P,two_hand,"wrong_hand_count (detected 1, expected 2)"
C:\Users\singh\Desktop\a2 i&v\edited code files\data\raw\BSL_Dataset\2_HAND_DATASET\P\1035.png,P,two_hand,"wrong_hand_count (detected 1, expected 2)"
C:\Users\singh\Desktop\a2 i&v\edited code files\data\raw\BSL_Dataset\2_HAND_DATASET\P\1045.png,P,two_hand,"wrong_hand_count (detected 1, expected 2)"
C:\Users\singh\Desktop\a2 i&v\edited code files\data\raw\BSL_Dataset\2_HAND_DATASET\P\1060.png,P,two_hand,"wrong_hand_count (detected 1, expected 2)"
C:\Users\singh\Desktop\a2 i&v\edited code files\data\raw\BSL_Dataset\2_HAND_DATASET\P\1095.png,P,two_hand,"wrong_hand_count (detected 1, expected 2)"
C:\Users\singh\Desktop\a2 i&v\edited code files\data\raw\BSL_Dataset\2_HAND_DATASET\P\1145.png,P,two_hand,"wrong_hand_count (detected 1, expected 2)"
C:\Users\singh\Desktop\a2 i&v\edited code files\data\raw\BSL_Dataset\2_HAND_DATASET\P\1165.png,P,two_hand,"wrong_hand_count (detected 1, expected 2)"
C:\Users\singh\Desktop\a2 i&v\edited code files\data\raw\BSL_Dataset\2_HAND_DATASET\P\1200.png,P,two_hand,"wrong_hand_count (detected 1, expected 2)"
C:\Users\singh\Desktop\a2 i&v\edited code files\data\raw\BSL_Dataset\2_HAND_DATASET\P\1205.png,P,two_hand,"wrong_hand_count (detected 1, expected 2)"
C:\Users\singh\Desktop\a2 i&v\edited code files\data\raw\BSL_Dataset\2_HAND_DATASET\P\1225.png,P,two_hand,"wrong_hand_count (detected 1, expected 2)"
C:\Users\singh\Desktop\a2 i&v\edited code files\data\raw\BSL_Dataset\2_HAND_DATASET\P\1250.png,P,two_hand,"wrong_hand_count (detected 1, expected 2)"
C:\Users\singh\Desktop\a2 i&v\edited code files\data\raw\BSL_Dataset\2_HAND_DATASET\P\1260.png,P,two_hand,"wrong_hand_count (detected 1, expected 2)"
C:\Users\singh\Desktop\a2 i&v\edited code files\data\raw\BSL_Dataset\2_HAND_DATASET\P\1290.png,P,two_hand,"wrong_hand_count (detected 1, expected 2)"
C:\Users\singh\Desktop\a2 i&v\edited code files\data\raw\BSL_Dataset\2_HAND_DATASET\P\1300.png,P,two_hand,"wrong_hand_count (detected 1, expected 2)"
C:\Users\singh\Desktop\a2 i&v\edited code files\data\raw\BSL_Dataset\2_HAND_DATASET\P\1340.png,P,two_hand,no_hands
C:\Users\singh\Desktop\a2 i&v\edited code files\data\raw\BSL_Dataset\2_HAND_DATASET\P\1360.png,P,two_hand,"wrong_hand_count (detected 1, expected 2)"
C:\Users\singh\Desktop\a2 i&v\edited code files\data\raw\BSL_Dataset\2_HAND_DATASET\P\1375.png,P,two_hand,"wrong_hand_count (detected 1, expected 2)"
C:\Users\singh\Desktop\a2 i&v\edited code files\data\raw\BSL_Dataset\2_HAND_DATASET\P\1390.png,P,two_hand,"wrong_hand_count (detected 1, expected 2)"
C:\Users\singh\Desktop\a2 i&v\edited code files\data\raw\BSL_Dataset\2_HAND_DATASET\P\1455.png,P,two_hand,"wrong_hand_count (detected 1, expected 2)"
C:\Users\singh\Desktop\a2 i&v\edited code files\data\raw\BSL_Dataset\2_HAND_DATASET\P\1465.png,P,two_hand,"wrong_hand_count (detected 1, expected 2)"
C:\Users\singh\Desktop\a2 i&v\edited code files\data\raw\BSL_Dataset\2_HAND_DATASET\P\1485.png,P,two_hand,"wrong_hand_count (detected 1, expected 2)"
C:\Users\singh\Desktop\a2 i&v\edited code files\data\raw\BSL_Dataset\2_HAND_DATASET\P\1490.png,P,two_hand,"wrong_hand_count (detected 1, expected 2)"
C:\Users\singh\Desktop\a2 i&v\edited code files\data\raw\BSL_Dataset\2_HAND_DATASET\P\1510.png,P,two_hand,"wrong_hand_count (detected 1, expected 2)"
C:\Users\singh\Desktop\a2 i&v\edited code files\data\raw\BSL_Dataset\2_HAND_DATASET\P\1535.png,P,two_hand,"wrong_hand_count (detected 1, expected 2)"
C:\Users\singh\Desktop\a2 i&v\edited code files\data\raw\BSL_Dataset\2_HAND_DATASET\P\1620.png,P,two_hand,"wrong_hand_count (detected 1, expected 2)"
C:\Users\singh\Desktop\a2 i&v\edited code files\data\raw\BSL_Dataset\2_HAND_DATASET\P\1625.png,P,two_hand,"wrong_hand_count (detected 1, expected 2)"
C:\Users\singh\Desktop\a2 i&v\edited code files\data\raw\BSL_Dataset\2_HAND_DATASET\P\1685.png,P,two_hand,"wrong_hand_count (detected 1, expected 2)"
C:\Users\singh\Desktop\a2 i&v\edited code files\data\raw\BSL_Dataset\2_HAND_DATASET\P\1700.png,P,two_hand,"wrong_hand_count (detected 1, expected 2)"
C:\Users\singh\Desktop\a2 i&v\edited code files\data\raw\BSL_Dataset\2_HAND_DATASET\P\1720.png,P,two_hand,"wrong_hand_count (detected 1, expected 2)"
C:\Users\singh\Desktop\a2 i&v\edited code files\data\raw\BSL_Dataset\2_HAND_DATASET\P\1735.png,P,two_hand,"wrong_hand_count (detected 1, expected 2)"
C:\Users\singh\Desktop\a2 i&v\edited code files\data\raw\BSL_Dataset\2_HAND_DATASET\P\1740.png,P,two_hand,"wrong_hand_count (detected 1, expected 2)"
C:\Users\singh\Desktop\a2 i&v\edited code files\data\raw\BSL_Dataset\2_HAND_DATASET\P\1750.png,P,two_hand,"wrong_hand_count (detected 1, expected 2)"
C:\Users\singh\Desktop\a2 i&v\edited code files\data\raw\BSL_Dataset\2_HAND_DATASET\P\1755.png,P,two_hand,"wrong_hand_count (detected 1, expected 2)"
C:\Users\singh\Desktop\a2 i&v\edited code files\data\raw\BSL_Dataset\2_HAND_DATASET\P\1760.png,P,two_hand,"wrong_hand_count (detected 1, expected 2)"
C:\Users\singh\Desktop\a2 i&v\edited code files\data\raw\BSL_Dataset\2_HAND_DATASET\P\1785.png,P,two_hand,"wrong_hand_count (detected 1, expected 2)"
C:\Users\singh\Desktop\a2 i&v\edited code files\data\raw\BSL_Dataset\2_HAND_DATASET\P\1790.png,P,two_hand,"wrong_hand_count (detected 1, expected 2)"
C:\Users\singh\Desktop\a2 i&v\edited code files\data\raw\BSL_Dataset\2_HAND_DATASET\P\180.png,P,two_hand,"wrong_hand_count (detected 1, expected 2)"
C:\Users\singh\Desktop\a2 i&v\edited code files\data\raw\BSL_Dataset\2_HAND_DATASET\P\1820.png,P,two_hand,"wrong_hand_count (detected 1, expected 2)"
C:\Users\singh\Desktop\a2 i&v\edited code files\data\raw\BSL_Dataset\2_HAND_DATASET\P\1855.png,P,two_hand,"wrong_hand_count (detected 1, expected 2)"
C:\Users\singh\Desktop\a2 i&v\edited code files\data\raw\BSL_Dataset\2_HAND_DATASET\P\1865.png,P,two_hand,"wrong_hand_count (detected 1, expected 2)"
C:\Users\singh\Desktop\a2 i&v\edited code files\data\raw\BSL_Dataset\2_HAND_DATASET\P\1905.png,P,two_hand,"wrong_hand_count (detected 1, expected 2)"
C:\Users\singh\Desktop\a2 i&v\edited code files\data\raw\BSL_Dataset\2_HAND_DATASET\P\200.png,P,two_hand,"wrong_hand_count (detected 1, expected 2)"
C:\Users\singh\Desktop\a2 i&v\edited code files\data\raw\BSL_Dataset\2_HAND_DATASET\P\2035.png,P,two_hand,"wrong_hand_count (detected 1, expected 2)"
C:\Users\singh\Desktop\a2 i&v\edited code files\data\raw\BSL_Dataset\2_HAND_DATASET\P\2065.png,P,two_hand,"wrong_hand_count (detected 1, expected 2)"
C:\Users\singh\Desktop\a2 i&v\edited code files\data\raw\BSL_Dataset\2_HAND_DATASET\P\2090.png,P,two_hand,"wrong_hand_count (detected 1, expected 2)"
C:\Users\singh\Desktop\a2 i&v\edited code files\data\raw\BSL_Dataset\2_HAND_DATASET\P\2095.png,P,two_hand,"wrong_hand_count (detected 1, expected 2)"
C:\Users\singh\Desktop\a2 i&v\edited code files\data\raw\BSL_Dataset\2_HAND_DATASET\P\2160.png,P,two_hand,"wrong_hand_count (detected 1, expected 2)"
C:\Users\singh\Desktop\a2 i&v\edited code files\data\raw\BSL_Dataset\2_HAND_DATASET\P\2180.png,P,two_hand,"wrong_hand_count (detected 1, expected 2)"
C:\Users\singh\Desktop\a2 i&v\edited code files\data\raw\BSL_Dataset\2_HAND_DATASET\P\2205.png,P,two_hand,"wrong_hand_count (detected 1, expected 2)"
C:\Users\singh\Desktop\a2 i&v\edited code files\data\raw\BSL_Dataset\2_HAND_DATASET\P\2290.png,P,two_hand,"wrong_hand_count (detected 1, expected 2)"
C:\Users\singh\Desktop\a2 i&v\edited code files\data\raw\BSL_Dataset\2_HAND_DATASET\P\2315.png,P,two_hand,"wrong_hand_count (detected 1, expected 2)"
C:\Users\singh\Desktop\a2 i&v\edited code files\data\raw\BSL_Dataset\2_HAND_DATASET\P\2400.png,P,two_hand,"wrong_hand_count (detected 1, expected 2)"
C:\Users\singh\Desktop\a2 i&v\edited code files\data\raw\BSL_Dataset\2_HAND_DATASET\P\2405.png,P,two_hand,"wrong_hand_count (detected 1, expected 2)"
C:\Users\singh\Desktop\a2 i&v\edited code files\data\raw\BSL_Dataset\2_HAND_DATASET\P\2410.png,P,two_hand,"wrong_hand_count (detected 1, expected 2)"
C:\Users\singh\Desktop\a2 i&v\edited code files\data\raw\BSL_Dataset\2_HAND_DATASET\P\2425.png,P,two_hand,"wrong_hand_count (detected 1, expected 2)"
C:\Users\singh\Desktop\a2 i&v\edited code files\data\raw\BSL_Dataset\2_HAND_DATASET\P\2465.png,P,two_hand,"wrong_hand_count (detected 1, expected 2)"
C:\Users\singh\Desktop\a2 i&v\edited code files\data\raw\BSL_Dataset\2_HAND_DATASET\P\2475.png,P,two_hand,"wrong_hand_count (detected 1, expected 2)"
C:\Users\singh\Desktop\a2 i&v\edited code files\data\raw\BSL_Dataset\2_HAND_DATASET\P\2505.png,P,two_hand,"wrong_hand_count (detected 1, expected 2)"
C:\Users\singh\Desktop\a2 i&v\edited code files\data\raw\BSL_Dataset\2_HAND_DATASET\P\2510.png,P,two_hand,"wrong_hand_count (detected 1, expected 2)"
C:\Users\singh\Desktop\a2 i&v\edited code files\data\raw\BSL_Dataset\2_HAND_DATASET\P\2515.png,P,two_hand,"wrong_hand_count (detected 1, expected 2)"
C:\Users\singh\Desktop\a2 i&v\edited code files\data\raw\BSL_Dataset\2_HAND_DATASET\P\2535.png,P,two_hand,"wrong_hand_count (detected 1, expected 2)"
C:\Users\singh\Desktop\a2 i&v\edited code files\data\raw\BSL_Dataset\2_HAND_DATASET\P\2545.png,P,two_hand,"wrong_hand_count (detected 1, expected 2)"
C:\Users\singh\Desktop\a2 i&v\edited code files\data\raw\BSL_Dataset\2_HAND_DATASET\P\2570.png,P,two_hand,"wrong_hand_count (detected 1, expected 2)"
C:\Users\singh\Desktop\a2 i&v\edited code files\data\raw\BSL_Dataset\2_HAND_DATASET\P\2575.png,P,two_hand,no_hands
C:\Users\singh\Desktop\a2 i&v\edited code files\data\raw\BSL_Dataset\2_HAND_DATASET\P\2580.png,P,two_hand,"wrong_hand_count (detected 1, expected 2)"
C:\Users\singh\Desktop\a2 i&v\edited code files\data\raw\BSL_Dataset\2_HAND_DATASET\P\2585.png,P,two_hand,"wrong_hand_count (detected 1, expected 2)"
C:\Users\singh\Desktop\a2 i&v\edited code files\data\raw\BSL_Dataset\2_HAND_DATASET\P\2590.png,P,two_hand,"wrong_hand_count (detected 1, expected 2)"
C:\Users\singh\Desktop\a2 i&v\edited code files\data\raw\BSL_Dataset\2_HAND_DATASET\P\2595.png,P,two_hand,"wrong_hand_count (detected 1, expected 2)"
C:\Users\singh\Desktop\a2 i&v\edited code files\data\raw\BSL_Dataset\2_HAND_DATASET\P\2605.png,P,two_hand,"wrong_hand_count (detected 1, expected 2)"
C:\Users\singh\Desktop\a2 i&v\edited code files\data\raw\BSL_Dataset\2_HAND_DATASET\P\2620.png,P,two_hand,"wrong_hand_count (detected 1, expected 2)"
C:\Users\singh\Desktop\a2 i&v\edited code files\data\raw\BSL_Dataset\2_HAND_DATASET\P\2625.png,P,two_hand,"wrong_hand_count (detected 1, expected 2)"
C:\Users\singh\Desktop\a2 i&v\edited code files\data\raw\BSL_Dataset\2_HAND_DATASET\P\2630.png,P,two_hand,"wrong_hand_count (detected 1, expected 2)"
C:\Users\singh\Desktop\a2 i&v\edited code files\data\raw\BSL_Dataset\2_HAND_DATASET\P\2635.png,P,two_hand,"wrong_hand_count (detected 1, expected 2)"
C:\Users\singh\Desktop\a2 i&v\edited code files\data\raw\BSL_Dataset\2_HAND_DATASET\P\2640.png,P,two_hand,"wrong_hand_count (detected 1, expected 2)"
C:\Users\singh\Desktop\a2 i&v\edited code files\data\raw\BSL_Dataset\2_HAND_DATASET\P\2645.png,P,two_hand,"wrong_hand_count (detected 1, expected 2)"
C:\Users\singh\Desktop\a2 i&v\edited code files\data\raw\BSL_Dataset\2_HAND_DATASET\P\2650.png,P,two_hand,"wrong_hand_count (detected 1, expected 2)"
C:\Users\singh\Desktop\a2 i&v\edited code files\data\raw\BSL_Dataset\2_HAND_DATASET\P\2655.png,P,two_hand,no_hands
C:\Users\singh\Desktop\a2 i&v\edited code files\data\raw\BSL_Dataset\2_HAND_DATASET\P\2660.png,P,two_hand,"wrong_hand_count (detected 1, expected 2)"
C:\Users\singh\Desktop\a2 i&v\edited code files\data\raw\BSL_Dataset\2_HAND_DATASET\P\2665.png,P,two_hand,"wrong_hand_count (detected 1, expected 2)"
C:\Users\singh\Desktop\a2 i&v\edited code files\data\raw\BSL_Dataset\2_HAND_DATASET\P\2680.png,P,two_hand,"wrong_hand_count (detected 1, expected 2)"
C:\Users\singh\Desktop\a2 i&v\edited code files\data\raw\BSL_Dataset\2_HAND_DATASET\P\2685.png,P,two_hand,"wrong_hand_count (detected 1, expected 2)"
C:\Users\singh\Desktop\a2 i&v\edited code files\data\raw\BSL_Dataset\2_HAND_DATASET\P\2715.png,P,two_hand,"wrong_hand_count (detected 1, expected 2)"
C:\Users\singh\Desktop\a2 i&v\edited code files\data\raw\BSL_Dataset\2_HAND_DATASET\P\2725.png,P,two_hand,"wrong_hand_count (detected 1, expected 2)"
C:\Users\singh\Desktop\a2 i&v\edited code files\data\raw\BSL_Dataset\2_HAND_DATASET\P\2740.png,P,two_hand,"wrong_hand_count (detected 1, expected 2)"
C:\Users\singh\Desktop\a2 i&v\edited code files\data\raw\BSL_Dataset\2_HAND_DATASET\P\2745.png,P,two_hand,"wrong_hand_count (detected 1, expected 2)"
C:\Users\singh\Desktop\a2 i&v\edited code files\data\raw\BSL_Dataset\2_HAND_DATASET\P\2750.png,P,two_hand,"wrong_hand_count (detected 1, expected 2)"
C:\Users\singh\Desktop\a2 i&v\edited code files\data\raw\BSL_Dataset\2_HAND_DATASET\P\2755.png,P,two_hand,"wrong_hand_count (detected 1, expected 2)"
C:\Users\singh\Desktop\a2 i&v\edited code files\data\raw\BSL_Dataset\2_HAND_DATASET\P\2760.png,P,two_hand,"wrong_hand_count (detected 1, expected 2)"
C:\Users\singh\Desktop\a2 i&v\edited code files\data\raw\BSL_Dataset\2_HAND_DATASET\P\2790.png,P,two_hand,"wrong_hand_count (detected 1, expected 2)"
C:\Users\singh\Desktop\a2 i&v\edited code files\data\raw\BSL_Dataset\2_HAND_DATASET\P\2800.png,P,two_hand,"wrong_hand_count (detected 1, expected 2)"
C:\Users\singh\Desktop\a2 i&v\edited code files\data\raw\BSL_Dataset\2_HAND_DATASET\P\2815.png,P,two_hand,"wrong_hand_count (detected 1, expected 2)"
C:\Users\singh\Desktop\a2 i&v\edited code files\data\raw\BSL_Dataset\2_HAND_DATASET\P\2820.png,P,two_hand,"wrong_hand_count (detected 1, expected 2)"
C:\Users\singh\Desktop\a2 i&v\edited code files\data\raw\BSL_Dataset\2_HAND_DATASET\P\2825.png,P,two_hand,"wrong_hand_count (detected 1, expected 2)"
C:\Users\singh\Desktop\a2 i&v\edited code files\data\raw\BSL_Dataset\2_HAND_DATASET\P\2855.png,P,two_hand,"wrong_hand_count (detected 1, expected 2)"
C:\Users\singh\Desktop\a2 i&v\edited code files\data\raw\BSL_Dataset\2_HAND_DATASET\P\2865.png,P,two_hand,"wrong_hand_count (detected 1, expected 2)"
C:\Users\singh\Desktop\a2 i&v\edited code files\data\raw\BSL_Dataset\2_HAND_DATASET\P\2875.png,P,two_hand,"wrong_hand_count (detected 1, expected 2)"
C:\Users\singh\Desktop\a2 i&v\edited code files\data\raw\BSL_Dataset\2_HAND_DATASET\P\2935.png,P,two_hand,"wrong_hand_count (detected 1, expected 2)"
C:\Users\singh\Desktop\a2 i&v\edited code files\data\raw\BSL_Dataset\2_HAND_DATASET\P\2940.png,P,two_hand,"wrong_hand_count (detected 1, expected 2)"
C:\Users\singh\Desktop\a2 i&v\edited code files\data\raw\BSL_Dataset\2_HAND_DATASET\P\2945.png,P,two_hand,"wrong_hand_count (detected 1, expected 2)"
C:\Users\singh\Desktop\a2 i&v\edited code files\data\raw\BSL_Dataset\2_HAND_DATASET\P\2965.png,P,two_hand,"wrong_hand_count (detected 1, expected 2)"
C:\Users\singh\Desktop\a2 i&v\edited code files\data\raw\BSL_Dataset\2_HAND_DATASET\P\2970.png,P,two_hand,"wrong_hand_count (detected 1, expected 2)"
C:\Users\singh\Desktop\a2 i&v\edited code files\data\raw\BSL_Dataset\2_HAND_DATASET\P\2975.png,P,two_hand,"wrong_hand_count (detected 1, expected 2)"
C:\Users\singh\Desktop\a2 i&v\edited code files\data\raw\BSL_Dataset\2_HAND_DATASET\P\2980.png,P,two_hand,"wrong_hand_count (detected 1, expected 2)"
C:\Users\singh\Desktop\a2 i&v\edited code files\data\raw\BSL_Dataset\2_HAND_DATASET\P\2985.png,P,two_hand,"wrong_hand_count (detected 1, expected 2)"
C:\Users\singh\Desktop\a2 i&v\edited code files\data\raw\BSL_Dataset\2_HAND_DATASET\P\2990.png,P,two_hand,"wrong_hand_count (detected 1, expected 2)"
C:\Users\singh\Desktop\a2 i&v\edited code files\data\raw\BSL_Dataset\2_HAND_DATASET\P\3020.png,P,two_hand,"wrong_hand_count (detected 1, expected 2)"
C:\Users\singh\Desktop\a2 i&v\edited code files\data\raw\BSL_Dataset\2_HAND_DATASET\P\3030.png,P,two_hand,"wrong_hand_count (detected 1, expected 2)"
C:\Users\singh\Desktop\a2 i&v\edited code files\data\raw\BSL_Dataset\2_HAND_DATASET\P\3035.png,P,two_hand,"wrong_hand_count (detected 1, expected 2)"
C:\Users\singh\Desktop\a2 i&v\edited code files\data\raw\BSL_Dataset\2_HAND_DATASET\P\3045.png,P,two_hand,"wrong_hand_count (detected 1, expected 2)"
C:\Users\singh\Desktop\a2 i&v\edited code files\data\raw\BSL_Dataset\2_HAND_DATASET\P\3050.png,P,two_hand,"wrong_hand_count (detected 1, expected 2)"
C:\Users\singh\Desktop\a2 i&v\edited code files\data\raw\BSL_Dataset\2_HAND_DATASET\P\3055.png,P,two_hand,"wrong_hand_count (detected 1, expected 2)"
C:\Users\singh\Desktop\a2 i&v\edited code files\data\raw\BSL_Dataset\2_HAND_DATASET\P\3075.png,P,two_hand,"wrong_hand_count (detected 1, expected 2)"
C:\Users\singh\Desktop\a2 i&v\edited code files\data\raw\BSL_Dataset\2_HAND_DATASET\P\3085.png,P,two_hand,"wrong_hand_count (detected 1, expected 2)"
C:\Users\singh\Desktop\a2 i&v\edited code files\data\raw\BSL_Dataset\2_HAND_DATASET\P\3090.png,P,two_hand,"wrong_hand_count (detected 1, expected 2)"
C:\Users\singh\Desktop\a2 i&v\edited code files\data\raw\BSL_Dataset\2_HAND_DATASET\P\3095.png,P,two_hand,"wrong_hand_count (detected 1, expected 2)"
C:\Users\singh\Desktop\a2 i&v\edited code files\data\raw\BSL_Dataset\2_HAND_DATASET\P\3110.png,P,two_hand,"wrong_hand_count (detected 1, expected 2)"
C:\Users\singh\Desktop\a2 i&v\edited code files\data\raw\BSL_Dataset\2_HAND_DATASET\P\3115.png,P,two_hand,"wrong_hand_count (detected 1, expected 2)"
C:\Users\singh\Desktop\a2 i&v\edited code files\data\raw\BSL_Dataset\2_HAND_DATASET\P\3135.png,P,two_hand,"wrong_hand_count (detected 1, expected 2)"
C:\Users\singh\Desktop\a2 i&v\edited code files\data\raw\BSL_Dataset\2_HAND_DATASET\P\3140.png,P,two_hand,"wrong_hand_count (detected 1, expected 2)"
C:\Users\singh\Desktop\a2 i&v\edited code files\data\raw\BSL_Dataset\2_HAND_DATASET\P\3150.png,P,two_hand,"wrong_hand_count (detected 1, expected 2)"
C:\Users\singh\Desktop\a2 i&v\edited code files\data\raw\BSL_Dataset\2_HAND_DATASET\P\3155.png,P,two_hand,"wrong_hand_count (detected 1, expected 2)"
C:\Users\singh\Desktop\a2 i&v\edited code files\data\raw\BSL_Dataset\2_HAND_DATASET\P\3185.png,P,two_hand,"wrong_hand_count (detected 1, expected 2)"
C:\Users\singh\Desktop\a2 i&v\edited code files\data\raw\BSL_Dataset\2_HAND_DATASET\P\3205.png,P,two_hand,"wrong_hand_count (detected 1, expected 2)"
C:\Users\singh\Desktop\a2 i&v\edited code files\data\raw\BSL_Dataset\2_HAND_DATASET\P\3210.png,P,two_hand,"wrong_hand_count (detected 1, expected 2)"
C:\Users\singh\Desktop\a2 i&v\edited code files\data\raw\BSL_Dataset\2_HAND_DATASET\P\3215.png,P,two_hand,"wrong_hand_count (detected 1, expected 2)"
C:\Users\singh\Desktop\a2 i&v\edited code files\data\raw\BSL_Dataset\2_HAND_DATASET\P\3240.png,P,two_hand,"wrong_hand_count (detected 1, expected 2)"
C:\Users\singh\Desktop\a2 i&v\edited code files\data\raw\BSL_Dataset\2_HAND_DATASET\P\3250.png,P,two_hand,"wrong_hand_count (detected 1, expected 2)"
C:\Users\singh\Desktop\a2 i&v\edited code files\data\raw\BSL_Dataset\2_HAND_DATASET\P\3255.png,P,two_hand,"wrong_hand_count (detected 1, expected 2)"
C:\Users\singh\Desktop\a2 i&v\edited code files\data\raw\BSL_Dataset\2_HAND_DATASET\P\3260.png,P,two_hand,"wrong_hand_count (detected 1, expected 2)"
C:\Users\singh\Desktop\a2 i&v\edited code files\data\raw\BSL_Dataset\2_HAND_DATASET\P\3275.png,P,two_hand,"wrong_hand_count (detected 1, expected 2)"
C:\Users\singh\Desktop\a2 i&v\edited code files\data\raw\BSL_Dataset\2_HAND_DATASET\P\3280.png,P,two_hand,"wrong_hand_count (detected 1, expected 2)"
C:\Users\singh\Desktop\a2 i&v\edited code files\data\raw\BSL_Dataset\2_HAND_DATASET\P\3285.png,P,two_hand,"wrong_hand_count (detected 1, expected 2)"
C:\Users\singh\Desktop\a2 i&v\edited code files\data\raw\BSL_Dataset\2_HAND_DATASET\P\3290.png,P,two_hand,"wrong_hand_count (detected 1, expected 2)"
C:\Users\singh\Desktop\a2 i&v\edited code files\data\raw\BSL_Dataset\2_HAND_DATASET\P\3305.png,P,two_hand,"wrong_hand_count (detected 1, expected 2)"
C:\Users\singh\Desktop\a2 i&v\edited code files\data\raw\BSL_Dataset\2_HAND_DATASET\P\3335.png,P,two_hand,no_hands
C:\Users\singh\Desktop\a2 i&v\edited code files\data\raw\BSL_Dataset\2_HAND_DATASET\P\3395.png,P,two_hand,"wrong_hand_count (detected 1, expected 2)"
C:\Users\singh\Desktop\a2 i&v\edited code files\data\raw\BSL_Dataset\2_HAND_DATASET\P\3400.png,P,two_hand,"wrong_hand_count (detected 1, expected 2)"
C:\Users\singh\Desktop\a2 i&v\edited code files\data\raw\BSL_Dataset\2_HAND_DATASET\P\3405.png,P,two_hand,no_hands
C:\Users\singh\Desktop\a2 i&v\edited code files\data\raw\BSL_Dataset\2_HAND_DATASET\P\3420.png,P,two_hand,"wrong_hand_count (detected 1, expected 2)"
C:\Users\singh\Desktop\a2 i&v\edited code files\data\raw\BSL_Dataset\2_HAND_DATASET\P\3425.png,P,two_hand,"wrong_hand_count (detected 1, expected 2)"
C:\Users\singh\Desktop\a2 i&v\edited code files\data\raw\BSL_Dataset\2_HAND_DATASET\P\3430.png,P,two_hand,"wrong_hand_count (detected 1, expected 2)"
C:\Users\singh\Desktop\a2 i&v\edited code files\data\raw\BSL_Dataset\2_HAND_DATASET\P\3520.png,P,two_hand,"wrong_hand_count (detected 1, expected 2)"
C:\Users\singh\Desktop\a2 i&v\edited code files\data\raw\BSL_Dataset\2_HAND_DATASET\P\3525.png,P,two_hand,"wrong_hand_count (detected 1, expected 2)"
C:\Users\singh\Desktop\a2 i&v\edited code files\data\raw\BSL_Dataset\2_HAND_DATASET\P\3540.png,P,two_hand,"wrong_hand_count (detected 1, expected 2)"
C:\Users\singh\Desktop\a2 i&v\edited code files\data\raw\BSL_Dataset\2_HAND_DATASET\P\3560.png,P,two_hand,"wrong_hand_count (detected 1, expected 2)"
C:\Users\singh\Desktop\a2 i&v\edited code files\data\raw\BSL_Dataset\2_HAND_DATASET\P\3575.png,P,two_hand,"wrong_hand_count (detected 1, expected 2)"
C:\Users\singh\Desktop\a2 i&v\edited code files\data\raw\BSL_Dataset\2_HAND_DATASET\P\3585.png,P,two_hand,"wrong_hand_count (detected 1, expected 2)"
C:\Users\singh\Desktop\a2 i&v\edited code files\data\raw\BSL_Dataset\2_HAND_DATASET\P\3640.png,P,two_hand,"wrong_hand_count (detected 1, expected 2)"
C:\Users\singh\Desktop\a2 i&v\edited code files\data\raw\BSL_Dataset\2_HAND_DATASET\P\365.png,P,two_hand,"wrong_hand_count (detected 1, expected 2)"
C:\Users\singh\Desktop\a2 i&v\edited code files\data\raw\BSL_Dataset\2_HAND_DATASET\P\3650.png,P,two_hand,"wrong_hand_count (detected 1, expected 2)"
C:\Users\singh\Desktop\a2 i&v\edited code files\data\raw\BSL_Dataset\2_HAND_DATASET\P\3655.png,P,two_hand,"wrong_hand_count (detected 1, expected 2)"
C:\Users\singh\Desktop\a2 i&v\edited code files\data\raw\BSL_Dataset\2_HAND_DATASET\P\3660.png,P,two_hand,"wrong_hand_count (detected 1, expected 2)"
C:\Users\singh\Desktop\a2 i&v\edited code files\data\raw\BSL_Dataset\2_HAND_DATASET\P\3675.png,P,two_hand,"wrong_hand_count (detected 1, expected 2)"
C:\Users\singh\Desktop\a2 i&v\edited code files\data\raw\BSL_Dataset\2_HAND_DATASET\P\3680.png,P,two_hand,"wrong_hand_count (detected 1, expected 2)"
C:\Users\singh\Desktop\a2 i&v\edited code files\data\raw\BSL_Dataset\2_HAND_DATASET\P\3685.png,P,two_hand,"wrong_hand_count (detected 1, expected 2)"
C:\Users\singh\Desktop\a2 i&v\edited code files\data\raw\BSL_Dataset\2_HAND_DATASET\P\3695.png,P,two_hand,"wrong_hand_count (detected 1, expected 2)"
C:\Users\singh\Desktop\a2 i&v\edited code files\data\raw\BSL_Dataset\2_HAND_DATASET\P\3745.png,P,two_hand,"wrong_hand_count (detected 1, expected 2)"
C:\Users\singh\Desktop\a2 i&v\edited code files\data\raw\BSL_Dataset\2_HAND_DATASET\P\3750.png,P,two_hand,"wrong_hand_count (detected 1, expected 2)"
C:\Users\singh\Desktop\a2 i&v\edited code files\data\raw\BSL_Dataset\2_HAND_DATASET\P\3775.png,P,two_hand,"wrong_hand_count (detected 1, expected 2)"
C:\Users\singh\Desktop\a2 i&v\edited code files\data\raw\BSL_Dataset\2_HAND_DATASET\P\3785.png,P,two_hand,"wrong_hand_count (detected 1, expected 2)"
C:\Users\singh\Desktop\a2 i&v\edited code files\data\raw\BSL_Dataset\2_HAND_DATASET\P\3795.png,P,two_hand,no_hands
C:\Users\singh\Desktop\a2 i&v\edited code files\data\raw\BSL_Dataset\2_HAND_DATASET\P\3845.png,P,two_hand,"wrong_hand_count (detected 1, expected 2)"
C:\Users\singh\Desktop\a2 i&v\edited code files\data\raw\BSL_Dataset\2_HAND_DATASET\P\3850.png,P,two_hand,"wrong_hand_count (detected 1, expected 2)"
C:\Users\singh\Desktop\a2 i&v\edited code files\data\raw\BSL_Dataset\2_HAND_DATASET\P\3855.png,P,two_hand,no_hands
C:\Users\singh\Desktop\a2 i&v\edited code files\data\raw\BSL_Dataset\2_HAND_DATASET\P\3860.png,P,two_hand,"wrong_hand_count (detected 1, expected 2)"
C:\Users\singh\Desktop\a2 i&v\edited code files\data\raw\BSL_Dataset\2_HAND_DATASET\P\3900.png,P,two_hand,no_hands
C:\Users\singh\Desktop\a2 i&v\edited code files\data\raw\BSL_Dataset\2_HAND_DATASET\P\3910.png,P,two_hand,"wrong_hand_count (detected 1, expected 2)"
C:\Users\singh\Desktop\a2 i&v\edited code files\data\raw\BSL_Dataset\2_HAND_DATASET\P\3930.png,P,two_hand,"wrong_hand_count (detected 1, expected 2)"
C:\Users\singh\Desktop\a2 i&v\edited code files\data\raw\BSL_Dataset\2_HAND_DATASET\P\3935.png,P,two_hand,"wrong_hand_count (detected 1, expected 2)"
C:\Users\singh\Desktop\a2 i&v\edited code files\data\raw\BSL_Dataset\2_HAND_DATASET\P\3940.png,P,two_hand,"wrong_hand_count (detected 1, expected 2)"
C:\Users\singh\Desktop\a2 i&v\edited code files\data\raw\BSL_Dataset\2_HAND_DATASET\P\3970.png,P,two_hand,"wrong_hand_count (detected 1, expected 2)"
C:\Users\singh\Desktop\a2 i&v\edited code files\data\raw\BSL_Dataset\2_HAND_DATASET\P\3985.png,P,two_hand,"wrong_hand_count (detected 1, expected 2)"
C:\Users\singh\Desktop\a2 i&v\edited code files\data\raw\BSL_Dataset\2_HAND_DATASET\P\3990.png,P,two_hand,no_hands
C:\Users\singh\Desktop\a2 i&v\edited code files\data\raw\BSL_Dataset\2_HAND_DATASET\P\4000.png,P,two_hand,"wrong_hand_count (detected 1, expected 2)"
C:\Users\singh\Desktop\a2 i&v\edited code files\data\raw\BSL_Dataset\2_HAND_DATASET\P\4030.png,P,two_hand,no_hands
C:\Users\singh\Desktop\a2 i&v\edited code files\data\raw\BSL_Dataset\2_HAND_DATASET\P\4105.png,P,two_hand,"wrong_hand_count (detected 1, expected 2)"
C:\Users\singh\Desktop\a2 i&v\edited code files\data\raw\BSL_Dataset\2_HAND_DATASET\P\4110.png,P,two_hand,"wrong_hand_count (detected 1, expected 2)"
C:\Users\singh\Desktop\a2 i&v\edited code files\data\raw\BSL_Dataset\2_HAND_DATASET\P\4140.png,P,two_hand,"wrong_hand_count (detected 1, expected 2)"
C:\Users\singh\Desktop\a2 i&v\edited code files\data\raw\BSL_Dataset\2_HAND_DATASET\P\4145.png,P,two_hand,"wrong_hand_count (detected 1, expected 2)"
C:\Users\singh\Desktop\a2 i&v\edited code files\data\raw\BSL_Dataset\2_HAND_DATASET\P\4150.png,P,two_hand,"wrong_hand_count (detected 1, expected 2)"
C:\Users\singh\Desktop\a2 i&v\edited code files\data\raw\BSL_Dataset\2_HAND_DATASET\P\4335.png,P,two_hand,"wrong_hand_count (detected 1, expected 2)"
C:\Users\singh\Desktop\a2 i&v\edited code files\data\raw\BSL_Dataset\2_HAND_DATASET\P\4400.png,P,two_hand,"wrong_hand_count (detected 1, expected 2)"
C:\Users\singh\Desktop\a2 i&v\edited code files\data\raw\BSL_Dataset\2_HAND_DATASET\P\4405.png,P,two_hand,"wrong_hand_count (detected 1, expected 2)"
C:\Users\singh\Desktop\a2 i&v\edited code files\data\raw\BSL_Dataset\2_HAND_DATASET\P\4435.png,P,two_hand,"wrong_hand_count (detected 1, expected 2)"
C:\Users\singh\Desktop\a2 i&v\edited code files\data\raw\BSL_Dataset\2_HAND_DATASET\P\4450.png,P,two_hand,"wrong_hand_count (detected 1, expected 2)"
C:\Users\singh\Desktop\a2 i&v\edited code files\data\raw\BSL_Dataset\2_HAND_DATASET\P\4530.png,P,two_hand,"wrong_hand_count (detected 1, expected 2)"
C:\Users\singh\Desktop\a2 i&v\edited code files\data\raw\BSL_Dataset\2_HAND_DATASET\P\4575.png,P,two_hand,"wrong_hand_count (detected 1, expected 2)"
C:\Users\singh\Desktop\a2 i&v\edited code files\data\raw\BSL_Dataset\2_HAND_DATASET\P\4580.png,P,two_hand,"wrong_hand_count (detected 1, expected 2)"
C:\Users\singh\Desktop\a2 i&v\edited code files\data\raw\BSL_Dataset\2_HAND_DATASET\P\4615.png,P,two_hand,"wrong_hand_count (detected 1, expected 2)"
C:\Users\singh\Desktop\a2 i&v\edited code files\data\raw\BSL_Dataset\2_HAND_DATASET\P\4670.png,P,two_hand,"wrong_hand_count (detected 1, expected 2)"
C:\Users\singh\Desktop\a2 i&v\edited code files\data\raw\BSL_Dataset\2_HAND_DATASET\P\4675.png,P,two_hand,"wrong_hand_count (detected 1, expected 2)"
C:\Users\singh\Desktop\a2 i&v\edited code files\data\raw\BSL_Dataset\2_HAND_DATASET\P\4685.png,P,two_hand,"wrong_hand_count (detected 1, expected 2)"
C:\Users\singh\Desktop\a2 i&v\edited code files\data\raw\BSL_Dataset\2_HAND_DATASET\P\4740.png,P,two_hand,"wrong_hand_count (detected 1, expected 2)"
C:\Users\singh\Desktop\a2 i&v\edited code files\data\raw\BSL_Dataset\2_HAND_DATASET\P\475.png,P,two_hand,"wrong_hand_count (detected 1, expected 2)"
C:\Users\singh\Desktop\a2 i&v\edited code files\data\raw\BSL_Dataset\2_HAND_DATASET\P\4760.png,P,two_hand,"wrong_hand_count (detected 1, expected 2)"
C:\Users\singh\Desktop\a2 i&v\edited code files\data\raw\BSL_Dataset\2_HAND_DATASET\P\4770.png,P,two_hand,"wrong_hand_count (detected 1, expected 2)"
C:\Users\singh\Desktop\a2 i&v\edited code files\data\raw\BSL_Dataset\2_HAND_DATASET\P\4800.png,P,two_hand,"wrong_hand_count (detected 1, expected 2)"
C:\Users\singh\Desktop\a2 i&v\edited code files\data\raw\BSL_Dataset\2_HAND_DATASET\P\4820.png,P,two_hand,"wrong_hand_count (detected 1, expected 2)"
C:\Users\singh\Desktop\a2 i&v\edited code files\data\raw\BSL_Dataset\2_HAND_DATASET\P\4950.png,P,two_hand,"wrong_hand_count (detected 1, expected 2)"
C:\Users\singh\Desktop\a2 i&v\edited code files\data\raw\BSL_Dataset\2_HAND_DATASET\P\520.png,P,two_hand,"wrong_hand_count (detected 1, expected 2)"
C:\Users\singh\Desktop\a2 i&v\edited code files\data\raw\BSL_Dataset\2_HAND_DATASET\P\55.png,P,two_hand,no_hands
C:\Users\singh\Desktop\a2 i&v\edited code files\data\raw\BSL_Dataset\2_HAND_DATASET\P\575.png,P,two_hand,"wrong_hand_count (detected 1, expected 2)"
C:\Users\singh\Desktop\a2 i&v\edited code files\data\raw\BSL_Dataset\2_HAND_DATASET\P\60.png,P,two_hand,no_hands
C:\Users\singh\Desktop\a2 i&v\edited code files\data\raw\BSL_Dataset\2_HAND_DATASET\P\655.png,P,two_hand,"wrong_hand_count (detected 1, expected 2)"
C:\Users\singh\Desktop\a2 i&v\edited code files\data\raw\BSL_Dataset\2_HAND_DATASET\P\695.png,P,two_hand,"wrong_hand_count (detected 1, expected 2)"
C:\Users\singh\Desktop\a2 i&v\edited code files\data\raw\BSL_Dataset\2_HAND_DATASET\P\770.png,P,two_hand,"wrong_hand_count (detected 1, expected 2)"
C:\Users\singh\Desktop\a2 i&v\edited code files\data\raw\BSL_Dataset\2_HAND_DATASET\P\805.png,P,two_hand,"wrong_hand_count (detected 1, expected 2)"
C:\Users\singh\Desktop\a2 i&v\edited code files\data\raw\BSL_Dataset\2_HAND_DATASET\P\885.png,P,two_hand,"wrong_hand_count (detected 1, expected 2)"
C:\Users\singh\Desktop\a2 i&v\edited code files\data\raw\BSL_Dataset\2_HAND_DATASET\P\920.png,P,two_hand,"wrong_hand_count (detected 1, expected 2)"
C:\Users\singh\Desktop\a2 i&v\edited code files\data\raw\BSL_Dataset\2_HAND_DATASET\P\970.png,P,two_hand,"wrong_hand_count (detected 1, expected 2)"
C:\Users\singh\Desktop\a2 i&v\edited code files\data\raw\BSL_Dataset\2_HAND_DATASET\Q\1105.png,Q,two_hand,"wrong_hand_count (detected 1, expected 2)"
C:\Users\singh\Desktop\a2 i&v\edited code files\data\raw\BSL_Dataset\2_HAND_DATASET\Q\1210.png,Q,two_hand,"wrong_hand_count (detected 1, expected 2)"
C:\Users\singh\Desktop\a2 i&v\edited code files\data\raw\BSL_Dataset\2_HAND_DATASET\Q\1225.png,Q,two_hand,"wrong_hand_count (detected 1, expected 2)"
C:\Users\singh\Desktop\a2 i&v\edited code files\data\raw\BSL_Dataset\2_HAND_DATASET\Q\1265.png,Q,two_hand,"wrong_hand_count (detected 1, expected 2)"
C:\Users\singh\Desktop\a2 i&v\edited code files\data\raw\BSL_Dataset\2_HAND_DATASET\Q\1270.png,Q,two_hand,"wrong_hand_count (detected 1, expected 2)"
C:\Users\singh\Desktop\a2 i&v\edited code files\data\raw\BSL_Dataset\2_HAND_DATASET\Q\1340.png,Q,two_hand,"wrong_hand_count (detected 1, expected 2)"
C:\Users\singh\Desktop\a2 i&v\edited code files\data\raw\BSL_Dataset\2_HAND_DATASET\Q\1360.png,Q,two_hand,"wrong_hand_count (detected 1, expected 2)"
C:\Users\singh\Desktop\a2 i&v\edited code files\data\raw\BSL_Dataset\2_HAND_DATASET\Q\1370.png,Q,two_hand,"wrong_hand_count (detected 1, expected 2)"
C:\Users\singh\Desktop\a2 i&v\edited code files\data\raw\BSL_Dataset\2_HAND_DATASET\Q\1390.png,Q,two_hand,"wrong_hand_count (detected 1, expected 2)"
C:\Users\singh\Desktop\a2 i&v\edited code files\data\raw\BSL_Dataset\2_HAND_DATASET\Q\1395.png,Q,two_hand,no_hands
C:\Users\singh\Desktop\a2 i&v\edited code files\data\raw\BSL_Dataset\2_HAND_DATASET\Q\140.png,Q,two_hand,"wrong_hand_count (detected 1, expected 2)"
C:\Users\singh\Desktop\a2 i&v\edited code files\data\raw\BSL_Dataset\2_HAND_DATASET\Q\1400.png,Q,two_hand,"wrong_hand_count (detected 1, expected 2)"
C:\Users\singh\Desktop\a2 i&v\edited code files\data\raw\BSL_Dataset\2_HAND_DATASET\Q\1420.png,Q,two_hand,"wrong_hand_count (detected 1, expected 2)"
C:\Users\singh\Desktop\a2 i&v\edited code files\data\raw\BSL_Dataset\2_HAND_DATASET\Q\1430.png,Q,two_hand,"wrong_hand_count (detected 1, expected 2)"
C:\Users\singh\Desktop\a2 i&v\edited code files\data\raw\BSL_Dataset\2_HAND_DATASET\Q\1435.png,Q,two_hand,"wrong_hand_count (detected 1, expected 2)"
C:\Users\singh\Desktop\a2 i&v\edited code files\data\raw\BSL_Dataset\2_HAND_DATASET\Q\1440.png,Q,two_hand,"wrong_hand_count (detected 1, expected 2)"
C:\Users\singh\Desktop\a2 i&v\edited code files\data\raw\BSL_Dataset\2_HAND_DATASET\Q\1450.png,Q,two_hand,no_hands
C:\Users\singh\Desktop\a2 i&v\edited code files\data\raw\BSL_Dataset\2_HAND_DATASET\Q\1465.png,Q,two_hand,"wrong_hand_count (detected 1, expected 2)"
C:\Users\singh\Desktop\a2 i&v\edited code files\data\raw\BSL_Dataset\2_HAND_DATASET\Q\1470.png,Q,two_hand,"wrong_hand_count (detected 1, expected 2)"
C:\Users\singh\Desktop\a2 i&v\edited code files\data\raw\BSL_Dataset\2_HAND_DATASET\Q\1475.png,Q,two_hand,"wrong_hand_count (detected 1, expected 2)"
C:\Users\singh\Desktop\a2 i&v\edited code files\data\raw\BSL_Dataset\2_HAND_DATASET\Q\1480.png,Q,two_hand,"wrong_hand_count (detected 1, expected 2)"
C:\Users\singh\Desktop\a2 i&v\edited code files\data\raw\BSL_Dataset\2_HAND_DATASET\Q\1495.png,Q,two_hand,"wrong_hand_count (detected 1, expected 2)"
C:\Users\singh\Desktop\a2 i&v\edited code files\data\raw\BSL_Dataset\2_HAND_DATASET\Q\1520.png,Q,two_hand,"wrong_hand_count (detected 1, expected 2)"
C:\Users\singh\Desktop\a2 i&v\edited code files\data\raw\BSL_Dataset\2_HAND_DATASET\Q\1690.png,Q,two_hand,"wrong_hand_count (detected 1, expected 2)"
C:\Users\singh\Desktop\a2 i&v\edited code files\data\raw\BSL_Dataset\2_HAND_DATASET\Q\1790.png,Q,two_hand,"wrong_hand_count (detected 1, expected 2)"
C:\Users\singh\Desktop\a2 i&v\edited code files\data\raw\BSL_Dataset\2_HAND_DATASET\Q\1900.png,Q,two_hand,"wrong_hand_count (detected 1, expected 2)"
C:\Users\singh\Desktop\a2 i&v\edited code files\data\raw\BSL_Dataset\2_HAND_DATASET\Q\2080.png,Q,two_hand,"wrong_hand_count (detected 1, expected 2)"
C:\Users\singh\Desktop\a2 i&v\edited code files\data\raw\BSL_Dataset\2_HAND_DATASET\Q\2120.png,Q,two_hand,"wrong_hand_count (detected 1, expected 2)"
C:\Users\singh\Desktop\a2 i&v\edited code files\data\raw\BSL_Dataset\2_HAND_DATASET\Q\2160.png,Q,two_hand,"wrong_hand_count (detected 1, expected 2)"
C:\Users\singh\Desktop\a2 i&v\edited code files\data\raw\BSL_Dataset\2_HAND_DATASET\Q\2170.png,Q,two_hand,"wrong_hand_count (detected 1, expected 2)"
C:\Users\singh\Desktop\a2 i&v\edited code files\data\raw\BSL_Dataset\2_HAND_DATASET\Q\2205.png,Q,two_hand,"wrong_hand_count (detected 1, expected 2)"
C:\Users\singh\Desktop\a2 i&v\edited code files\data\raw\BSL_Dataset\2_HAND_DATASET\Q\2220.png,Q,two_hand,"wrong_hand_count (detected 1, expected 2)"
C:\Users\singh\Desktop\a2 i&v\edited code files\data\raw\BSL_Dataset\2_HAND_DATASET\Q\2240.png,Q,two_hand,"wrong_hand_count (detected 1, expected 2)"
C:\Users\singh\Desktop\a2 i&v\edited code files\data\raw\BSL_Dataset\2_HAND_DATASET\Q\2260.png,Q,two_hand,"wrong_hand_count (detected 1, expected 2)"
C:\Users\singh\Desktop\a2 i&v\edited code files\data\raw\BSL_Dataset\2_HAND_DATASET\Q\2265.png,Q,two_hand,no_hands
C:\Users\singh\Desktop\a2 i&v\edited code files\data\raw\BSL_Dataset\2_HAND_DATASET\Q\2270.png,Q,two_hand,no_hands
C:\Users\singh\Desktop\a2 i&v\edited code files\data\raw\BSL_Dataset\2_HAND_DATASET\Q\2280.png,Q,two_hand,"wrong_hand_count (detected 1, expected 2)"
C:\Users\singh\Desktop\a2 i&v\edited code files\data\raw\BSL_Dataset\2_HAND_DATASET\Q\2285.png,Q,two_hand,"wrong_hand_count (detected 1, expected 2)"
C:\Users\singh\Desktop\a2 i&v\edited code files\data\raw\BSL_Dataset\2_HAND_DATASET\Q\2310.png,Q,two_hand,"wrong_hand_count (detected 1, expected 2)"
C:\Users\singh\Desktop\a2 i&v\edited code files\data\raw\BSL_Dataset\2_HAND_DATASET\Q\2325.png,Q,two_hand,"wrong_hand_count (detected 1, expected 2)"
C:\Users\singh\Desktop\a2 i&v\edited code files\data\raw\BSL_Dataset\2_HAND_DATASET\Q\2330.png,Q,two_hand,"wrong_hand_count (detected 1, expected 2)"
C:\Users\singh\Desktop\a2 i&v\edited code files\data\raw\BSL_Dataset\2_HAND_DATASET\Q\235.png,Q,two_hand,"wrong_hand_count (detected 1, expected 2)"
C:\Users\singh\Desktop\a2 i&v\edited code files\data\raw\BSL_Dataset\2_HAND_DATASET\Q\2365.png,Q,two_hand,"wrong_hand_count (detected 1, expected 2)"
C:\Users\singh\Desktop\a2 i&v\edited code files\data\raw\BSL_Dataset\2_HAND_DATASET\Q\2385.png,Q,two_hand,"wrong_hand_count (detected 1, expected 2)"
C:\Users\singh\Desktop\a2 i&v\edited code files\data\raw\BSL_Dataset\2_HAND_DATASET\Q\2390.png,Q,two_hand,"wrong_hand_count (detected 1, expected 2)"
C:\Users\singh\Desktop\a2 i&v\edited code files\data\raw\BSL_Dataset\2_HAND_DATASET\Q\2455.png,Q,two_hand,"wrong_hand_count (detected 1, expected 2)"
C:\Users\singh\Desktop\a2 i&v\edited code files\data\raw\BSL_Dataset\2_HAND_DATASET\Q\2480.png,Q,two_hand,"wrong_hand_count (detected 1, expected 2)"
C:\Users\singh\Desktop\a2 i&v\edited code files\data\raw\BSL_Dataset\2_HAND_DATASET\Q\2485.png,Q,two_hand,"wrong_hand_count (detected 1, expected 2)"
C:\Users\singh\Desktop\a2 i&v\edited code files\data\raw\BSL_Dataset\2_HAND_DATASET\Q\250.png,Q,two_hand,"wrong_hand_count (detected 1, expected 2)"
C:\Users\singh\Desktop\a2 i&v\edited code files\data\raw\BSL_Dataset\2_HAND_DATASET\Q\2565.png,Q,two_hand,"wrong_hand_count (detected 1, expected 2)"
C:\Users\singh\Desktop\a2 i&v\edited code files\data\raw\BSL_Dataset\2_HAND_DATASET\Q\2580.png,Q,two_hand,"wrong_hand_count (detected 1, expected 2)"
C:\Users\singh\Desktop\a2 i&v\edited code files\data\raw\BSL_Dataset\2_HAND_DATASET\Q\2585.png,Q,two_hand,"wrong_hand_count (detected 1, expected 2)"
C:\Users\singh\Desktop\a2 i&v\edited code files\data\raw\BSL_Dataset\2_HAND_DATASET\Q\2590.png,Q,two_hand,"wrong_hand_count (detected 1, expected 2)"
C:\Users\singh\Desktop\a2 i&v\edited code files\data\raw\BSL_Dataset\2_HAND_DATASET\Q\2600.png,Q,two_hand,"wrong_hand_count (detected 1, expected 2)"
C:\Users\singh\Desktop\a2 i&v\edited code files\data\raw\BSL_Dataset\2_HAND_DATASET\Q\2625.png,Q,two_hand,"wrong_hand_count (detected 1, expected 2)"
C:\Users\singh\Desktop\a2 i&v\edited code files\data\raw\BSL_Dataset\2_HAND_DATASET\Q\2650.png,Q,two_hand,"wrong_hand_count (detected 1, expected 2)"
C:\Users\singh\Desktop\a2 i&v\edited code files\data\raw\BSL_Dataset\2_HAND_DATASET\Q\2685.png,Q,two_hand,"wrong_hand_count (detected 1, expected 2)"
C:\Users\singh\Desktop\a2 i&v\edited code files\data\raw\BSL_Dataset\2_HAND_DATASET\Q\2700.png,Q,two_hand,"wrong_hand_count (detected 1, expected 2)"
C:\Users\singh\Desktop\a2 i&v\edited code files\data\raw\BSL_Dataset\2_HAND_DATASET\Q\2715.png,Q,two_hand,"wrong_hand_count (detected 1, expected 2)"
C:\Users\singh\Desktop\a2 i&v\edited code files\data\raw\BSL_Dataset\2_HAND_DATASET\Q\2720.png,Q,two_hand,"wrong_hand_count (detected 1, expected 2)"
C:\Users\singh\Desktop\a2 i&v\edited code files\data\raw\BSL_Dataset\2_HAND_DATASET\Q\2725.png,Q,two_hand,"wrong_hand_count (detected 1, expected 2)"
C:\Users\singh\Desktop\a2 i&v\edited code files\data\raw\BSL_Dataset\2_HAND_DATASET\Q\2730.png,Q,two_hand,"wrong_hand_count (detected 1, expected 2)"
C:\Users\singh\Desktop\a2 i&v\edited code files\data\raw\BSL_Dataset\2_HAND_DATASET\Q\2760.png,Q,two_hand,"wrong_hand_count (detected 1, expected 2)"
C:\Users\singh\Desktop\a2 i&v\edited code files\data\raw\BSL_Dataset\2_HAND_DATASET\Q\2765.png,Q,two_hand,"wrong_hand_count (detected 1, expected 2)"
C:\Users\singh\Desktop\a2 i&v\edited code files\data\raw\BSL_Dataset\2_HAND_DATASET\Q\2785.png,Q,two_hand,"wrong_hand_count (detected 1, expected 2)"
C:\Users\singh\Desktop\a2 i&v\edited code files\data\raw\BSL_Dataset\2_HAND_DATASET\Q\2800.png,Q,two_hand,"wrong_hand_count (detected 1, expected 2)"
C:\Users\singh\Desktop\a2 i&v\edited code files\data\raw\BSL_Dataset\2_HAND_DATASET\Q\2810.png,Q,two_hand,"wrong_hand_count (detected 1, expected 2)"
C:\Users\singh\Desktop\a2 i&v\edited code files\data\raw\BSL_Dataset\2_HAND_DATASET\Q\2830.png,Q,two_hand,"wrong_hand_count (detected 1, expected 2)"
C:\Users\singh\Desktop\a2 i&v\edited code files\data\raw\BSL_Dataset\2_HAND_DATASET\Q\2835.png,Q,two_hand,"wrong_hand_count (detected 1, expected 2)"
C:\Users\singh\Desktop\a2 i&v\edited code files\data\raw\BSL_Dataset\2_HAND_DATASET\Q\2860.png,Q,two_hand,"wrong_hand_count (detected 1, expected 2)"
C:\Users\singh\Desktop\a2 i&v\edited code files\data\raw\BSL_Dataset\2_HAND_DATASET\Q\2870.png,Q,two_hand,"wrong_hand_count (detected 1, expected 2)"
C:\Users\singh\Desktop\a2 i&v\edited code files\data\raw\BSL_Dataset\2_HAND_DATASET\Q\2900.png,Q,two_hand,"wrong_hand_count (detected 1, expected 2)"
C:\Users\singh\Desktop\a2 i&v\edited code files\data\raw\BSL_Dataset\2_HAND_DATASET\Q\2910.png,Q,two_hand,"wrong_hand_count (detected 1, expected 2)"
C:\Users\singh\Desktop\a2 i&v\edited code files\data\raw\BSL_Dataset\2_HAND_DATASET\Q\2930.png,Q,two_hand,"wrong_hand_count (detected 1, expected 2)"
C:\Users\singh\Desktop\a2 i&v\edited code files\data\raw\BSL_Dataset\2_HAND_DATASET\Q\2940.png,Q,two_hand,"wrong_hand_count (detected 1, expected 2)"
C:\Users\singh\Desktop\a2 i&v\edited code files\data\raw\BSL_Dataset\2_HAND_DATASET\Q\2945.png,Q,two_hand,"wrong_hand_count (detected 1, expected 2)"
C:\Users\singh\Desktop\a2 i&v\edited code files\data\raw\BSL_Dataset\2_HAND_DATASET\Q\295.png,Q,two_hand,"wrong_hand_count (detected 1, expected 2)"
C:\Users\singh\Desktop\a2 i&v\edited code files\data\raw\BSL_Dataset\2_HAND_DATASET\Q\2950.png,Q,two_hand,"wrong_hand_count (detected 1, expected 2)"
C:\Users\singh\Desktop\a2 i&v\edited code files\data\raw\BSL_Dataset\2_HAND_DATASET\Q\2960.png,Q,two_hand,"wrong_hand_count (detected 1, expected 2)"
C:\Users\singh\Desktop\a2 i&v\edited code files\data\raw\BSL_Dataset\2_HAND_DATASET\Q\2970.png,Q,two_hand,"wrong_hand_count (detected 1, expected 2)"
C:\Users\singh\Desktop\a2 i&v\edited code files\data\raw\BSL_Dataset\2_HAND_DATASET\Q\3000.png,Q,two_hand,"wrong_hand_count (detected 1, expected 2)"
C:\Users\singh\Desktop\a2 i&v\edited code files\data\raw\BSL_Dataset\2_HAND_DATASET\Q\3020.png,Q,two_hand,"wrong_hand_count (detected 1, expected 2)"
C:\Users\singh\Desktop\a2 i&v\edited code files\data\raw\BSL_Dataset\2_HAND_DATASET\Q\3075.png,Q,two_hand,"wrong_hand_count (detected 1, expected 2)"
C:\Users\singh\Desktop\a2 i&v\edited code files\data\raw\BSL_Dataset\2_HAND_DATASET\Q\3085.png,Q,two_hand,"wrong_hand_count (detected 1, expected 2)"
C:\Users\singh\Desktop\a2 i&v\edited code files\data\raw\BSL_Dataset\2_HAND_DATASET\Q\3090.png,Q,two_hand,"wrong_hand_count (detected 1, expected 2)"
C:\Users\singh\Desktop\a2 i&v\edited code files\data\raw\BSL_Dataset\2_HAND_DATASET\Q\3100.png,Q,two_hand,"wrong_hand_count (detected 1, expected 2)"
C:\Users\singh\Desktop\a2 i&v\edited code files\data\raw\BSL_Dataset\2_HAND_DATASET\Q\3115.png,Q,two_hand,"wrong_hand_count (detected 1, expected 2)"
C:\Users\singh\Desktop\a2 i&v\edited code files\data\raw\BSL_Dataset\2_HAND_DATASET\Q\315.png,Q,two_hand,"wrong_hand_count (detected 1, expected 2)"
C:\Users\singh\Desktop\a2 i&v\edited code files\data\raw\BSL_Dataset\2_HAND_DATASET\Q\3240.png,Q,two_hand,"wrong_hand_count (detected 1, expected 2)"
C:\Users\singh\Desktop\a2 i&v\edited code files\data\raw\BSL_Dataset\2_HAND_DATASET\Q\3250.png,Q,two_hand,"wrong_hand_count (detected 1, expected 2)"
C:\Users\singh\Desktop\a2 i&v\edited code files\data\raw\BSL_Dataset\2_HAND_DATASET\Q\3255.png,Q,two_hand,"wrong_hand_count (detected 1, expected 2)"
C:\Users\singh\Desktop\a2 i&v\edited code files\data\raw\BSL_Dataset\2_HAND_DATASET\Q\3355.png,Q,two_hand,"wrong_hand_count (detected 1, expected 2)"
C:\Users\singh\Desktop\a2 i&v\edited code files\data\raw\BSL_Dataset\2_HAND_DATASET\Q\3360.png,Q,two_hand,"wrong_hand_count (detected 1, expected 2)"
C:\Users\singh\Desktop\a2 i&v\edited code files\data\raw\BSL_Dataset\2_HAND_DATASET\Q\3375.png,Q,two_hand,"wrong_hand_count (detected 1, expected 2)"
C:\Users\singh\Desktop\a2 i&v\edited code files\data\raw\BSL_Dataset\2_HAND_DATASET\Q\3385.png,Q,two_hand,"wrong_hand_count (detected 1, expected 2)"
C:\Users\singh\Desktop\a2 i&v\edited code files\data\raw\BSL_Dataset\2_HAND_DATASET\Q\3445.png,Q,two_hand,"wrong_hand_count (detected 1, expected 2)"
C:\Users\singh\Desktop\a2 i&v\edited code files\data\raw\BSL_Dataset\2_HAND_DATASET\Q\3470.png,Q,two_hand,"wrong_hand_count (detected 1, expected 2)"
C:\Users\singh\Desktop\a2 i&v\edited code files\data\raw\BSL_Dataset\2_HAND_DATASET\Q\3485.png,Q,two_hand,"wrong_hand_count (detected 1, expected 2)"
C:\Users\singh\Desktop\a2 i&v\edited code files\data\raw\BSL_Dataset\2_HAND_DATASET\Q\3500.png,Q,two_hand,"wrong_hand_count (detected 1, expected 2)"
C:\Users\singh\Desktop\a2 i&v\edited code files\data\raw\BSL_Dataset\2_HAND_DATASET\Q\3515.png,Q,two_hand,"wrong_hand_count (detected 1, expected 2)"
C:\Users\singh\Desktop\a2 i&v\edited code files\data\raw\BSL_Dataset\2_HAND_DATASET\Q\3580.png,Q,two_hand,"wrong_hand_count (detected 1, expected 2)"
C:\Users\singh\Desktop\a2 i&v\edited code files\data\raw\BSL_Dataset\2_HAND_DATASET\Q\3595.png,Q,two_hand,"wrong_hand_count (detected 1, expected 2)"
C:\Users\singh\Desktop\a2 i&v\edited code files\data\raw\BSL_Dataset\2_HAND_DATASET\Q\3600.png,Q,two_hand,"wrong_hand_count (detected 1, expected 2)"
C:\Users\singh\Desktop\a2 i&v\edited code files\data\raw\BSL_Dataset\2_HAND_DATASET\Q\3605.png,Q,two_hand,"wrong_hand_count (detected 1, expected 2)"
C:\Users\singh\Desktop\a2 i&v\edited code files\data\raw\BSL_Dataset\2_HAND_DATASET\Q\3705.png,Q,two_hand,"wrong_hand_count (detected 1, expected 2)"
C:\Users\singh\Desktop\a2 i&v\edited code files\data\raw\BSL_Dataset\2_HAND_DATASET\Q\3710.png,Q,two_hand,"wrong_hand_count (detected 1, expected 2)"
C:\Users\singh\Desktop\a2 i&v\edited code files\data\raw\BSL_Dataset\2_HAND_DATASET\Q\3720.png,Q,two_hand,"wrong_hand_count (detected 1, expected 2)"
C:\Users\singh\Desktop\a2 i&v\edited code files\data\raw\BSL_Dataset\2_HAND_DATASET\Q\3770.png,Q,two_hand,"wrong_hand_count (detected 1, expected 2)"
C:\Users\singh\Desktop\a2 i&v\edited code files\data\raw\BSL_Dataset\2_HAND_DATASET\Q\3805.png,Q,two_hand,"wrong_hand_count (detected 1, expected 2)"
C:\Users\singh\Desktop\a2 i&v\edited code files\data\raw\BSL_Dataset\2_HAND_DATASET\Q\3825.png,Q,two_hand,"wrong_hand_count (detected 1, expected 2)"
C:\Users\singh\Desktop\a2 i&v\edited code files\data\raw\BSL_Dataset\2_HAND_DATASET\Q\3855.png,Q,two_hand,"wrong_hand_count (detected 1, expected 2)"
C:\Users\singh\Desktop\a2 i&v\edited code files\data\raw\BSL_Dataset\2_HAND_DATASET\Q\390.png,Q,two_hand,"wrong_hand_count (detected 1, expected 2)"
C:\Users\singh\Desktop\a2 i&v\edited code files\data\raw\BSL_Dataset\2_HAND_DATASET\Q\3910.png,Q,two_hand,"wrong_hand_count (detected 1, expected 2)"
C:\Users\singh\Desktop\a2 i&v\edited code files\data\raw\BSL_Dataset\2_HAND_DATASET\Q\3915.png,Q,two_hand,"wrong_hand_count (detected 1, expected 2)"
C:\Users\singh\Desktop\a2 i&v\edited code files\data\raw\BSL_Dataset\2_HAND_DATASET\Q\3920.png,Q,two_hand,"wrong_hand_count (detected 1, expected 2)"
C:\Users\singh\Desktop\a2 i&v\edited code files\data\raw\BSL_Dataset\2_HAND_DATASET\Q\3935.png,Q,two_hand,"wrong_hand_count (detected 1, expected 2)"
C:\Users\singh\Desktop\a2 i&v\edited code files\data\raw\BSL_Dataset\2_HAND_DATASET\Q\395.png,Q,two_hand,"wrong_hand_count (detected 1, expected 2)"
C:\Users\singh\Desktop\a2 i&v\edited code files\data\raw\BSL_Dataset\2_HAND_DATASET\Q\3985.png,Q,two_hand,"wrong_hand_count (detected 1, expected 2)"
C:\Users\singh\Desktop\a2 i&v\edited code files\data\raw\BSL_Dataset\2_HAND_DATASET\Q\4060.png,Q,two_hand,"wrong_hand_count (detected 1, expected 2)"
C:\Users\singh\Desktop\a2 i&v\edited code files\data\raw\BSL_Dataset\2_HAND_DATASET\Q\4125.png,Q,two_hand,"wrong_hand_count (detected 1, expected 2)"
C:\Users\singh\Desktop\a2 i&v\edited code files\data\raw\BSL_Dataset\2_HAND_DATASET\Q\4165.png,Q,two_hand,"wrong_hand_count (detected 1, expected 2)"
C:\Users\singh\Desktop\a2 i&v\edited code files\data\raw\BSL_Dataset\2_HAND_DATASET\Q\4180.png,Q,two_hand,"wrong_hand_count (detected 1, expected 2)"
C:\Users\singh\Desktop\a2 i&v\edited code files\data\raw\BSL_Dataset\2_HAND_DATASET\Q\4395.png,Q,two_hand,"wrong_hand_count (detected 1, expected 2)"
C:\Users\singh\Desktop\a2 i&v\edited code files\data\raw\BSL_Dataset\2_HAND_DATASET\Q\4470.png,Q,two_hand,"wrong_hand_count (detected 1, expected 2)"
C:\Users\singh\Desktop\a2 i&v\edited code files\data\raw\BSL_Dataset\2_HAND_DATASET\Q\450.png,Q,two_hand,"wrong_hand_count (detected 1, expected 2)"
C:\Users\singh\Desktop\a2 i&v\edited code files\data\raw\BSL_Dataset\2_HAND_DATASET\Q\4675.png,Q,two_hand,"wrong_hand_count (detected 1, expected 2)"
C:\Users\singh\Desktop\a2 i&v\edited code files\data\raw\BSL_Dataset\2_HAND_DATASET\Q\470.png,Q,two_hand,"wrong_hand_count (detected 1, expected 2)"
C:\Users\singh\Desktop\a2 i&v\edited code files\data\raw\BSL_Dataset\2_HAND_DATASET\Q\4765.png,Q,two_hand,"wrong_hand_count (detected 1, expected 2)"
C:\Users\singh\Desktop\a2 i&v\edited code files\data\raw\BSL_Dataset\2_HAND_DATASET\Q\4895.png,Q,two_hand,"wrong_hand_count (detected 1, expected 2)"
C:\Users\singh\Desktop\a2 i&v\edited code files\data\raw\BSL_Dataset\2_HAND_DATASET\Q\4905.png,Q,two_hand,"wrong_hand_count (detected 1, expected 2)"
C:\Users\singh\Desktop\a2 i&v\edited code files\data\raw\BSL_Dataset\2_HAND_DATASET\Q\4910.png,Q,two_hand,"wrong_hand_count (detected 1, expected 2)"
C:\Users\singh\Desktop\a2 i&v\edited code files\data\raw\BSL_Dataset\2_HAND_DATASET\Q\4965.png,Q,two_hand,"wrong_hand_count (detected 1, expected 2)"
C:\Users\singh\Desktop\a2 i&v\edited code files\data\raw\BSL_Dataset\2_HAND_DATASET\Q\4985.png,Q,two_hand,"wrong_hand_count (detected 1, expected 2)"
C:\Users\singh\Desktop\a2 i&v\edited code files\data\raw\BSL_Dataset\2_HAND_DATASET\Q\505.png,Q,two_hand,"wrong_hand_count (detected 1, expected 2)"
C:\Users\singh\Desktop\a2 i&v\edited code files\data\raw\BSL_Dataset\2_HAND_DATASET\Q\525.png,Q,two_hand,"wrong_hand_count (detected 1, expected 2)"
C:\Users\singh\Desktop\a2 i&v\edited code files\data\raw\BSL_Dataset\2_HAND_DATASET\Q\545.png,Q,two_hand,"wrong_hand_count (detected 1, expected 2)"
C:\Users\singh\Desktop\a2 i&v\edited code files\data\raw\BSL_Dataset\2_HAND_DATASET\Q\550.png,Q,two_hand,"wrong_hand_count (detected 1, expected 2)"
C:\Users\singh\Desktop\a2 i&v\edited code files\data\raw\BSL_Dataset\2_HAND_DATASET\Q\605.png,Q,two_hand,no_hands
C:\Users\singh\Desktop\a2 i&v\edited code files\data\raw\BSL_Dataset\2_HAND_DATASET\Q\645.png,Q,two_hand,"wrong_hand_count (detected 1, expected 2)"
C:\Users\singh\Desktop\a2 i&v\edited code files\data\raw\BSL_Dataset\2_HAND_DATASET\Q\65.png,Q,two_hand,"wrong_hand_count (detected 1, expected 2)"
C:\Users\singh\Desktop\a2 i&v\edited code files\data\raw\BSL_Dataset\2_HAND_DATASET\Q\675.png,Q,two_hand,"wrong_hand_count (detected 1, expected 2)"
C:\Users\singh\Desktop\a2 i&v\edited code files\data\raw\BSL_Dataset\2_HAND_DATASET\Q\680.png,Q,two_hand,"wrong_hand_count (detected 1, expected 2)"
C:\Users\singh\Desktop\a2 i&v\edited code files\data\raw\BSL_Dataset\2_HAND_DATASET\Q\760.png,Q,two_hand,"wrong_hand_count (detected 1, expected 2)"
C:\Users\singh\Desktop\a2 i&v\edited code files\data\raw\BSL_Dataset\2_HAND_DATASET\Q\795.png,Q,two_hand,"wrong_hand_count (detected 1, expected 2)"
C:\Users\singh\Desktop\a2 i&v\edited code files\data\raw\BSL_Dataset\2_HAND_DATASET\Q\815.png,Q,two_hand,no_hands
C:\Users\singh\Desktop\a2 i&v\edited code files\data\raw\BSL_Dataset\2_HAND_DATASET\Q\820.png,Q,two_hand,"wrong_hand_count (detected 1, expected 2)"
C:\Users\singh\Desktop\a2 i&v\edited code files\data\raw\BSL_Dataset\2_HAND_DATASET\Q\875.png,Q,two_hand,"wrong_hand_count (detected 1, expected 2)"
C:\Users\singh\Desktop\a2 i&v\edited code files\data\raw\BSL_Dataset\2_HAND_DATASET\Q\920.png,Q,two_hand,"wrong_hand_count (detected 1, expected 2)"
C:\Users\singh\Desktop\a2 i&v\edited code files\data\raw\BSL_Dataset\2_HAND_DATASET\Q\925.png,Q,two_hand,"wrong_hand_count (detected 1, expected 2)"
C:\Users\singh\Desktop\a2 i&v\edited code files\data\raw\BSL_Dataset\2_HAND_DATASET\Q\940.png,Q,two_hand,"wrong_hand_count (detected 1, expected 2)"
C:\Users\singh\Desktop\a2 i&v\edited code files\data\raw\BSL_Dataset\2_HAND_DATASET\Q\960.png,Q,two_hand,"wrong_hand_count (detected 1, expected 2)"
C:\Users\singh\Desktop\a2 i&v\edited code files\data\raw\BSL_Dataset\2_HAND_DATASET\Q\990.png,Q,two_hand,"wrong_hand_count (detected 1, expected 2)"
C:\Users\singh\Desktop\a2 i&v\edited code files\data\raw\BSL_Dataset\2_HAND_DATASET\Q\995.png,Q,two_hand,"wrong_hand_count (detected 1, expected 2)"
C:\Users\singh\Desktop\a2 i&v\edited code files\data\raw\BSL_Dataset\2_HAND_DATASET\R\1005.png,R,two_hand,"wrong_hand_count (detected 1, expected 2)"
C:\Users\singh\Desktop\a2 i&v\edited code files\data\raw\BSL_Dataset\2_HAND_DATASET\R\1010.png,R,two_hand,"wrong_hand_count (detected 1, expected 2)"
C:\Users\singh\Desktop\a2 i&v\edited code files\data\raw\BSL_Dataset\2_HAND_DATASET\R\1015.png,R,two_hand,"wrong_hand_count (detected 1, expected 2)"
C:\Users\singh\Desktop\a2 i&v\edited code files\data\raw\BSL_Dataset\2_HAND_DATASET\R\1020.png,R,two_hand,"wrong_hand_count (detected 1, expected 2)"
C:\Users\singh\Desktop\a2 i&v\edited code files\data\raw\BSL_Dataset\2_HAND_DATASET\R\1025.png,R,two_hand,"wrong_hand_count (detected 1, expected 2)"
C:\Users\singh\Desktop\a2 i&v\edited code files\data\raw\BSL_Dataset\2_HAND_DATASET\R\1035.png,R,two_hand,"wrong_hand_count (detected 1, expected 2)"
C:\Users\singh\Desktop\a2 i&v\edited code files\data\raw\BSL_Dataset\2_HAND_DATASET\R\1040.png,R,two_hand,"wrong_hand_count (detected 1, expected 2)"
C:\Users\singh\Desktop\a2 i&v\edited code files\data\raw\BSL_Dataset\2_HAND_DATASET\R\1045.png,R,two_hand,"wrong_hand_count (detected 1, expected 2)"
C:\Users\singh\Desktop\a2 i&v\edited code files\data\raw\BSL_Dataset\2_HAND_DATASET\R\1050.png,R,two_hand,"wrong_hand_count (detected 1, expected 2)"
C:\Users\singh\Desktop\a2 i&v\edited code files\data\raw\BSL_Dataset\2_HAND_DATASET\R\1060.png,R,two_hand,"wrong_hand_count (detected 1, expected 2)"
C:\Users\singh\Desktop\a2 i&v\edited code files\data\raw\BSL_Dataset\2_HAND_DATASET\R\1070.png,R,two_hand,"wrong_hand_count (detected 1, expected 2)"
C:\Users\singh\Desktop\a2 i&v\edited code files\data\raw\BSL_Dataset\2_HAND_DATASET\R\1090.png,R,two_hand,"wrong_hand_count (detected 1, expected 2)"
C:\Users\singh\Desktop\a2 i&v\edited code files\data\raw\BSL_Dataset\2_HAND_DATASET\R\1095.png,R,two_hand,"wrong_hand_count (detected 1, expected 2)"
C:\Users\singh\Desktop\a2 i&v\edited code files\data\raw\BSL_Dataset\2_HAND_DATASET\R\1115.png,R,two_hand,"wrong_hand_count (detected 1, expected 2)"
C:\Users\singh\Desktop\a2 i&v\edited code files\data\raw\BSL_Dataset\2_HAND_DATASET\R\1135.png,R,two_hand,"wrong_hand_count (detected 1, expected 2)"
C:\Users\singh\Desktop\a2 i&v\edited code files\data\raw\BSL_Dataset\2_HAND_DATASET\R\1165.png,R,two_hand,"wrong_hand_count (detected 1, expected 2)"
C:\Users\singh\Desktop\a2 i&v\edited code files\data\raw\BSL_Dataset\2_HAND_DATASET\R\1170.png,R,two_hand,"wrong_hand_count (detected 1, expected 2)"
C:\Users\singh\Desktop\a2 i&v\edited code files\data\raw\BSL_Dataset\2_HAND_DATASET\R\1175.png,R,two_hand,"wrong_hand_count (detected 1, expected 2)"
C:\Users\singh\Desktop\a2 i&v\edited code files\data\raw\BSL_Dataset\2_HAND_DATASET\R\1180.png,R,two_hand,"wrong_hand_count (detected 1, expected 2)"
C:\Users\singh\Desktop\a2 i&v\edited code files\data\raw\BSL_Dataset\2_HAND_DATASET\R\1195.png,R,two_hand,"wrong_hand_count (detected 1, expected 2)"
C:\Users\singh\Desktop\a2 i&v\edited code files\data\raw\BSL_Dataset\2_HAND_DATASET\R\1200.png,R,two_hand,"wrong_hand_count (detected 1, expected 2)"
C:\Users\singh\Desktop\a2 i&v\edited code files\data\raw\BSL_Dataset\2_HAND_DATASET\R\1205.png,R,two_hand,"wrong_hand_count (detected 1, expected 2)"
C:\Users\singh\Desktop\a2 i&v\edited code files\data\raw\BSL_Dataset\2_HAND_DATASET\R\1235.png,R,two_hand,"wrong_hand_count (detected 1, expected 2)"
C:\Users\singh\Desktop\a2 i&v\edited code files\data\raw\BSL_Dataset\2_HAND_DATASET\R\1265.png,R,two_hand,"wrong_hand_count (detected 1, expected 2)"
C:\Users\singh\Desktop\a2 i&v\edited code files\data\raw\BSL_Dataset\2_HAND_DATASET\R\1280.png,R,two_hand,"wrong_hand_count (detected 1, expected 2)"
C:\Users\singh\Desktop\a2 i&v\edited code files\data\raw\BSL_Dataset\2_HAND_DATASET\R\1285.png,R,two_hand,"wrong_hand_count (detected 1, expected 2)"
C:\Users\singh\Desktop\a2 i&v\edited code files\data\raw\BSL_Dataset\2_HAND_DATASET\R\1290.png,R,two_hand,"wrong_hand_count (detected 1, expected 2)"
C:\Users\singh\Desktop\a2 i&v\edited code files\data\raw\BSL_Dataset\2_HAND_DATASET\R\1295.png,R,two_hand,"wrong_hand_count (detected 1, expected 2)"
C:\Users\singh\Desktop\a2 i&v\edited code files\data\raw\BSL_Dataset\2_HAND_DATASET\R\130.png,R,two_hand,"wrong_hand_count (detected 1, expected 2)"
C:\Users\singh\Desktop\a2 i&v\edited code files\data\raw\BSL_Dataset\2_HAND_DATASET\R\1305.png,R,two_hand,"wrong_hand_count (detected 1, expected 2)"
C:\Users\singh\Desktop\a2 i&v\edited code files\data\raw\BSL_Dataset\2_HAND_DATASET\R\1315.png,R,two_hand,"wrong_hand_count (detected 1, expected 2)"
C:\Users\singh\Desktop\a2 i&v\edited code files\data\raw\BSL_Dataset\2_HAND_DATASET\R\1335.png,R,two_hand,"wrong_hand_count (detected 1, expected 2)"
C:\Users\singh\Desktop\a2 i&v\edited code files\data\raw\BSL_Dataset\2_HAND_DATASET\R\1340.png,R,two_hand,"wrong_hand_count (detected 1, expected 2)"
C:\Users\singh\Desktop\a2 i&v\edited code files\data\raw\BSL_Dataset\2_HAND_DATASET\R\135.png,R,two_hand,"wrong_hand_count (detected 1, expected 2)"
C:\Users\singh\Desktop\a2 i&v\edited code files\data\raw\BSL_Dataset\2_HAND_DATASET\R\1350.png,R,two_hand,"wrong_hand_count (detected 1, expected 2)"
C:\Users\singh\Desktop\a2 i&v\edited code files\data\raw\BSL_Dataset\2_HAND_DATASET\R\1365.png,R,two_hand,"wrong_hand_count (detected 1, expected 2)"
C:\Users\singh\Desktop\a2 i&v\edited code files\data\raw\BSL_Dataset\2_HAND_DATASET\R\1370.png,R,two_hand,"wrong_hand_count (detected 1, expected 2)"
C:\Users\singh\Desktop\a2 i&v\edited code files\data\raw\BSL_Dataset\2_HAND_DATASET\R\1375.png,R,two_hand,"wrong_hand_count (detected 1, expected 2)"
C:\Users\singh\Desktop\a2 i&v\edited code files\data\raw\BSL_Dataset\2_HAND_DATASET\R\1395.png,R,two_hand,"wrong_hand_count (detected 1, expected 2)"
C:\Users\singh\Desktop\a2 i&v\edited code files\data\raw\BSL_Dataset\2_HAND_DATASET\R\1400.png,R,two_hand,"wrong_hand_count (detected 1, expected 2)"
C:\Users\singh\Desktop\a2 i&v\edited code files\data\raw\BSL_Dataset\2_HAND_DATASET\R\1405.png,R,two_hand,"wrong_hand_count (detected 1, expected 2)"
C:\Users\singh\Desktop\a2 i&v\edited code files\data\raw\BSL_Dataset\2_HAND_DATASET\R\1450.png,R,two_hand,"wrong_hand_count (detected 1, expected 2)"
C:\Users\singh\Desktop\a2 i&v\edited code files\data\raw\BSL_Dataset\2_HAND_DATASET\R\1460.png,R,two_hand,"wrong_hand_count (detected 1, expected 2)"
C:\Users\singh\Desktop\a2 i&v\edited code files\data\raw\BSL_Dataset\2_HAND_DATASET\R\1465.png,R,two_hand,"wrong_hand_count (detected 1, expected 2)"
C:\Users\singh\Desktop\a2 i&v\edited code files\data\raw\BSL_Dataset\2_HAND_DATASET\R\15.png,R,two_hand,"wrong_hand_count (detected 1, expected 2)"
C:\Users\singh\Desktop\a2 i&v\edited code files\data\raw\BSL_Dataset\2_HAND_DATASET\R\1510.png,R,two_hand,"wrong_hand_count (detected 1, expected 2)"
C:\Users\singh\Desktop\a2 i&v\edited code files\data\raw\BSL_Dataset\2_HAND_DATASET\R\1540.png,R,two_hand,"wrong_hand_count (detected 1, expected 2)"
C:\Users\singh\Desktop\a2 i&v\edited code files\data\raw\BSL_Dataset\2_HAND_DATASET\R\1570.png,R,two_hand,"wrong_hand_count (detected 1, expected 2)"
C:\Users\singh\Desktop\a2 i&v\edited code files\data\raw\BSL_Dataset\2_HAND_DATASET\R\1575.png,R,two_hand,"wrong_hand_count (detected 1, expected 2)"
C:\Users\singh\Desktop\a2 i&v\edited code files\data\raw\BSL_Dataset\2_HAND_DATASET\R\1590.png,R,two_hand,"wrong_hand_count (detected 1, expected 2)"
C:\Users\singh\Desktop\a2 i&v\edited code files\data\raw\BSL_Dataset\2_HAND_DATASET\R\1615.png,R,two_hand,"wrong_hand_count (detected 1, expected 2)"
C:\Users\singh\Desktop\a2 i&v\edited code files\data\raw\BSL_Dataset\2_HAND_DATASET\R\1625.png,R,two_hand,"wrong_hand_count (detected 1, expected 2)"
C:\Users\singh\Desktop\a2 i&v\edited code files\data\raw\BSL_Dataset\2_HAND_DATASET\R\1630.png,R,two_hand,"wrong_hand_count (detected 1, expected 2)"
C:\Users\singh\Desktop\a2 i&v\edited code files\data\raw\BSL_Dataset\2_HAND_DATASET\R\1665.png,R,two_hand,"wrong_hand_count (detected 1, expected 2)"
C:\Users\singh\Desktop\a2 i&v\edited code files\data\raw\BSL_Dataset\2_HAND_DATASET\R\1670.png,R,two_hand,"wrong_hand_count (detected 1, expected 2)"
C:\Users\singh\Desktop\a2 i&v\edited code files\data\raw\BSL_Dataset\2_HAND_DATASET\R\1685.png,R,two_hand,"wrong_hand_count (detected 1, expected 2)"
C:\Users\singh\Desktop\a2 i&v\edited code files\data\raw\BSL_Dataset\2_HAND_DATASET\R\1690.png,R,two_hand,"wrong_hand_count (detected 1, expected 2)"
C:\Users\singh\Desktop\a2 i&v\edited code files\data\raw\BSL_Dataset\2_HAND_DATASET\R\170.png,R,two_hand,"wrong_hand_count (detected 1, expected 2)"
C:\Users\singh\Desktop\a2 i&v\edited code files\data\raw\BSL_Dataset\2_HAND_DATASET\R\1700.png,R,two_hand,"wrong_hand_count (detected 1, expected 2)"
C:\Users\singh\Desktop\a2 i&v\edited code files\data\raw\BSL_Dataset\2_HAND_DATASET\R\1720.png,R,two_hand,"wrong_hand_count (detected 1, expected 2)"
C:\Users\singh\Desktop\a2 i&v\edited code files\data\raw\BSL_Dataset\2_HAND_DATASET\R\1725.png,R,two_hand,"wrong_hand_count (detected 1, expected 2)"
C:\Users\singh\Desktop\a2 i&v\edited code files\data\raw\BSL_Dataset\2_HAND_DATASET\R\1805.png,R,two_hand,"wrong_hand_count (detected 1, expected 2)"
C:\Users\singh\Desktop\a2 i&v\edited code files\data\raw\BSL_Dataset\2_HAND_DATASET\R\1830.png,R,two_hand,"wrong_hand_count (detected 1, expected 2)"
C:\Users\singh\Desktop\a2 i&v\edited code files\data\raw\BSL_Dataset\2_HAND_DATASET\R\1835.png,R,two_hand,"wrong_hand_count (detected 1, expected 2)"
C:\Users\singh\Desktop\a2 i&v\edited code files\data\raw\BSL_Dataset\2_HAND_DATASET\R\1850.png,R,two_hand,"wrong_hand_count (detected 1, expected 2)"
C:\Users\singh\Desktop\a2 i&v\edited code files\data\raw\BSL_Dataset\2_HAND_DATASET\R\1865.png,R,two_hand,"wrong_hand_count (detected 1, expected 2)"
C:\Users\singh\Desktop\a2 i&v\edited code files\data\raw\BSL_Dataset\2_HAND_DATASET\R\1895.png,R,two_hand,"wrong_hand_count (detected 1, expected 2)"
C:\Users\singh\Desktop\a2 i&v\edited code files\data\raw\BSL_Dataset\2_HAND_DATASET\R\1900.png,R,two_hand,"wrong_hand_count (detected 1, expected 2)"
C:\Users\singh\Desktop\a2 i&v\edited code files\data\raw\BSL_Dataset\2_HAND_DATASET\R\1905.png,R,two_hand,"wrong_hand_count (detected 1, expected 2)"
C:\Users\singh\Desktop\a2 i&v\edited code files\data\raw\BSL_Dataset\2_HAND_DATASET\R\1920.png,R,two_hand,"wrong_hand_count (detected 1, expected 2)"
C:\Users\singh\Desktop\a2 i&v\edited code files\data\raw\BSL_Dataset\2_HAND_DATASET\R\1925.png,R,two_hand,"wrong_hand_count (detected 1, expected 2)"
C:\Users\singh\Desktop\a2 i&v\edited code files\data\raw\BSL_Dataset\2_HAND_DATASET\R\1990.png,R,two_hand,"wrong_hand_count (detected 1, expected 2)"
C:\Users\singh\Desktop\a2 i&v\edited code files\data\raw\BSL_Dataset\2_HAND_DATASET\R\1995.png,R,two_hand,"wrong_hand_count (detected 1, expected 2)"
C:\Users\singh\Desktop\a2 i&v\edited code files\data\raw\BSL_Dataset\2_HAND_DATASET\R\20.png,R,two_hand,no_hands
C:\Users\singh\Desktop\a2 i&v\edited code files\data\raw\BSL_Dataset\2_HAND_DATASET\R\2035.png,R,two_hand,"wrong_hand_count (detected 1, expected 2)"
C:\Users\singh\Desktop\a2 i&v\edited code files\data\raw\BSL_Dataset\2_HAND_DATASET\R\2040.png,R,two_hand,"wrong_hand_count (detected 1, expected 2)"
C:\Users\singh\Desktop\a2 i&v\edited code files\data\raw\BSL_Dataset\2_HAND_DATASET\R\2045.png,R,two_hand,"wrong_hand_count (detected 1, expected 2)"
C:\Users\singh\Desktop\a2 i&v\edited code files\data\raw\BSL_Dataset\2_HAND_DATASET\R\2070.png,R,two_hand,"wrong_hand_count (detected 1, expected 2)"
C:\Users\singh\Desktop\a2 i&v\edited code files\data\raw\BSL_Dataset\2_HAND_DATASET\R\2075.png,R,two_hand,"wrong_hand_count (detected 1, expected 2)"
C:\Users\singh\Desktop\a2 i&v\edited code files\data\raw\BSL_Dataset\2_HAND_DATASET\R\2140.png,R,two_hand,"wrong_hand_count (detected 1, expected 2)"
C:\Users\singh\Desktop\a2 i&v\edited code files\data\raw\BSL_Dataset\2_HAND_DATASET\R\2155.png,R,two_hand,"wrong_hand_count (detected 1, expected 2)"
C:\Users\singh\Desktop\a2 i&v\edited code files\data\raw\BSL_Dataset\2_HAND_DATASET\R\2160.png,R,two_hand,"wrong_hand_count (detected 1, expected 2)"
C:\Users\singh\Desktop\a2 i&v\edited code files\data\raw\BSL_Dataset\2_HAND_DATASET\R\2165.png,R,two_hand,"wrong_hand_count (detected 1, expected 2)"
C:\Users\singh\Desktop\a2 i&v\edited code files\data\raw\BSL_Dataset\2_HAND_DATASET\R\2175.png,R,two_hand,"wrong_hand_count (detected 1, expected 2)"
C:\Users\singh\Desktop\a2 i&v\edited code files\data\raw\BSL_Dataset\2_HAND_DATASET\R\2185.png,R,two_hand,"wrong_hand_count (detected 1, expected 2)"
C:\Users\singh\Desktop\a2 i&v\edited code files\data\raw\BSL_Dataset\2_HAND_DATASET\R\2190.png,R,two_hand,"wrong_hand_count (detected 1, expected 2)"
C:\Users\singh\Desktop\a2 i&v\edited code files\data\raw\BSL_Dataset\2_HAND_DATASET\R\2230.png,R,two_hand,"wrong_hand_count (detected 1, expected 2)"
C:\Users\singh\Desktop\a2 i&v\edited code files\data\raw\BSL_Dataset\2_HAND_DATASET\R\2235.png,R,two_hand,no_hands
C:\Users\singh\Desktop\a2 i&v\edited code files\data\raw\BSL_Dataset\2_HAND_DATASET\R\2240.png,R,two_hand,"wrong_hand_count (detected 1, expected 2)"
C:\Users\singh\Desktop\a2 i&v\edited code files\data\raw\BSL_Dataset\2_HAND_DATASET\R\2265.png,R,two_hand,"wrong_hand_count (detected 1, expected 2)"
C:\Users\singh\Desktop\a2 i&v\edited code files\data\raw\BSL_Dataset\2_HAND_DATASET\R\2270.png,R,two_hand,"wrong_hand_count (detected 1, expected 2)"
C:\Users\singh\Desktop\a2 i&v\edited code files\data\raw\BSL_Dataset\2_HAND_DATASET\R\2275.png,R,two_hand,"wrong_hand_count (detected 1, expected 2)"
C:\Users\singh\Desktop\a2 i&v\edited code files\data\raw\BSL_Dataset\2_HAND_DATASET\R\2300.png,R,two_hand,"wrong_hand_count (detected 1, expected 2)"
C:\Users\singh\Desktop\a2 i&v\edited code files\data\raw\BSL_Dataset\2_HAND_DATASET\R\2355.png,R,two_hand,"wrong_hand_count (detected 1, expected 2)"
C:\Users\singh\Desktop\a2 i&v\edited code files\data\raw\BSL_Dataset\2_HAND_DATASET\R\2385.png,R,two_hand,"wrong_hand_count (detected 1, expected 2)"
C:\Users\singh\Desktop\a2 i&v\edited code files\data\raw\BSL_Dataset\2_HAND_DATASET\R\2390.png,R,two_hand,"wrong_hand_count (detected 1, expected 2)"
C:\Users\singh\Desktop\a2 i&v\edited code files\data\raw\BSL_Dataset\2_HAND_DATASET\R\240.png,R,two_hand,"wrong_hand_count (detected 1, expected 2)"
C:\Users\singh\Desktop\a2 i&v\edited code files\data\raw\BSL_Dataset\2_HAND_DATASET\R\2400.png,R,two_hand,"wrong_hand_count (detected 1, expected 2)"
C:\Users\singh\Desktop\a2 i&v\edited code files\data\raw\BSL_Dataset\2_HAND_DATASET\R\2420.png,R,two_hand,"wrong_hand_count (detected 1, expected 2)"
C:\Users\singh\Desktop\a2 i&v\edited code files\data\raw\BSL_Dataset\2_HAND_DATASET\R\2470.png,R,two_hand,"wrong_hand_count (detected 1, expected 2)"
C:\Users\singh\Desktop\a2 i&v\edited code files\data\raw\BSL_Dataset\2_HAND_DATASET\R\2480.png,R,two_hand,"wrong_hand_count (detected 1, expected 2)"
C:\Users\singh\Desktop\a2 i&v\edited code files\data\raw\BSL_Dataset\2_HAND_DATASET\R\2505.png,R,two_hand,"wrong_hand_count (detected 1, expected 2)"
C:\Users\singh\Desktop\a2 i&v\edited code files\data\raw\BSL_Dataset\2_HAND_DATASET\R\2510.png,R,two_hand,"wrong_hand_count (detected 1, expected 2)"
C:\Users\singh\Desktop\a2 i&v\edited code files\data\raw\BSL_Dataset\2_HAND_DATASET\R\2515.png,R,two_hand,"wrong_hand_count (detected 1, expected 2)"
C:\Users\singh\Desktop\a2 i&v\edited code files\data\raw\BSL_Dataset\2_HAND_DATASET\R\2535.png,R,two_hand,"wrong_hand_count (detected 1, expected 2)"
C:\Users\singh\Desktop\a2 i&v\edited code files\data\raw\BSL_Dataset\2_HAND_DATASET\R\2545.png,R,two_hand,"wrong_hand_count (detected 1, expected 2)"
C:\Users\singh\Desktop\a2 i&v\edited code files\data\raw\BSL_Dataset\2_HAND_DATASET\R\2550.png,R,two_hand,"wrong_hand_count (detected 1, expected 2)"
C:\Users\singh\Desktop\a2 i&v\edited code files\data\raw\BSL_Dataset\2_HAND_DATASET\R\2565.png,R,two_hand,"wrong_hand_count (detected 1, expected 2)"
C:\Users\singh\Desktop\a2 i&v\edited code files\data\raw\BSL_Dataset\2_HAND_DATASET\R\2585.png,R,two_hand,"wrong_hand_count (detected 1, expected 2)"
C:\Users\singh\Desktop\a2 i&v\edited code files\data\raw\BSL_Dataset\2_HAND_DATASET\R\2590.png,R,two_hand,"wrong_hand_count (detected 1, expected 2)"
C:\Users\singh\Desktop\a2 i&v\edited code files\data\raw\BSL_Dataset\2_HAND_DATASET\R\260.png,R,two_hand,"wrong_hand_count (detected 1, expected 2)"
C:\Users\singh\Desktop\a2 i&v\edited code files\data\raw\BSL_Dataset\2_HAND_DATASET\R\2615.png,R,two_hand,"wrong_hand_count (detected 1, expected 2)"
C:\Users\singh\Desktop\a2 i&v\edited code files\data\raw\BSL_Dataset\2_HAND_DATASET\R\2620.png,R,two_hand,"wrong_hand_count (detected 1, expected 2)"
C:\Users\singh\Desktop\a2 i&v\edited code files\data\raw\BSL_Dataset\2_HAND_DATASET\R\2625.png,R,two_hand,"wrong_hand_count (detected 1, expected 2)"
C:\Users\singh\Desktop\a2 i&v\edited code files\data\raw\BSL_Dataset\2_HAND_DATASET\R\2630.png,R,two_hand,"wrong_hand_count (detected 1, expected 2)"
C:\Users\singh\Desktop\a2 i&v\edited code files\data\raw\BSL_Dataset\2_HAND_DATASET\R\2635.png,R,two_hand,"wrong_hand_count (detected 1, expected 2)"
C:\Users\singh\Desktop\a2 i&v\edited code files\data\raw\BSL_Dataset\2_HAND_DATASET\R\2700.png,R,two_hand,"wrong_hand_count (detected 1, expected 2)"
C:\Users\singh\Desktop\a2 i&v\edited code files\data\raw\BSL_Dataset\2_HAND_DATASET\R\2705.png,R,two_hand,"wrong_hand_count (detected 1, expected 2)"
C:\Users\singh\Desktop\a2 i&v\edited code files\data\raw\BSL_Dataset\2_HAND_DATASET\R\2730.png,R,two_hand,"wrong_hand_count (detected 1, expected 2)"
C:\Users\singh\Desktop\a2 i&v\edited code files\data\raw\BSL_Dataset\2_HAND_DATASET\R\2740.png,R,two_hand,"wrong_hand_count (detected 1, expected 2)"
C:\Users\singh\Desktop\a2 i&v\edited code files\data\raw\BSL_Dataset\2_HAND_DATASET\R\2745.png,R,two_hand,no_hands
C:\Users\singh\Desktop\a2 i&v\edited code files\data\raw\BSL_Dataset\2_HAND_DATASET\R\2760.png,R,two_hand,"wrong_hand_count (detected 1, expected 2)"
C:\Users\singh\Desktop\a2 i&v\edited code files\data\raw\BSL_Dataset\2_HAND_DATASET\R\2785.png,R,two_hand,"wrong_hand_count (detected 1, expected 2)"
C:\Users\singh\Desktop\a2 i&v\edited code files\data\raw\BSL_Dataset\2_HAND_DATASET\R\2820.png,R,two_hand,"wrong_hand_count (detected 1, expected 2)"
C:\Users\singh\Desktop\a2 i&v\edited code files\data\raw\BSL_Dataset\2_HAND_DATASET\R\2855.png,R,two_hand,"wrong_hand_count (detected 1, expected 2)"
C:\Users\singh\Desktop\a2 i&v\edited code files\data\raw\BSL_Dataset\2_HAND_DATASET\R\2860.png,R,two_hand,"wrong_hand_count (detected 1, expected 2)"
C:\Users\singh\Desktop\a2 i&v\edited code files\data\raw\BSL_Dataset\2_HAND_DATASET\R\2865.png,R,two_hand,"wrong_hand_count (detected 1, expected 2)"
C:\Users\singh\Desktop\a2 i&v\edited code files\data\raw\BSL_Dataset\2_HAND_DATASET\R\2870.png,R,two_hand,"wrong_hand_count (detected 1, expected 2)"
C:\Users\singh\Desktop\a2 i&v\edited code files\data\raw\BSL_Dataset\2_HAND_DATASET\R\2875.png,R,two_hand,"wrong_hand_count (detected 1, expected 2)"
C:\Users\singh\Desktop\a2 i&v\edited code files\data\raw\BSL_Dataset\2_HAND_DATASET\R\2885.png,R,two_hand,"wrong_hand_count (detected 1, expected 2)"
C:\Users\singh\Desktop\a2 i&v\edited code files\data\raw\BSL_Dataset\2_HAND_DATASET\R\2890.png,R,two_hand,"wrong_hand_count (detected 1, expected 2)"
C:\Users\singh\Desktop\a2 i&v\edited code files\data\raw\BSL_Dataset\2_HAND_DATASET\R\290.png,R,two_hand,"wrong_hand_count (detected 1, expected 2)"
C:\Users\singh\Desktop\a2 i&v\edited code files\data\raw\BSL_Dataset\2_HAND_DATASET\R\2910.png,R,two_hand,"wrong_hand_count (detected 1, expected 2)"
C:\Users\singh\Desktop\a2 i&v\edited code files\data\raw\BSL_Dataset\2_HAND_DATASET\R\2925.png,R,two_hand,"wrong_hand_count (detected 1, expected 2)"
C:\Users\singh\Desktop\a2 i&v\edited code files\data\raw\BSL_Dataset\2_HAND_DATASET\R\2935.png,R,two_hand,"wrong_hand_count (detected 1, expected 2)"
C:\Users\singh\Desktop\a2 i&v\edited code files\data\raw\BSL_Dataset\2_HAND_DATASET\R\2940.png,R,two_hand,"wrong_hand_count (detected 1, expected 2)"
C:\Users\singh\Desktop\a2 i&v\edited code files\data\raw\BSL_Dataset\2_HAND_DATASET\R\2950.png,R,two_hand,"wrong_hand_count (detected 1, expected 2)"
C:\Users\singh\Desktop\a2 i&v\edited code files\data\raw\BSL_Dataset\2_HAND_DATASET\R\2995.png,R,two_hand,"wrong_hand_count (detected 1, expected 2)"
C:\Users\singh\Desktop\a2 i&v\edited code files\data\raw\BSL_Dataset\2_HAND_DATASET\R\3020.png,R,two_hand,"wrong_hand_count (detected 1, expected 2)"
C:\Users\singh\Desktop\a2 i&v\edited code files\data\raw\BSL_Dataset\2_HAND_DATASET\R\3025.png,R,two_hand,"wrong_hand_count (detected 1, expected 2)"
C:\Users\singh\Desktop\a2 i&v\edited code files\data\raw\BSL_Dataset\2_HAND_DATASET\R\3055.png,R,two_hand,"wrong_hand_count (detected 1, expected 2)"
C:\Users\singh\Desktop\a2 i&v\edited code files\data\raw\BSL_Dataset\2_HAND_DATASET\R\3060.png,R,two_hand,no_hands
C:\Users\singh\Desktop\a2 i&v\edited code files\data\raw\BSL_Dataset\2_HAND_DATASET\R\3065.png,R,two_hand,no_hands
C:\Users\singh\Desktop\a2 i&v\edited code files\data\raw\BSL_Dataset\2_HAND_DATASET\R\3070.png,R,two_hand,"wrong_hand_count (detected 1, expected 2)"
C:\Users\singh\Desktop\a2 i&v\edited code files\data\raw\BSL_Dataset\2_HAND_DATASET\R\3075.png,R,two_hand,"wrong_hand_count (detected 1, expected 2)"
C:\Users\singh\Desktop\a2 i&v\edited code files\data\raw\BSL_Dataset\2_HAND_DATASET\R\3095.png,R,two_hand,"wrong_hand_count (detected 1, expected 2)"
C:\Users\singh\Desktop\a2 i&v\edited code files\data\raw\BSL_Dataset\2_HAND_DATASET\R\3100.png,R,two_hand,"wrong_hand_count (detected 1, expected 2)"
C:\Users\singh\Desktop\a2 i&v\edited code files\data\raw\BSL_Dataset\2_HAND_DATASET\R\3105.png,R,two_hand,"wrong_hand_count (detected 1, expected 2)"
C:\Users\singh\Desktop\a2 i&v\edited code files\data\raw\BSL_Dataset\2_HAND_DATASET\R\3130.png,R,two_hand,"wrong_hand_count (detected 1, expected 2)"
C:\Users\singh\Desktop\a2 i&v\edited code files\data\raw\BSL_Dataset\2_HAND_DATASET\R\3140.png,R,two_hand,"wrong_hand_count (detected 1, expected 2)"
C:\Users\singh\Desktop\a2 i&v\edited code files\data\raw\BSL_Dataset\2_HAND_DATASET\R\315.png,R,two_hand,"wrong_hand_count (detected 1, expected 2)"
C:\Users\singh\Desktop\a2 i&v\edited code files\data\raw\BSL_Dataset\2_HAND_DATASET\R\3165.png,R,two_hand,"wrong_hand_count (detected 1, expected 2)"
C:\Users\singh\Desktop\a2 i&v\edited code files\data\raw\BSL_Dataset\2_HAND_DATASET\R\3185.png,R,two_hand,"wrong_hand_count (detected 1, expected 2)"
C:\Users\singh\Desktop\a2 i&v\edited code files\data\raw\BSL_Dataset\2_HAND_DATASET\R\3250.png,R,two_hand,"wrong_hand_count (detected 1, expected 2)"
C:\Users\singh\Desktop\a2 i&v\edited code files\data\raw\BSL_Dataset\2_HAND_DATASET\R\3260.png,R,two_hand,"wrong_hand_count (detected 1, expected 2)"
C:\Users\singh\Desktop\a2 i&v\edited code files\data\raw\BSL_Dataset\2_HAND_DATASET\R\3265.png,R,two_hand,"wrong_hand_count (detected 1, expected 2)"
C:\Users\singh\Desktop\a2 i&v\edited code files\data\raw\BSL_Dataset\2_HAND_DATASET\R\3300.png,R,two_hand,"wrong_hand_count (detected 1, expected 2)"
C:\Users\singh\Desktop\a2 i&v\edited code files\data\raw\BSL_Dataset\2_HAND_DATASET\R\3310.png,R,two_hand,"wrong_hand_count (detected 1, expected 2)"
C:\Users\singh\Desktop\a2 i&v\edited code files\data\raw\BSL_Dataset\2_HAND_DATASET\R\3320.png,R,two_hand,"wrong_hand_count (detected 1, expected 2)"
C:\Users\singh\Desktop\a2 i&v\edited code files\data\raw\BSL_Dataset\2_HAND_DATASET\R\3325.png,R,two_hand,"wrong_hand_count (detected 1, expected 2)"
C:\Users\singh\Desktop\a2 i&v\edited code files\data\raw\BSL_Dataset\2_HAND_DATASET\R\3330.png,R,two_hand,"wrong_hand_count (detected 1, expected 2)"
C:\Users\singh\Desktop\a2 i&v\edited code files\data\raw\BSL_Dataset\2_HAND_DATASET\R\3335.png,R,two_hand,"wrong_hand_count (detected 1, expected 2)"
C:\Users\singh\Desktop\a2 i&v\edited code files\data\raw\BSL_Dataset\2_HAND_DATASET\R\3340.png,R,two_hand,"wrong_hand_count (detected 1, expected 2)"
C:\Users\singh\Desktop\a2 i&v\edited code files\data\raw\BSL_Dataset\2_HAND_DATASET\R\3345.png,R,two_hand,"wrong_hand_count (detected 1, expected 2)"
C:\Users\singh\Desktop\a2 i&v\edited code files\data\raw\BSL_Dataset\2_HAND_DATASET\R\3360.png,R,two_hand,"wrong_hand_count (detected 1, expected 2)"
C:\Users\singh\Desktop\a2 i&v\edited code files\data\raw\BSL_Dataset\2_HAND_DATASET\R\3365.png,R,two_hand,"wrong_hand_count (detected 1, expected 2)"
C:\Users\singh\Desktop\a2 i&v\edited code files\data\raw\BSL_Dataset\2_HAND_DATASET\R\3375.png,R,two_hand,"wrong_hand_count (detected 1, expected 2)"
C:\Users\singh\Desktop\a2 i&v\edited code files\data\raw\BSL_Dataset\2_HAND_DATASET\R\3380.png,R,two_hand,"wrong_hand_count (detected 1, expected 2)"
C:\Users\singh\Desktop\a2 i&v\edited code files\data\raw\BSL_Dataset\2_HAND_DATASET\R\3395.png,R,two_hand,"wrong_hand_count (detected 1, expected 2)"
C:\Users\singh\Desktop\a2 i&v\edited code files\data\raw\BSL_Dataset\2_HAND_DATASET\R\3405.png,R,two_hand,"wrong_hand_count (detected 1, expected 2)"
C:\Users\singh\Desktop\a2 i&v\edited code files\data\raw\BSL_Dataset\2_HAND_DATASET\R\3425.png,R,two_hand,"wrong_hand_count (detected 1, expected 2)"
C:\Users\singh\Desktop\a2 i&v\edited code files\data\raw\BSL_Dataset\2_HAND_DATASET\R\3445.png,R,two_hand,"wrong_hand_count (detected 1, expected 2)"
C:\Users\singh\Desktop\a2 i&v\edited code files\data\raw\BSL_Dataset\2_HAND_DATASET\R\3485.png,R,two_hand,"wrong_hand_count (detected 1, expected 2)"
C:\Users\singh\Desktop\a2 i&v\edited code files\data\raw\BSL_Dataset\2_HAND_DATASET\R\350.png,R,two_hand,"wrong_hand_count (detected 1, expected 2)"
C:\Users\singh\Desktop\a2 i&v\edited code files\data\raw\BSL_Dataset\2_HAND_DATASET\R\3520.png,R,two_hand,"wrong_hand_count (detected 1, expected 2)"
C:\Users\singh\Desktop\a2 i&v\edited code files\data\raw\BSL_Dataset\2_HAND_DATASET\R\3555.png,R,two_hand,"wrong_hand_count (detected 1, expected 2)"
C:\Users\singh\Desktop\a2 i&v\edited code files\data\raw\BSL_Dataset\2_HAND_DATASET\R\3560.png,R,two_hand,"wrong_hand_count (detected 1, expected 2)"
C:\Users\singh\Desktop\a2 i&v\edited code files\data\raw\BSL_Dataset\2_HAND_DATASET\R\3570.png,R,two_hand,"wrong_hand_count (detected 1, expected 2)"
C:\Users\singh\Desktop\a2 i&v\edited code files\data\raw\BSL_Dataset\2_HAND_DATASET\R\3590.png,R,two_hand,"wrong_hand_count (detected 1, expected 2)"
C:\Users\singh\Desktop\a2 i&v\edited code files\data\raw\BSL_Dataset\2_HAND_DATASET\R\360.png,R,two_hand,"wrong_hand_count (detected 1, expected 2)"
C:\Users\singh\Desktop\a2 i&v\edited code files\data\raw\BSL_Dataset\2_HAND_DATASET\R\3605.png,R,two_hand,"wrong_hand_count (detected 1, expected 2)"
C:\Users\singh\Desktop\a2 i&v\edited code files\data\raw\BSL_Dataset\2_HAND_DATASET\R\3610.png,R,two_hand,"wrong_hand_count (detected 1, expected 2)"
C:\Users\singh\Desktop\a2 i&v\edited code files\data\raw\BSL_Dataset\2_HAND_DATASET\R\3620.png,R,two_hand,"wrong_hand_count (detected 1, expected 2)"
C:\Users\singh\Desktop\a2 i&v\edited code files\data\raw\BSL_Dataset\2_HAND_DATASET\R\3665.png,R,two_hand,"wrong_hand_count (detected 1, expected 2)"
C:\Users\singh\Desktop\a2 i&v\edited code files\data\raw\BSL_Dataset\2_HAND_DATASET\R\3675.png,R,two_hand,"wrong_hand_count (detected 1, expected 2)"
C:\Users\singh\Desktop\a2 i&v\edited code files\data\raw\BSL_Dataset\2_HAND_DATASET\R\3685.png,R,two_hand,"wrong_hand_count (detected 1, expected 2)"
C:\Users\singh\Desktop\a2 i&v\edited code files\data\raw\BSL_Dataset\2_HAND_DATASET\R\3715.png,R,two_hand,"wrong_hand_count (detected 1, expected 2)"
C:\Users\singh\Desktop\a2 i&v\edited code files\data\raw\BSL_Dataset\2_HAND_DATASET\R\3720.png,R,two_hand,"wrong_hand_count (detected 1, expected 2)"
C:\Users\singh\Desktop\a2 i&v\edited code files\data\raw\BSL_Dataset\2_HAND_DATASET\R\3745.png,R,two_hand,"wrong_hand_count (detected 1, expected 2)"
C:\Users\singh\Desktop\a2 i&v\edited code files\data\raw\BSL_Dataset\2_HAND_DATASET\R\3780.png,R,two_hand,"wrong_hand_count (detected 1, expected 2)"
C:\Users\singh\Desktop\a2 i&v\edited code files\data\raw\BSL_Dataset\2_HAND_DATASET\R\3790.png,R,two_hand,"wrong_hand_count (detected 1, expected 2)"
C:\Users\singh\Desktop\a2 i&v\edited code files\data\raw\BSL_Dataset\2_HAND_DATASET\R\380.png,R,two_hand,"wrong_hand_count (detected 1, expected 2)"
C:\Users\singh\Desktop\a2 i&v\edited code files\data\raw\BSL_Dataset\2_HAND_DATASET\R\3840.png,R,two_hand,"wrong_hand_count (detected 1, expected 2)"
C:\Users\singh\Desktop\a2 i&v\edited code files\data\raw\BSL_Dataset\2_HAND_DATASET\R\3860.png,R,two_hand,"wrong_hand_count (detected 1, expected 2)"
C:\Users\singh\Desktop\a2 i&v\edited code files\data\raw\BSL_Dataset\2_HAND_DATASET\R\3905.png,R,two_hand,"wrong_hand_count (detected 1, expected 2)"
C:\Users\singh\Desktop\a2 i&v\edited code files\data\raw\BSL_Dataset\2_HAND_DATASET\R\3910.png,R,two_hand,"wrong_hand_count (detected 1, expected 2)"
C:\Users\singh\Desktop\a2 i&v\edited code files\data\raw\BSL_Dataset\2_HAND_DATASET\R\3920.png,R,two_hand,"wrong_hand_count (detected 1, expected 2)"
C:\Users\singh\Desktop\a2 i&v\edited code files\data\raw\BSL_Dataset\2_HAND_DATASET\R\3950.png,R,two_hand,"wrong_hand_count (detected 1, expected 2)"
C:\Users\singh\Desktop\a2 i&v\edited code files\data\raw\BSL_Dataset\2_HAND_DATASET\R\3960.png,R,two_hand,"wrong_hand_count (detected 1, expected 2)"
C:\Users\singh\Desktop\a2 i&v\edited code files\data\raw\BSL_Dataset\2_HAND_DATASET\R\40.png,R,two_hand,"wrong_hand_count (detected 1, expected 2)"
C:\Users\singh\Desktop\a2 i&v\edited code files\data\raw\BSL_Dataset\2_HAND_DATASET\R\4025.png,R,two_hand,"wrong_hand_count (detected 1, expected 2)"
C:\Users\singh\Desktop\a2 i&v\edited code files\data\raw\BSL_Dataset\2_HAND_DATASET\R\4035.png,R,two_hand,"wrong_hand_count (detected 1, expected 2)"
C:\Users\singh\Desktop\a2 i&v\edited code files\data\raw\BSL_Dataset\2_HAND_DATASET\R\4040.png,R,two_hand,"wrong_hand_count (detected 1, expected 2)"
C:\Users\singh\Desktop\a2 i&v\edited code files\data\raw\BSL_Dataset\2_HAND_DATASET\R\4045.png,R,two_hand,"wrong_hand_count (detected 1, expected 2)"
C:\Users\singh\Desktop\a2 i&v\edited code files\data\raw\BSL_Dataset\2_HAND_DATASET\R\4065.png,R,two_hand,"wrong_hand_count (detected 1, expected 2)"
C:\Users\singh\Desktop\a2 i&v\edited code files\data\raw\BSL_Dataset\2_HAND_DATASET\R\4095.png,R,two_hand,"wrong_hand_count (detected 1, expected 2)"
C:\Users\singh\Desktop\a2 i&v\edited code files\data\raw\BSL_Dataset\2_HAND_DATASET\R\410.png,R,two_hand,"wrong_hand_count (detected 1, expected 2)"
C:\Users\singh\Desktop\a2 i&v\edited code files\data\raw\BSL_Dataset\2_HAND_DATASET\R\4125.png,R,two_hand,"wrong_hand_count (detected 1, expected 2)"
C:\Users\singh\Desktop\a2 i&v\edited code files\data\raw\BSL_Dataset\2_HAND_DATASET\R\4130.png,R,two_hand,"wrong_hand_count (detected 1, expected 2)"
C:\Users\singh\Desktop\a2 i&v\edited code files\data\raw\BSL_Dataset\2_HAND_DATASET\R\4140.png,R,two_hand,"wrong_hand_count (detected 1, expected 2)"
C:\Users\singh\Desktop\a2 i&v\edited code files\data\raw\BSL_Dataset\2_HAND_DATASET\R\4145.png,R,two_hand,no_hands
C:\Users\singh\Desktop\a2 i&v\edited code files\data\raw\BSL_Dataset\2_HAND_DATASET\R\4175.png,R,two_hand,"wrong_hand_count (detected 1, expected 2)"
C:\Users\singh\Desktop\a2 i&v\edited code files\data\raw\BSL_Dataset\2_HAND_DATASET\R\4190.png,R,two_hand,"wrong_hand_count (detected 1, expected 2)"
C:\Users\singh\Desktop\a2 i&v\edited code files\data\raw\BSL_Dataset\2_HAND_DATASET\R\4215.png,R,two_hand,"wrong_hand_count (detected 1, expected 2)"
C:\Users\singh\Desktop\a2 i&v\edited code files\data\raw\BSL_Dataset\2_HAND_DATASET\R\4225.png,R,two_hand,"wrong_hand_count (detected 1, expected 2)"
C:\Users\singh\Desktop\a2 i&v\edited code files\data\raw\BSL_Dataset\2_HAND_DATASET\R\4240.png,R,two_hand,"wrong_hand_count (detected 1, expected 2)"
C:\Users\singh\Desktop\a2 i&v\edited code files\data\raw\BSL_Dataset\2_HAND_DATASET\R\4250.png,R,two_hand,"wrong_hand_count (detected 1, expected 2)"
C:\Users\singh\Desktop\a2 i&v\edited code files\data\raw\BSL_Dataset\2_HAND_DATASET\R\4255.png,R,two_hand,"wrong_hand_count (detected 1, expected 2)"
C:\Users\singh\Desktop\a2 i&v\edited code files\data\raw\BSL_Dataset\2_HAND_DATASET\R\4265.png,R,two_hand,"wrong_hand_count (detected 1, expected 2)"
C:\Users\singh\Desktop\a2 i&v\edited code files\data\raw\BSL_Dataset\2_HAND_DATASET\R\4285.png,R,two_hand,"wrong_hand_count (detected 1, expected 2)"
C:\Users\singh\Desktop\a2 i&v\edited code files\data\raw\BSL_Dataset\2_HAND_DATASET\R\4300.png,R,two_hand,"wrong_hand_count (detected 1, expected 2)"
C:\Users\singh\Desktop\a2 i&v\edited code files\data\raw\BSL_Dataset\2_HAND_DATASET\R\4315.png,R,two_hand,"wrong_hand_count (detected 1, expected 2)"
C:\Users\singh\Desktop\a2 i&v\edited code files\data\raw\BSL_Dataset\2_HAND_DATASET\R\4325.png,R,two_hand,"wrong_hand_count (detected 1, expected 2)"
C:\Users\singh\Desktop\a2 i&v\edited code files\data\raw\BSL_Dataset\2_HAND_DATASET\R\4330.png,R,two_hand,"wrong_hand_count (detected 1, expected 2)"
C:\Users\singh\Desktop\a2 i&v\edited code files\data\raw\BSL_Dataset\2_HAND_DATASET\R\4335.png,R,two_hand,"wrong_hand_count (detected 1, expected 2)"
C:\Users\singh\Desktop\a2 i&v\edited code files\data\raw\BSL_Dataset\2_HAND_DATASET\R\4360.png,R,two_hand,"wrong_hand_count (detected 1, expected 2)"
C:\Users\singh\Desktop\a2 i&v\edited code files\data\raw\BSL_Dataset\2_HAND_DATASET\R\4365.png,R,two_hand,"wrong_hand_count (detected 1, expected 2)"
C:\Users\singh\Desktop\a2 i&v\edited code files\data\raw\BSL_Dataset\2_HAND_DATASET\R\4380.png,R,two_hand,"wrong_hand_count (detected 1, expected 2)"
C:\Users\singh\Desktop\a2 i&v\edited code files\data\raw\BSL_Dataset\2_HAND_DATASET\R\4385.png,R,two_hand,"wrong_hand_count (detected 1, expected 2)"
C:\Users\singh\Desktop\a2 i&v\edited code files\data\raw\BSL_Dataset\2_HAND_DATASET\R\4390.png,R,two_hand,"wrong_hand_count (detected 1, expected 2)"
C:\Users\singh\Desktop\a2 i&v\edited code files\data\raw\BSL_Dataset\2_HAND_DATASET\R\440.png,R,two_hand,"wrong_hand_count (detected 1, expected 2)"
C:\Users\singh\Desktop\a2 i&v\edited code files\data\raw\BSL_Dataset\2_HAND_DATASET\R\4405.png,R,two_hand,"wrong_hand_count (detected 1, expected 2)"
C:\Users\singh\Desktop\a2 i&v\edited code files\data\raw\BSL_Dataset\2_HAND_DATASET\R\4410.png,R,two_hand,"wrong_hand_count (detected 1, expected 2)"
C:\Users\singh\Desktop\a2 i&v\edited code files\data\raw\BSL_Dataset\2_HAND_DATASET\R\4415.png,R,two_hand,"wrong_hand_count (detected 1, expected 2)"
C:\Users\singh\Desktop\a2 i&v\edited code files\data\raw\BSL_Dataset\2_HAND_DATASET\R\4420.png,R,two_hand,"wrong_hand_count (detected 1, expected 2)"
C:\Users\singh\Desktop\a2 i&v\edited code files\data\raw\BSL_Dataset\2_HAND_DATASET\R\4430.png,R,two_hand,"wrong_hand_count (detected 1, expected 2)"
C:\Users\singh\Desktop\a2 i&v\edited code files\data\raw\BSL_Dataset\2_HAND_DATASET\R\4435.png,R,two_hand,"wrong_hand_count (detected 1, expected 2)"
C:\Users\singh\Desktop\a2 i&v\edited code files\data\raw\BSL_Dataset\2_HAND_DATASET\R\4440.png,R,two_hand,"wrong_hand_count (detected 1, expected 2)"
C:\Users\singh\Desktop\a2 i&v\edited code files\data\raw\BSL_Dataset\2_HAND_DATASET\R\4445.png,R,two_hand,"wrong_hand_count (detected 1, expected 2)"
C:\Users\singh\Desktop\a2 i&v\edited code files\data\raw\BSL_Dataset\2_HAND_DATASET\R\4460.png,R,two_hand,"wrong_hand_count (detected 1, expected 2)"
C:\Users\singh\Desktop\a2 i&v\edited code files\data\raw\BSL_Dataset\2_HAND_DATASET\R\4465.png,R,two_hand,"wrong_hand_count (detected 1, expected 2)"
C:\Users\singh\Desktop\a2 i&v\edited code files\data\raw\BSL_Dataset\2_HAND_DATASET\R\4480.png,R,two_hand,"wrong_hand_count (detected 1, expected 2)"
C:\Users\singh\Desktop\a2 i&v\edited code files\data\raw\BSL_Dataset\2_HAND_DATASET\R\4490.png,R,two_hand,no_hands
C:\Users\singh\Desktop\a2 i&v\edited code files\data\raw\BSL_Dataset\2_HAND_DATASET\R\450.png,R,two_hand,"wrong_hand_count (detected 1, expected 2)"
C:\Users\singh\Desktop\a2 i&v\edited code files\data\raw\BSL_Dataset\2_HAND_DATASET\R\4505.png,R,two_hand,"wrong_hand_count (detected 1, expected 2)"
C:\Users\singh\Desktop\a2 i&v\edited code files\data\raw\BSL_Dataset\2_HAND_DATASET\R\4510.png,R,two_hand,"wrong_hand_count (detected 1, expected 2)"
C:\Users\singh\Desktop\a2 i&v\edited code files\data\raw\BSL_Dataset\2_HAND_DATASET\R\4515.png,R,two_hand,"wrong_hand_count (detected 1, expected 2)"
C:\Users\singh\Desktop\a2 i&v\edited code files\data\raw\BSL_Dataset\2_HAND_DATASET\R\4525.png,R,two_hand,"wrong_hand_count (detected 1, expected 2)"
C:\Users\singh\Desktop\a2 i&v\edited code files\data\raw\BSL_Dataset\2_HAND_DATASET\R\4540.png,R,two_hand,"wrong_hand_count (detected 1, expected 2)"
C:\Users\singh\Desktop\a2 i&v\edited code files\data\raw\BSL_Dataset\2_HAND_DATASET\R\4545.png,R,two_hand,"wrong_hand_count (detected 1, expected 2)"
C:\Users\singh\Desktop\a2 i&v\edited code files\data\raw\BSL_Dataset\2_HAND_DATASET\R\4555.png,R,two_hand,"wrong_hand_count (detected 1, expected 2)"
C:\Users\singh\Desktop\a2 i&v\edited code files\data\raw\BSL_Dataset\2_HAND_DATASET\R\4560.png,R,two_hand,"wrong_hand_count (detected 1, expected 2)"
C:\Users\singh\Desktop\a2 i&v\edited code files\data\raw\BSL_Dataset\2_HAND_DATASET\R\4565.png,R,two_hand,no_hands
C:\Users\singh\Desktop\a2 i&v\edited code files\data\raw\BSL_Dataset\2_HAND_DATASET\R\4570.png,R,two_hand,"wrong_hand_count (detected 1, expected 2)"
C:\Users\singh\Desktop\a2 i&v\edited code files\data\raw\BSL_Dataset\2_HAND_DATASET\R\4590.png,R,two_hand,"wrong_hand_count (detected 1, expected 2)"
C:\Users\singh\Desktop\a2 i&v\edited code files\data\raw\BSL_Dataset\2_HAND_DATASET\R\460.png,R,two_hand,"wrong_hand_count (detected 1, expected 2)"
C:\Users\singh\Desktop\a2 i&v\edited code files\data\raw\BSL_Dataset\2_HAND_DATASET\R\4605.png,R,two_hand,"wrong_hand_count (detected 1, expected 2)"
C:\Users\singh\Desktop\a2 i&v\edited code files\data\raw\BSL_Dataset\2_HAND_DATASET\R\4620.png,R,two_hand,no_hands
C:\Users\singh\Desktop\a2 i&v\edited code files\data\raw\BSL_Dataset\2_HAND_DATASET\R\4625.png,R,two_hand,"wrong_hand_count (detected 1, expected 2)"
C:\Users\singh\Desktop\a2 i&v\edited code files\data\raw\BSL_Dataset\2_HAND_DATASET\R\4630.png,R,two_hand,no_hands
C:\Users\singh\Desktop\a2 i&v\edited code files\data\raw\BSL_Dataset\2_HAND_DATASET\R\4635.png,R,two_hand,"wrong_hand_count (detected 1, expected 2)"
C:\Users\singh\Desktop\a2 i&v\edited code files\data\raw\BSL_Dataset\2_HAND_DATASET\R\4640.png,R,two_hand,"wrong_hand_count (detected 1, expected 2)"
C:\Users\singh\Desktop\a2 i&v\edited code files\data\raw\BSL_Dataset\2_HAND_DATASET\R\4650.png,R,two_hand,no_hands
C:\Users\singh\Desktop\a2 i&v\edited code files\data\raw\BSL_Dataset\2_HAND_DATASET\R\4655.png,R,two_hand,"wrong_hand_count (detected 1, expected 2)"
C:\Users\singh\Desktop\a2 i&v\edited code files\data\raw\BSL_Dataset\2_HAND_DATASET\R\4670.png,R,two_hand,"wrong_hand_count (detected 1, expected 2)"
C:\Users\singh\Desktop\a2 i&v\edited code files\data\raw\BSL_Dataset\2_HAND_DATASET\R\4680.png,R,two_hand,"wrong_hand_count (detected 1, expected 2)"
C:\Users\singh\Desktop\a2 i&v\edited code files\data\raw\BSL_Dataset\2_HAND_DATASET\R\4685.png,R,two_hand,"wrong_hand_count (detected 1, expected 2)"
C:\Users\singh\Desktop\a2 i&v\edited code files\data\raw\BSL_Dataset\2_HAND_DATASET\R\470.png,R,two_hand,"wrong_hand_count (detected 1, expected 2)"
C:\Users\singh\Desktop\a2 i&v\edited code files\data\raw\BSL_Dataset\2_HAND_DATASET\R\4700.png,R,two_hand,no_hands
C:\Users\singh\Desktop\a2 i&v\edited code files\data\raw\BSL_Dataset\2_HAND_DATASET\R\4705.png,R,two_hand,"wrong_hand_count (detected 1, expected 2)"
C:\Users\singh\Desktop\a2 i&v\edited code files\data\raw\BSL_Dataset\2_HAND_DATASET\R\4710.png,R,two_hand,"wrong_hand_count (detected 1, expected 2)"
C:\Users\singh\Desktop\a2 i&v\edited code files\data\raw\BSL_Dataset\2_HAND_DATASET\R\4720.png,R,two_hand,"wrong_hand_count (detected 1, expected 2)"
C:\Users\singh\Desktop\a2 i&v\edited code files\data\raw\BSL_Dataset\2_HAND_DATASET\R\4745.png,R,two_hand,"wrong_hand_count (detected 1, expected 2)"
C:\Users\singh\Desktop\a2 i&v\edited code files\data\raw\BSL_Dataset\2_HAND_DATASET\R\4750.png,R,two_hand,"wrong_hand_count (detected 1, expected 2)"
C:\Users\singh\Desktop\a2 i&v\edited code files\data\raw\BSL_Dataset\2_HAND_DATASET\R\4755.png,R,two_hand,"wrong_hand_count (detected 1, expected 2)"
C:\Users\singh\Desktop\a2 i&v\edited code files\data\raw\BSL_Dataset\2_HAND_DATASET\R\4760.png,R,two_hand,"wrong_hand_count (detected 1, expected 2)"
C:\Users\singh\Desktop\a2 i&v\edited code files\data\raw\BSL_Dataset\2_HAND_DATASET\R\4765.png,R,two_hand,"wrong_hand_count (detected 1, expected 2)"
C:\Users\singh\Desktop\a2 i&v\edited code files\data\raw\BSL_Dataset\2_HAND_DATASET\R\4775.png,R,two_hand,"wrong_hand_count (detected 1, expected 2)"
C:\Users\singh\Desktop\a2 i&v\edited code files\data\raw\BSL_Dataset\2_HAND_DATASET\R\4780.png,R,two_hand,"wrong_hand_count (detected 1, expected 2)"
C:\Users\singh\Desktop\a2 i&v\edited code files\data\raw\BSL_Dataset\2_HAND_DATASET\R\4785.png,R,two_hand,no_hands
C:\Users\singh\Desktop\a2 i&v\edited code files\data\raw\BSL_Dataset\2_HAND_DATASET\R\4795.png,R,two_hand,"wrong_hand_count (detected 1, expected 2)"
C:\Users\singh\Desktop\a2 i&v\edited code files\data\raw\BSL_Dataset\2_HAND_DATASET\R\4810.png,R,two_hand,"wrong_hand_count (detected 1, expected 2)"
C:\Users\singh\Desktop\a2 i&v\edited code files\data\raw\BSL_Dataset\2_HAND_DATASET\R\4830.png,R,two_hand,"wrong_hand_count (detected 1, expected 2)"
C:\Users\singh\Desktop\a2 i&v\edited code files\data\raw\BSL_Dataset\2_HAND_DATASET\R\4835.png,R,two_hand,"wrong_hand_count (detected 1, expected 2)"
C:\Users\singh\Desktop\a2 i&v\edited code files\data\raw\BSL_Dataset\2_HAND_DATASET\R\4840.png,R,two_hand,"wrong_hand_count (detected 1, expected 2)"
C:\Users\singh\Desktop\a2 i&v\edited code files\data\raw\BSL_Dataset\2_HAND_DATASET\R\4845.png,R,two_hand,"wrong_hand_count (detected 1, expected 2)"
C:\Users\singh\Desktop\a2 i&v\edited code files\data\raw\BSL_Dataset\2_HAND_DATASET\R\4855.png,R,two_hand,"wrong_hand_count (detected 1, expected 2)"
C:\Users\singh\Desktop\a2 i&v\edited code files\data\raw\BSL_Dataset\2_HAND_DATASET\R\4860.png,R,two_hand,"wrong_hand_count (detected 1, expected 2)"
C:\Users\singh\Desktop\a2 i&v\edited code files\data\raw\BSL_Dataset\2_HAND_DATASET\R\4865.png,R,two_hand,"wrong_hand_count (detected 1, expected 2)"
C:\Users\singh\Desktop\a2 i&v\edited code files\data\raw\BSL_Dataset\2_HAND_DATASET\R\4875.png,R,two_hand,"wrong_hand_count (detected 1, expected 2)"
C:\Users\singh\Desktop\a2 i&v\edited code files\data\raw\BSL_Dataset\2_HAND_DATASET\R\4880.png,R,two_hand,"wrong_hand_count (detected 1, expected 2)"
C:\Users\singh\Desktop\a2 i&v\edited code files\data\raw\BSL_Dataset\2_HAND_DATASET\R\4885.png,R,two_hand,"wrong_hand_count (detected 1, expected 2)"
C:\Users\singh\Desktop\a2 i&v\edited code files\data\raw\BSL_Dataset\2_HAND_DATASET\R\4910.png,R,two_hand,"wrong_hand_count (detected 1, expected 2)"
C:\Users\singh\Desktop\a2 i&v\edited code files\data\raw\BSL_Dataset\2_HAND_DATASET\R\4915.png,R,two_hand,"wrong_hand_count (detected 1, expected 2)"
C:\Users\singh\Desktop\a2 i&v\edited code files\data\raw\BSL_Dataset\2_HAND_DATASET\R\4920.png,R,two_hand,"wrong_hand_count (detected 1, expected 2)"
C:\Users\singh\Desktop\a2 i&v\edited code files\data\raw\BSL_Dataset\2_HAND_DATASET\R\4925.png,R,two_hand,"wrong_hand_count (detected 1, expected 2)"
C:\Users\singh\Desktop\a2 i&v\edited code files\data\raw\BSL_Dataset\2_HAND_DATASET\R\4930.png,R,two_hand,"wrong_hand_count (detected 1, expected 2)"
C:\Users\singh\Desktop\a2 i&v\edited code files\data\raw\BSL_Dataset\2_HAND_DATASET\R\4935.png,R,two_hand,"wrong_hand_count (detected 1, expected 2)"
C:\Users\singh\Desktop\a2 i&v\edited code files\data\raw\BSL_Dataset\2_HAND_DATASET\R\495.png,R,two_hand,"wrong_hand_count (detected 1, expected 2)"
C:\Users\singh\Desktop\a2 i&v\edited code files\data\raw\BSL_Dataset\2_HAND_DATASET\R\4955.png,R,two_hand,"wrong_hand_count (detected 1, expected 2)"
C:\Users\singh\Desktop\a2 i&v\edited code files\data\raw\BSL_Dataset\2_HAND_DATASET\R\4965.png,R,two_hand,"wrong_hand_count (detected 1, expected 2)"
C:\Users\singh\Desktop\a2 i&v\edited code files\data\raw\BSL_Dataset\2_HAND_DATASET\R\4995.png,R,two_hand,"wrong_hand_count (detected 1, expected 2)"
C:\Users\singh\Desktop\a2 i&v\edited code files\data\raw\BSL_Dataset\2_HAND_DATASET\R\5000.png,R,two_hand,"wrong_hand_count (detected 1, expected 2)"
C:\Users\singh\Desktop\a2 i&v\edited code files\data\raw\BSL_Dataset\2_HAND_DATASET\R\505.png,R,two_hand,"wrong_hand_count (detected 1, expected 2)"
C:\Users\singh\Desktop\a2 i&v\edited code files\data\raw\BSL_Dataset\2_HAND_DATASET\R\510.png,R,two_hand,"wrong_hand_count (detected 1, expected 2)"
C:\Users\singh\Desktop\a2 i&v\edited code files\data\raw\BSL_Dataset\2_HAND_DATASET\R\560.png,R,two_hand,"wrong_hand_count (detected 1, expected 2)"
C:\Users\singh\Desktop\a2 i&v\edited code files\data\raw\BSL_Dataset\2_HAND_DATASET\R\580.png,R,two_hand,"wrong_hand_count (detected 1, expected 2)"
C:\Users\singh\Desktop\a2 i&v\edited code files\data\raw\BSL_Dataset\2_HAND_DATASET\R\605.png,R,two_hand,"wrong_hand_count (detected 1, expected 2)"
C:\Users\singh\Desktop\a2 i&v\edited code files\data\raw\BSL_Dataset\2_HAND_DATASET\R\610.png,R,two_hand,"wrong_hand_count (detected 1, expected 2)"
C:\Users\singh\Desktop\a2 i&v\edited code files\data\raw\BSL_Dataset\2_HAND_DATASET\R\615.png,R,two_hand,"wrong_hand_count (detected 1, expected 2)"
C:\Users\singh\Desktop\a2 i&v\edited code files\data\raw\BSL_Dataset\2_HAND_DATASET\R\645.png,R,two_hand,"wrong_hand_count (detected 1, expected 2)"
C:\Users\singh\Desktop\a2 i&v\edited code files\data\raw\BSL_Dataset\2_HAND_DATASET\R\655.png,R,two_hand,"wrong_hand_count (detected 1, expected 2)"
C:\Users\singh\Desktop\a2 i&v\edited code files\data\raw\BSL_Dataset\2_HAND_DATASET\R\660.png,R,two_hand,"wrong_hand_count (detected 1, expected 2)"
C:\Users\singh\Desktop\a2 i&v\edited code files\data\raw\BSL_Dataset\2_HAND_DATASET\R\710.png,R,two_hand,"wrong_hand_count (detected 1, expected 2)"
C:\Users\singh\Desktop\a2 i&v\edited code files\data\raw\BSL_Dataset\2_HAND_DATASET\R\715.png,R,two_hand,"wrong_hand_count (detected 1, expected 2)"
C:\Users\singh\Desktop\a2 i&v\edited code files\data\raw\BSL_Dataset\2_HAND_DATASET\R\750.png,R,two_hand,"wrong_hand_count (detected 1, expected 2)"
C:\Users\singh\Desktop\a2 i&v\edited code files\data\raw\BSL_Dataset\2_HAND_DATASET\R\785.png,R,two_hand,"wrong_hand_count (detected 1, expected 2)"
C:\Users\singh\Desktop\a2 i&v\edited code files\data\raw\BSL_Dataset\2_HAND_DATASET\R\80.png,R,two_hand,"wrong_hand_count (detected 1, expected 2)"
C:\Users\singh\Desktop\a2 i&v\edited code files\data\raw\BSL_Dataset\2_HAND_DATASET\R\810.png,R,two_hand,"wrong_hand_count (detected 1, expected 2)"
C:\Users\singh\Desktop\a2 i&v\edited code files\data\raw\BSL_Dataset\2_HAND_DATASET\R\820.png,R,two_hand,"wrong_hand_count (detected 1, expected 2)"
C:\Users\singh\Desktop\a2 i&v\edited code files\data\raw\BSL_Dataset\2_HAND_DATASET\R\825.png,R,two_hand,"wrong_hand_count (detected 1, expected 2)"
C:\Users\singh\Desktop\a2 i&v\edited code files\data\raw\BSL_Dataset\2_HAND_DATASET\R\860.png,R,two_hand,"wrong_hand_count (detected 1, expected 2)"
C:\Users\singh\Desktop\a2 i&v\edited code files\data\raw\BSL_Dataset\2_HAND_DATASET\R\875.png,R,two_hand,"wrong_hand_count (detected 1, expected 2)"
C:\Users\singh\Desktop\a2 i&v\edited code files\data\raw\BSL_Dataset\2_HAND_DATASET\R\895.png,R,two_hand,"wrong_hand_count (detected 1, expected 2)"
C:\Users\singh\Desktop\a2 i&v\edited code files\data\raw\BSL_Dataset\2_HAND_DATASET\R\905.png,R,two_hand,"wrong_hand_count (detected 1, expected 2)"
C:\Users\singh\Desktop\a2 i&v\edited code files\data\raw\BSL_Dataset\2_HAND_DATASET\S\10.png,S,two_hand,"wrong_hand_count (detected 1, expected 2)"
C:\Users\singh\Desktop\a2 i&v\edited code files\data\raw\BSL_Dataset\2_HAND_DATASET\S\1000.png,S,two_hand,"wrong_hand_count (detected 1, expected 2)"
C:\Users\singh\Desktop\a2 i&v\edited code files\data\raw\BSL_Dataset\2_HAND_DATASET\S\1035.png,S,two_hand,"wrong_hand_count (detected 1, expected 2)"
C:\Users\singh\Desktop\a2 i&v\edited code files\data\raw\BSL_Dataset\2_HAND_DATASET\S\1040.png,S,two_hand,"wrong_hand_count (detected 1, expected 2)"
C:\Users\singh\Desktop\a2 i&v\edited code files\data\raw\BSL_Dataset\2_HAND_DATASET\S\1050.png,S,two_hand,"wrong_hand_count (detected 1, expected 2)"
C:\Users\singh\Desktop\a2 i&v\edited code files\data\raw\BSL_Dataset\2_HAND_DATASET\S\1060.png,S,two_hand,"wrong_hand_count (detected 1, expected 2)"
C:\Users\singh\Desktop\a2 i&v\edited code files\data\raw\BSL_Dataset\2_HAND_DATASET\S\110.png,S,two_hand,"wrong_hand_count (detected 1, expected 2)"
C:\Users\singh\Desktop\a2 i&v\edited code files\data\raw\BSL_Dataset\2_HAND_DATASET\S\1105.png,S,two_hand,"wrong_hand_count (detected 1, expected 2)"
C:\Users\singh\Desktop\a2 i&v\edited code files\data\raw\BSL_Dataset\2_HAND_DATASET\S\1130.png,S,two_hand,"wrong_hand_count (detected 1, expected 2)"
C:\Users\singh\Desktop\a2 i&v\edited code files\data\raw\BSL_Dataset\2_HAND_DATASET\S\1145.png,S,two_hand,"wrong_hand_count (detected 1, expected 2)"
C:\Users\singh\Desktop\a2 i&v\edited code files\data\raw\BSL_Dataset\2_HAND_DATASET\S\115.png,S,two_hand,"wrong_hand_count (detected 1, expected 2)"
C:\Users\singh\Desktop\a2 i&v\edited code files\data\raw\BSL_Dataset\2_HAND_DATASET\S\1150.png,S,two_hand,"wrong_hand_count (detected 1, expected 2)"
C:\Users\singh\Desktop\a2 i&v\edited code files\data\raw\BSL_Dataset\2_HAND_DATASET\S\1190.png,S,two_hand,"wrong_hand_count (detected 1, expected 2)"
C:\Users\singh\Desktop\a2 i&v\edited code files\data\raw\BSL_Dataset\2_HAND_DATASET\S\120.png,S,two_hand,"wrong_hand_count (detected 1, expected 2)"
C:\Users\singh\Desktop\a2 i&v\edited code files\data\raw\BSL_Dataset\2_HAND_DATASET\S\1200.png,S,two_hand,"wrong_hand_count (detected 1, expected 2)"
C:\Users\singh\Desktop\a2 i&v\edited code files\data\raw\BSL_Dataset\2_HAND_DATASET\S\125.png,S,two_hand,"wrong_hand_count (detected 1, expected 2)"
C:\Users\singh\Desktop\a2 i&v\edited code files\data\raw\BSL_Dataset\2_HAND_DATASET\S\1260.png,S,two_hand,"wrong_hand_count (detected 1, expected 2)"
C:\Users\singh\Desktop\a2 i&v\edited code files\data\raw\BSL_Dataset\2_HAND_DATASET\S\1270.png,S,two_hand,"wrong_hand_count (detected 1, expected 2)"
C:\Users\singh\Desktop\a2 i&v\edited code files\data\raw\BSL_Dataset\2_HAND_DATASET\S\1275.png,S,two_hand,"wrong_hand_count (detected 1, expected 2)"
C:\Users\singh\Desktop\a2 i&v\edited code files\data\raw\BSL_Dataset\2_HAND_DATASET\S\1280.png,S,two_hand,"wrong_hand_count (detected 1, expected 2)"
C:\Users\singh\Desktop\a2 i&v\edited code files\data\raw\BSL_Dataset\2_HAND_DATASET\S\130.png,S,two_hand,"wrong_hand_count (detected 1, expected 2)"
C:\Users\singh\Desktop\a2 i&v\edited code files\data\raw\BSL_Dataset\2_HAND_DATASET\S\1320.png,S,two_hand,"wrong_hand_count (detected 1, expected 2)"
C:\Users\singh\Desktop\a2 i&v\edited code files\data\raw\BSL_Dataset\2_HAND_DATASET\S\1340.png,S,two_hand,"wrong_hand_count (detected 1, expected 2)"
C:\Users\singh\Desktop\a2 i&v\edited code files\data\raw\BSL_Dataset\2_HAND_DATASET\S\1360.png,S,two_hand,"wrong_hand_count (detected 1, expected 2)"
C:\Users\singh\Desktop\a2 i&v\edited code files\data\raw\BSL_Dataset\2_HAND_DATASET\S\1365.png,S,two_hand,"wrong_hand_count (detected 1, expected 2)"
C:\Users\singh\Desktop\a2 i&v\edited code files\data\raw\BSL_Dataset\2_HAND_DATASET\S\1370.png,S,two_hand,"wrong_hand_count (detected 1, expected 2)"
C:\Users\singh\Desktop\a2 i&v\edited code files\data\raw\BSL_Dataset\2_HAND_DATASET\S\1380.png,S,two_hand,"wrong_hand_count (detected 1, expected 2)"
C:\Users\singh\Desktop\a2 i&v\edited code files\data\raw\BSL_Dataset\2_HAND_DATASET\S\1420.png,S,two_hand,"wrong_hand_count (detected 1, expected 2)"
C:\Users\singh\Desktop\a2 i&v\edited code files\data\raw\BSL_Dataset\2_HAND_DATASET\S\1495.png,S,two_hand,"wrong_hand_count (detected 1, expected 2)"
C:\Users\singh\Desktop\a2 i&v\edited code files\data\raw\BSL_Dataset\2_HAND_DATASET\S\15.png,S,two_hand,"wrong_hand_count (detected 1, expected 2)"
C:\Users\singh\Desktop\a2 i&v\edited code files\data\raw\BSL_Dataset\2_HAND_DATASET\S\150.png,S,two_hand,"wrong_hand_count (detected 1, expected 2)"
C:\Users\singh\Desktop\a2 i&v\edited code files\data\raw\BSL_Dataset\2_HAND_DATASET\S\175.png,S,two_hand,"wrong_hand_count (detected 1, expected 2)"
C:\Users\singh\Desktop\a2 i&v\edited code files\data\raw\BSL_Dataset\2_HAND_DATASET\S\1750.png,S,two_hand,"wrong_hand_count (detected 1, expected 2)"
C:\Users\singh\Desktop\a2 i&v\edited code files\data\raw\BSL_Dataset\2_HAND_DATASET\S\1775.png,S,two_hand,"wrong_hand_count (detected 1, expected 2)"
C:\Users\singh\Desktop\a2 i&v\edited code files\data\raw\BSL_Dataset\2_HAND_DATASET\S\1780.png,S,two_hand,"wrong_hand_count (detected 1, expected 2)"
C:\Users\singh\Desktop\a2 i&v\edited code files\data\raw\BSL_Dataset\2_HAND_DATASET\S\1790.png,S,two_hand,"wrong_hand_count (detected 1, expected 2)"
C:\Users\singh\Desktop\a2 i&v\edited code files\data\raw\BSL_Dataset\2_HAND_DATASET\S\180.png,S,two_hand,"wrong_hand_count (detected 1, expected 2)"
C:\Users\singh\Desktop\a2 i&v\edited code files\data\raw\BSL_Dataset\2_HAND_DATASET\S\1840.png,S,two_hand,"wrong_hand_count (detected 1, expected 2)"
C:\Users\singh\Desktop\a2 i&v\edited code files\data\raw\BSL_Dataset\2_HAND_DATASET\S\1845.png,S,two_hand,"wrong_hand_count (detected 1, expected 2)"
C:\Users\singh\Desktop\a2 i&v\edited code files\data\raw\BSL_Dataset\2_HAND_DATASET\S\1865.png,S,two_hand,"wrong_hand_count (detected 1, expected 2)"
C:\Users\singh\Desktop\a2 i&v\edited code files\data\raw\BSL_Dataset\2_HAND_DATASET\S\1875.png,S,two_hand,"wrong_hand_count (detected 1, expected 2)"
C:\Users\singh\Desktop\a2 i&v\edited code files\data\raw\BSL_Dataset\2_HAND_DATASET\S\190.png,S,two_hand,"wrong_hand_count (detected 1, expected 2)"
C:\Users\singh\Desktop\a2 i&v\edited code files\data\raw\BSL_Dataset\2_HAND_DATASET\S\1910.png,S,two_hand,"wrong_hand_count (detected 1, expected 2)"
C:\Users\singh\Desktop\a2 i&v\edited code files\data\raw\BSL_Dataset\2_HAND_DATASET\S\1915.png,S,two_hand,"wrong_hand_count (detected 1, expected 2)"
C:\Users\singh\Desktop\a2 i&v\edited code files\data\raw\BSL_Dataset\2_HAND_DATASET\S\1920.png,S,two_hand,"wrong_hand_count (detected 1, expected 2)"
C:\Users\singh\Desktop\a2 i&v\edited code files\data\raw\BSL_Dataset\2_HAND_DATASET\S\195.png,S,two_hand,"wrong_hand_count (detected 1, expected 2)"
C:\Users\singh\Desktop\a2 i&v\edited code files\data\raw\BSL_Dataset\2_HAND_DATASET\S\1950.png,S,two_hand,no_hands
C:\Users\singh\Desktop\a2 i&v\edited code files\data\raw\BSL_Dataset\2_HAND_DATASET\S\1955.png,S,two_hand,"wrong_hand_count (detected 1, expected 2)"
C:\Users\singh\Desktop\a2 i&v\edited code files\data\raw\BSL_Dataset\2_HAND_DATASET\S\1960.png,S,two_hand,no_hands
C:\Users\singh\Desktop\a2 i&v\edited code files\data\raw\BSL_Dataset\2_HAND_DATASET\S\1990.png,S,two_hand,"wrong_hand_count (detected 1, expected 2)"
C:\Users\singh\Desktop\a2 i&v\edited code files\data\raw\BSL_Dataset\2_HAND_DATASET\S\1995.png,S,two_hand,"wrong_hand_count (detected 1, expected 2)"
C:\Users\singh\Desktop\a2 i&v\edited code files\data\raw\BSL_Dataset\2_HAND_DATASET\S\2005.png,S,two_hand,"wrong_hand_count (detected 1, expected 2)"
C:\Users\singh\Desktop\a2 i&v\edited code files\data\raw\BSL_Dataset\2_HAND_DATASET\S\2010.png,S,two_hand,"wrong_hand_count (detected 1, expected 2)"
C:\Users\singh\Desktop\a2 i&v\edited code files\data\raw\BSL_Dataset\2_HAND_DATASET\S\2030.png,S,two_hand,"wrong_hand_count (detected 1, expected 2)"
C:\Users\singh\Desktop\a2 i&v\edited code files\data\raw\BSL_Dataset\2_HAND_DATASET\S\2035.png,S,two_hand,"wrong_hand_count (detected 1, expected 2)"
C:\Users\singh\Desktop\a2 i&v\edited code files\data\raw\BSL_Dataset\2_HAND_DATASET\S\2045.png,S,two_hand,no_hands
C:\Users\singh\Desktop\a2 i&v\edited code files\data\raw\BSL_Dataset\2_HAND_DATASET\S\2055.png,S,two_hand,"wrong_hand_count (detected 1, expected 2)"
C:\Users\singh\Desktop\a2 i&v\edited code files\data\raw\BSL_Dataset\2_HAND_DATASET\S\2060.png,S,two_hand,"wrong_hand_count (detected 1, expected 2)"
C:\Users\singh\Desktop\a2 i&v\edited code files\data\raw\BSL_Dataset\2_HAND_DATASET\S\2065.png,S,two_hand,"wrong_hand_count (detected 1, expected 2)"
C:\Users\singh\Desktop\a2 i&v\edited code files\data\raw\BSL_Dataset\2_HAND_DATASET\S\2070.png,S,two_hand,"wrong_hand_count (detected 1, expected 2)"
C:\Users\singh\Desktop\a2 i&v\edited code files\data\raw\BSL_Dataset\2_HAND_DATASET\S\2075.png,S,two_hand,"wrong_hand_count (detected 1, expected 2)"
C:\Users\singh\Desktop\a2 i&v\edited code files\data\raw\BSL_Dataset\2_HAND_DATASET\S\2080.png,S,two_hand,"wrong_hand_count (detected 1, expected 2)"
C:\Users\singh\Desktop\a2 i&v\edited code files\data\raw\BSL_Dataset\2_HAND_DATASET\S\2085.png,S,two_hand,"wrong_hand_count (detected 1, expected 2)"
C:\Users\singh\Desktop\a2 i&v\edited code files\data\raw\BSL_Dataset\2_HAND_DATASET\S\2090.png,S,two_hand,"wrong_hand_count (detected 1, expected 2)"
C:\Users\singh\Desktop\a2 i&v\edited code files\data\raw\BSL_Dataset\2_HAND_DATASET\S\2095.png,S,two_hand,"wrong_hand_count (detected 1, expected 2)"
C:\Users\singh\Desktop\a2 i&v\edited code files\data\raw\BSL_Dataset\2_HAND_DATASET\S\2100.png,S,two_hand,"wrong_hand_count (detected 1, expected 2)"
C:\Users\singh\Desktop\a2 i&v\edited code files\data\raw\BSL_Dataset\2_HAND_DATASET\S\2105.png,S,two_hand,"wrong_hand_count (detected 1, expected 2)"
C:\Users\singh\Desktop\a2 i&v\edited code files\data\raw\BSL_Dataset\2_HAND_DATASET\S\2110.png,S,two_hand,"wrong_hand_count (detected 1, expected 2)"
C:\Users\singh\Desktop\a2 i&v\edited code files\data\raw\BSL_Dataset\2_HAND_DATASET\S\2115.png,S,two_hand,"wrong_hand_count (detected 1, expected 2)"
C:\Users\singh\Desktop\a2 i&v\edited code files\data\raw\BSL_Dataset\2_HAND_DATASET\S\215.png,S,two_hand,"wrong_hand_count (detected 1, expected 2)"
C:\Users\singh\Desktop\a2 i&v\edited code files\data\raw\BSL_Dataset\2_HAND_DATASET\S\2160.png,S,two_hand,"wrong_hand_count (detected 1, expected 2)"
C:\Users\singh\Desktop\a2 i&v\edited code files\data\raw\BSL_Dataset\2_HAND_DATASET\S\2165.png,S,two_hand,"wrong_hand_count (detected 1, expected 2)"
C:\Users\singh\Desktop\a2 i&v\edited code files\data\raw\BSL_Dataset\2_HAND_DATASET\S\2170.png,S,two_hand,"wrong_hand_count (detected 1, expected 2)"
C:\Users\singh\Desktop\a2 i&v\edited code files\data\raw\BSL_Dataset\2_HAND_DATASET\S\2175.png,S,two_hand,"wrong_hand_count (detected 1, expected 2)"
C:\Users\singh\Desktop\a2 i&v\edited code files\data\raw\BSL_Dataset\2_HAND_DATASET\S\2180.png,S,two_hand,no_hands
C:\Users\singh\Desktop\a2 i&v\edited code files\data\raw\BSL_Dataset\2_HAND_DATASET\S\2185.png,S,two_hand,"wrong_hand_count (detected 1, expected 2)"
C:\Users\singh\Desktop\a2 i&v\edited code files\data\raw\BSL_Dataset\2_HAND_DATASET\S\2190.png,S,two_hand,"wrong_hand_count (detected 1, expected 2)"
C:\Users\singh\Desktop\a2 i&v\edited code files\data\raw\BSL_Dataset\2_HAND_DATASET\S\2195.png,S,two_hand,"wrong_hand_count (detected 1, expected 2)"
C:\Users\singh\Desktop\a2 i&v\edited code files\data\raw\BSL_Dataset\2_HAND_DATASET\S\220.png,S,two_hand,"wrong_hand_count (detected 1, expected 2)"
C:\Users\singh\Desktop\a2 i&v\edited code files\data\raw\BSL_Dataset\2_HAND_DATASET\S\2200.png,S,two_hand,"wrong_hand_count (detected 1, expected 2)"
C:\Users\singh\Desktop\a2 i&v\edited code files\data\raw\BSL_Dataset\2_HAND_DATASET\S\2205.png,S,two_hand,"wrong_hand_count (detected 1, expected 2)"
C:\Users\singh\Desktop\a2 i&v\edited code files\data\raw\BSL_Dataset\2_HAND_DATASET\S\2210.png,S,two_hand,"wrong_hand_count (detected 1, expected 2)"
C:\Users\singh\Desktop\a2 i&v\edited code files\data\raw\BSL_Dataset\2_HAND_DATASET\S\2215.png,S,two_hand,"wrong_hand_count (detected 1, expected 2)"
C:\Users\singh\Desktop\a2 i&v\edited code files\data\raw\BSL_Dataset\2_HAND_DATASET\S\2220.png,S,two_hand,"wrong_hand_count (detected 1, expected 2)"
C:\Users\singh\Desktop\a2 i&v\edited code files\data\raw\BSL_Dataset\2_HAND_DATASET\S\2225.png,S,two_hand,"wrong_hand_count (detected 1, expected 2)"
C:\Users\singh\Desktop\a2 i&v\edited code files\data\raw\BSL_Dataset\2_HAND_DATASET\S\2230.png,S,two_hand,"wrong_hand_count (detected 1, expected 2)"
C:\Users\singh\Desktop\a2 i&v\edited code files\data\raw\BSL_Dataset\2_HAND_DATASET\S\2235.png,S,two_hand,"wrong_hand_count (detected 1, expected 2)"
C:\Users\singh\Desktop\a2 i&v\edited code files\data\raw\BSL_Dataset\2_HAND_DATASET\S\2240.png,S,two_hand,"wrong_hand_count (detected 1, expected 2)"
C:\Users\singh\Desktop\a2 i&v\edited code files\data\raw\BSL_Dataset\2_HAND_DATASET\S\225.png,S,two_hand,"wrong_hand_count (detected 1, expected 2)"
C:\Users\singh\Desktop\a2 i&v\edited code files\data\raw\BSL_Dataset\2_HAND_DATASET\S\2285.png,S,two_hand,"wrong_hand_count (detected 1, expected 2)"
C:\Users\singh\Desktop\a2 i&v\edited code files\data\raw\BSL_Dataset\2_HAND_DATASET\S\2290.png,S,two_hand,"wrong_hand_count (detected 1, expected 2)"
C:\Users\singh\Desktop\a2 i&v\edited code files\data\raw\BSL_Dataset\2_HAND_DATASET\S\2295.png,S,two_hand,"wrong_hand_count (detected 1, expected 2)"
C:\Users\singh\Desktop\a2 i&v\edited code files\data\raw\BSL_Dataset\2_HAND_DATASET\S\2300.png,S,two_hand,"wrong_hand_count (detected 1, expected 2)"
C:\Users\singh\Desktop\a2 i&v\edited code files\data\raw\BSL_Dataset\2_HAND_DATASET\S\2305.png,S,two_hand,"wrong_hand_count (detected 1, expected 2)"
C:\Users\singh\Desktop\a2 i&v\edited code files\data\raw\BSL_Dataset\2_HAND_DATASET\S\2310.png,S,two_hand,"wrong_hand_count (detected 1, expected 2)"
C:\Users\singh\Desktop\a2 i&v\edited code files\data\raw\BSL_Dataset\2_HAND_DATASET\S\2315.png,S,two_hand,no_hands
C:\Users\singh\Desktop\a2 i&v\edited code files\data\raw\BSL_Dataset\2_HAND_DATASET\S\2320.png,S,two_hand,no_hands
C:\Users\singh\Desktop\a2 i&v\edited code files\data\raw\BSL_Dataset\2_HAND_DATASET\S\2325.png,S,two_hand,"wrong_hand_count (detected 1, expected 2)"
C:\Users\singh\Desktop\a2 i&v\edited code files\data\raw\BSL_Dataset\2_HAND_DATASET\S\2330.png,S,two_hand,"wrong_hand_count (detected 1, expected 2)"
C:\Users\singh\Desktop\a2 i&v\edited code files\data\raw\BSL_Dataset\2_HAND_DATASET\S\2335.png,S,two_hand,"wrong_hand_count (detected 1, expected 2)"
C:\Users\singh\Desktop\a2 i&v\edited code files\data\raw\BSL_Dataset\2_HAND_DATASET\S\2340.png,S,two_hand,"wrong_hand_count (detected 1, expected 2)"
C:\Users\singh\Desktop\a2 i&v\edited code files\data\raw\BSL_Dataset\2_HAND_DATASET\S\2345.png,S,two_hand,"wrong_hand_count (detected 1, expected 2)"
C:\Users\singh\Desktop\a2 i&v\edited code files\data\raw\BSL_Dataset\2_HAND_DATASET\S\235.png,S,two_hand,"wrong_hand_count (detected 1, expected 2)"
C:\Users\singh\Desktop\a2 i&v\edited code files\data\raw\BSL_Dataset\2_HAND_DATASET\S\2350.png,S,two_hand,"wrong_hand_count (detected 1, expected 2)"
C:\Users\singh\Desktop\a2 i&v\edited code files\data\raw\BSL_Dataset\2_HAND_DATASET\S\2365.png,S,two_hand,"wrong_hand_count (detected 1, expected 2)"
C:\Users\singh\Desktop\a2 i&v\edited code files\data\raw\BSL_Dataset\2_HAND_DATASET\S\2370.png,S,two_hand,no_hands
C:\Users\singh\Desktop\a2 i&v\edited code files\data\raw\BSL_Dataset\2_HAND_DATASET\S\2375.png,S,two_hand,"wrong_hand_count (detected 1, expected 2)"
C:\Users\singh\Desktop\a2 i&v\edited code files\data\raw\BSL_Dataset\2_HAND_DATASET\S\2385.png,S,two_hand,"wrong_hand_count (detected 1, expected 2)"
C:\Users\singh\Desktop\a2 i&v\edited code files\data\raw\BSL_Dataset\2_HAND_DATASET\S\2390.png,S,two_hand,"wrong_hand_count (detected 1, expected 2)"
C:\Users\singh\Desktop\a2 i&v\edited code files\data\raw\BSL_Dataset\2_HAND_DATASET\S\2395.png,S,two_hand,"wrong_hand_count (detected 1, expected 2)"
C:\Users\singh\Desktop\a2 i&v\edited code files\data\raw\BSL_Dataset\2_HAND_DATASET\S\2400.png,S,two_hand,"wrong_hand_count (detected 1, expected 2)"
C:\Users\singh\Desktop\a2 i&v\edited code files\data\raw\BSL_Dataset\2_HAND_DATASET\S\2405.png,S,two_hand,"wrong_hand_count (detected 1, expected 2)"
C:\Users\singh\Desktop\a2 i&v\edited code files\data\raw\BSL_Dataset\2_HAND_DATASET\S\2410.png,S,two_hand,"wrong_hand_count (detected 1, expected 2)"
C:\Users\singh\Desktop\a2 i&v\edited code files\data\raw\BSL_Dataset\2_HAND_DATASET\S\2415.png,S,two_hand,"wrong_hand_count (detected 1, expected 2)"
C:\Users\singh\Desktop\a2 i&v\edited code files\data\raw\BSL_Dataset\2_HAND_DATASET\S\2420.png,S,two_hand,"wrong_hand_count (detected 1, expected 2)"
C:\Users\singh\Desktop\a2 i&v\edited code files\data\raw\BSL_Dataset\2_HAND_DATASET\S\2425.png,S,two_hand,"wrong_hand_count (detected 1, expected 2)"
C:\Users\singh\Desktop\a2 i&v\edited code files\data\raw\BSL_Dataset\2_HAND_DATASET\S\2430.png,S,two_hand,"wrong_hand_count (detected 1, expected 2)"
C:\Users\singh\Desktop\a2 i&v\edited code files\data\raw\BSL_Dataset\2_HAND_DATASET\S\2435.png,S,two_hand,no_hands
C:\Users\singh\Desktop\a2 i&v\edited code files\data\raw\BSL_Dataset\2_HAND_DATASET\S\2440.png,S,two_hand,no_hands
C:\Users\singh\Desktop\a2 i&v\edited code files\data\raw\BSL_Dataset\2_HAND_DATASET\S\2445.png,S,two_hand,"wrong_hand_count (detected 1, expected 2)"
C:\Users\singh\Desktop\a2 i&v\edited code files\data\raw\BSL_Dataset\2_HAND_DATASET\S\245.png,S,two_hand,"wrong_hand_count (detected 1, expected 2)"
C:\Users\singh\Desktop\a2 i&v\edited code files\data\raw\BSL_Dataset\2_HAND_DATASET\S\2450.png,S,two_hand,"wrong_hand_count (detected 1, expected 2)"
C:\Users\singh\Desktop\a2 i&v\edited code files\data\raw\BSL_Dataset\2_HAND_DATASET\S\2455.png,S,two_hand,"wrong_hand_count (detected 1, expected 2)"
C:\Users\singh\Desktop\a2 i&v\edited code files\data\raw\BSL_Dataset\2_HAND_DATASET\S\2460.png,S,two_hand,"wrong_hand_count (detected 1, expected 2)"
C:\Users\singh\Desktop\a2 i&v\edited code files\data\raw\BSL_Dataset\2_HAND_DATASET\S\2465.png,S,two_hand,"wrong_hand_count (detected 1, expected 2)"
C:\Users\singh\Desktop\a2 i&v\edited code files\data\raw\BSL_Dataset\2_HAND_DATASET\S\2505.png,S,two_hand,"wrong_hand_count (detected 1, expected 2)"
C:\Users\singh\Desktop\a2 i&v\edited code files\data\raw\BSL_Dataset\2_HAND_DATASET\S\2510.png,S,two_hand,"wrong_hand_count (detected 1, expected 2)"
C:\Users\singh\Desktop\a2 i&v\edited code files\data\raw\BSL_Dataset\2_HAND_DATASET\S\2515.png,S,two_hand,"wrong_hand_count (detected 1, expected 2)"
C:\Users\singh\Desktop\a2 i&v\edited code files\data\raw\BSL_Dataset\2_HAND_DATASET\S\2520.png,S,two_hand,"wrong_hand_count (detected 1, expected 2)"
C:\Users\singh\Desktop\a2 i&v\edited code files\data\raw\BSL_Dataset\2_HAND_DATASET\S\2525.png,S,two_hand,"wrong_hand_count (detected 1, expected 2)"
C:\Users\singh\Desktop\a2 i&v\edited code files\data\raw\BSL_Dataset\2_HAND_DATASET\S\2530.png,S,two_hand,"wrong_hand_count (detected 1, expected 2)"
C:\Users\singh\Desktop\a2 i&v\edited code files\data\raw\BSL_Dataset\2_HAND_DATASET\S\2535.png,S,two_hand,"wrong_hand_count (detected 1, expected 2)"
C:\Users\singh\Desktop\a2 i&v\edited code files\data\raw\BSL_Dataset\2_HAND_DATASET\S\2540.png,S,two_hand,"wrong_hand_count (detected 1, expected 2)"
C:\Users\singh\Desktop\a2 i&v\edited code files\data\raw\BSL_Dataset\2_HAND_DATASET\S\2545.png,S,two_hand,"wrong_hand_count (detected 1, expected 2)"
C:\Users\singh\Desktop\a2 i&v\edited code files\data\raw\BSL_Dataset\2_HAND_DATASET\S\2550.png,S,two_hand,"wrong_hand_count (detected 1, expected 2)"
C:\Users\singh\Desktop\a2 i&v\edited code files\data\raw\BSL_Dataset\2_HAND_DATASET\S\2555.png,S,two_hand,"wrong_hand_count (detected 1, expected 2)"
C:\Users\singh\Desktop\a2 i&v\edited code files\data\raw\BSL_Dataset\2_HAND_DATASET\S\2560.png,S,two_hand,"wrong_hand_count (detected 1, expected 2)"
C:\Users\singh\Desktop\a2 i&v\edited code files\data\raw\BSL_Dataset\2_HAND_DATASET\S\2565.png,S,two_hand,"wrong_hand_count (detected 1, expected 2)"
C:\Users\singh\Desktop\a2 i&v\edited code files\data\raw\BSL_Dataset\2_HAND_DATASET\S\2570.png,S,two_hand,"wrong_hand_count (detected 1, expected 2)"
C:\Users\singh\Desktop\a2 i&v\edited code files\data\raw\BSL_Dataset\2_HAND_DATASET\S\2575.png,S,two_hand,"wrong_hand_count (detected 1, expected 2)"
C:\Users\singh\Desktop\a2 i&v\edited code files\data\raw\BSL_Dataset\2_HAND_DATASET\S\2580.png,S,two_hand,"wrong_hand_count (detected 1, expected 2)"
C:\Users\singh\Desktop\a2 i&v\edited code files\data\raw\BSL_Dataset\2_HAND_DATASET\S\2585.png,S,two_hand,"wrong_hand_count (detected 1, expected 2)"
C:\Users\singh\Desktop\a2 i&v\edited code files\data\raw\BSL_Dataset\2_HAND_DATASET\S\2590.png,S,two_hand,"wrong_hand_count (detected 1, expected 2)"
C:\Users\singh\Desktop\a2 i&v\edited code files\data\raw\BSL_Dataset\2_HAND_DATASET\S\2610.png,S,two_hand,"wrong_hand_count (detected 1, expected 2)"
C:\Users\singh\Desktop\a2 i&v\edited code files\data\raw\BSL_Dataset\2_HAND_DATASET\S\2620.png,S,two_hand,"wrong_hand_count (detected 1, expected 2)"
C:\Users\singh\Desktop\a2 i&v\edited code files\data\raw\BSL_Dataset\2_HAND_DATASET\S\2625.png,S,two_hand,"wrong_hand_count (detected 1, expected 2)"
C:\Users\singh\Desktop\a2 i&v\edited code files\data\raw\BSL_Dataset\2_HAND_DATASET\S\2630.png,S,two_hand,"wrong_hand_count (detected 1, expected 2)"
C:\Users\singh\Desktop\a2 i&v\edited code files\data\raw\BSL_Dataset\2_HAND_DATASET\S\2635.png,S,two_hand,"wrong_hand_count (detected 1, expected 2)"
C:\Users\singh\Desktop\a2 i&v\edited code files\data\raw\BSL_Dataset\2_HAND_DATASET\S\2640.png,S,two_hand,"wrong_hand_count (detected 1, expected 2)"
C:\Users\singh\Desktop\a2 i&v\edited code files\data\raw\BSL_Dataset\2_HAND_DATASET\S\2645.png,S,two_hand,no_hands
C:\Users\singh\Desktop\a2 i&v\edited code files\data\raw\BSL_Dataset\2_HAND_DATASET\S\2650.png,S,two_hand,"wrong_hand_count (detected 1, expected 2)"
C:\Users\singh\Desktop\a2 i&v\edited code files\data\raw\BSL_Dataset\2_HAND_DATASET\S\2655.png,S,two_hand,"wrong_hand_count (detected 1, expected 2)"
C:\Users\singh\Desktop\a2 i&v\edited code files\data\raw\BSL_Dataset\2_HAND_DATASET\S\2660.png,S,two_hand,no_hands
C:\Users\singh\Desktop\a2 i&v\edited code files\data\raw\BSL_Dataset\2_HAND_DATASET\S\2665.png,S,two_hand,"wrong_hand_count (detected 1, expected 2)"
C:\Users\singh\Desktop\a2 i&v\edited code files\data\raw\BSL_Dataset\2_HAND_DATASET\S\2670.png,S,two_hand,"wrong_hand_count (detected 1, expected 2)"
C:\Users\singh\Desktop\a2 i&v\edited code files\data\raw\BSL_Dataset\2_HAND_DATASET\S\2675.png,S,two_hand,no_hands
C:\Users\singh\Desktop\a2 i&v\edited code files\data\raw\BSL_Dataset\2_HAND_DATASET\S\2680.png,S,two_hand,"wrong_hand_count (detected 1, expected 2)"
C:\Users\singh\Desktop\a2 i&v\edited code files\data\raw\BSL_Dataset\2_HAND_DATASET\S\2685.png,S,two_hand,"wrong_hand_count (detected 1, expected 2)"
C:\Users\singh\Desktop\a2 i&v\edited code files\data\raw\BSL_Dataset\2_HAND_DATASET\S\2690.png,S,two_hand,"wrong_hand_count (detected 1, expected 2)"
C:\Users\singh\Desktop\a2 i&v\edited code files\data\raw\BSL_Dataset\2_HAND_DATASET\S\2695.png,S,two_hand,"wrong_hand_count (detected 1, expected 2)"
C:\Users\singh\Desktop\a2 i&v\edited code files\data\raw\BSL_Dataset\2_HAND_DATASET\S\2700.png,S,two_hand,"wrong_hand_count (detected 1, expected 2)"
C:\Users\singh\Desktop\a2 i&v\edited code files\data\raw\BSL_Dataset\2_HAND_DATASET\S\2705.png,S,two_hand,"wrong_hand_count (detected 1, expected 2)"
C:\Users\singh\Desktop\a2 i&v\edited code files\data\raw\BSL_Dataset\2_HAND_DATASET\S\2715.png,S,two_hand,"wrong_hand_count (detected 1, expected 2)"
C:\Users\singh\Desktop\a2 i&v\edited code files\data\raw\BSL_Dataset\2_HAND_DATASET\S\2725.png,S,two_hand,"wrong_hand_count (detected 1, expected 2)"
C:\Users\singh\Desktop\a2 i&v\edited code files\data\raw\BSL_Dataset\2_HAND_DATASET\S\2735.png,S,two_hand,"wrong_hand_count (detected 1, expected 2)"
C:\Users\singh\Desktop\a2 i&v\edited code files\data\raw\BSL_Dataset\2_HAND_DATASET\S\2740.png,S,two_hand,"wrong_hand_count (detected 1, expected 2)"
C:\Users\singh\Desktop\a2 i&v\edited code files\data\raw\BSL_Dataset\2_HAND_DATASET\S\2745.png,S,two_hand,no_hands
C:\Users\singh\Desktop\a2 i&v\edited code files\data\raw\BSL_Dataset\2_HAND_DATASET\S\275.png,S,two_hand,"wrong_hand_count (detected 1, expected 2)"
C:\Users\singh\Desktop\a2 i&v\edited code files\data\raw\BSL_Dataset\2_HAND_DATASET\S\2750.png,S,two_hand,"wrong_hand_count (detected 1, expected 2)"
C:\Users\singh\Desktop\a2 i&v\edited code files\data\raw\BSL_Dataset\2_HAND_DATASET\S\2755.png,S,two_hand,no_hands
C:\Users\singh\Desktop\a2 i&v\edited code files\data\raw\BSL_Dataset\2_HAND_DATASET\S\2760.png,S,two_hand,"wrong_hand_count (detected 1, expected 2)"
C:\Users\singh\Desktop\a2 i&v\edited code files\data\raw\BSL_Dataset\2_HAND_DATASET\S\2765.png,S,two_hand,"wrong_hand_count (detected 1, expected 2)"
C:\Users\singh\Desktop\a2 i&v\edited code files\data\raw\BSL_Dataset\2_HAND_DATASET\S\2770.png,S,two_hand,"wrong_hand_count (detected 1, expected 2)"
C:\Users\singh\Desktop\a2 i&v\edited code files\data\raw\BSL_Dataset\2_HAND_DATASET\S\2775.png,S,two_hand,"wrong_hand_count (detected 1, expected 2)"
C:\Users\singh\Desktop\a2 i&v\edited code files\data\raw\BSL_Dataset\2_HAND_DATASET\S\2780.png,S,two_hand,"wrong_hand_count (detected 1, expected 2)"
C:\Users\singh\Desktop\a2 i&v\edited code files\data\raw\BSL_Dataset\2_HAND_DATASET\S\2785.png,S,two_hand,"wrong_hand_count (detected 1, expected 2)"
C:\Users\singh\Desktop\a2 i&v\edited code files\data\raw\BSL_Dataset\2_HAND_DATASET\S\2790.png,S,two_hand,"wrong_hand_count (detected 1, expected 2)"
C:\Users\singh\Desktop\a2 i&v\edited code files\data\raw\BSL_Dataset\2_HAND_DATASET\S\2795.png,S,two_hand,"wrong_hand_count (detected 1, expected 2)"
C:\Users\singh\Desktop\a2 i&v\edited code files\data\raw\BSL_Dataset\2_HAND_DATASET\S\280.png,S,two_hand,"wrong_hand_count (detected 1, expected 2)"
C:\Users\singh\Desktop\a2 i&v\edited code files\data\raw\BSL_Dataset\2_HAND_DATASET\S\2800.png,S,two_hand,"wrong_hand_count (detected 1, expected 2)"
C:\Users\singh\Desktop\a2 i&v\edited code files\data\raw\BSL_Dataset\2_HAND_DATASET\S\2805.png,S,two_hand,"wrong_hand_count (detected 1, expected 2)"
C:\Users\singh\Desktop\a2 i&v\edited code files\data\raw\BSL_Dataset\2_HAND_DATASET\S\2810.png,S,two_hand,"wrong_hand_count (detected 1, expected 2)"
C:\Users\singh\Desktop\a2 i&v\edited code files\data\raw\BSL_Dataset\2_HAND_DATASET\S\2845.png,S,two_hand,"wrong_hand_count (detected 1, expected 2)"
C:\Users\singh\Desktop\a2 i&v\edited code files\data\raw\BSL_Dataset\2_HAND_DATASET\S\285.png,S,two_hand,"wrong_hand_count (detected 1, expected 2)"
C:\Users\singh\Desktop\a2 i&v\edited code files\data\raw\BSL_Dataset\2_HAND_DATASET\S\2850.png,S,two_hand,"wrong_hand_count (detected 1, expected 2)"
C:\Users\singh\Desktop\a2 i&v\edited code files\data\raw\BSL_Dataset\2_HAND_DATASET\S\2855.png,S,two_hand,"wrong_hand_count (detected 1, expected 2)"
C:\Users\singh\Desktop\a2 i&v\edited code files\data\raw\BSL_Dataset\2_HAND_DATASET\S\2860.png,S,two_hand,"wrong_hand_count (detected 1, expected 2)"
C:\Users\singh\Desktop\a2 i&v\edited code files\data\raw\BSL_Dataset\2_HAND_DATASET\S\2865.png,S,two_hand,"wrong_hand_count (detected 1, expected 2)"
C:\Users\singh\Desktop\a2 i&v\edited code files\data\raw\BSL_Dataset\2_HAND_DATASET\S\2870.png,S,two_hand,"wrong_hand_count (detected 1, expected 2)"
C:\Users\singh\Desktop\a2 i&v\edited code files\data\raw\BSL_Dataset\2_HAND_DATASET\S\2875.png,S,two_hand,"wrong_hand_count (detected 1, expected 2)"
C:\Users\singh\Desktop\a2 i&v\edited code files\data\raw\BSL_Dataset\2_HAND_DATASET\S\2880.png,S,two_hand,"wrong_hand_count (detected 1, expected 2)"
C:\Users\singh\Desktop\a2 i&v\edited code files\data\raw\BSL_Dataset\2_HAND_DATASET\S\2885.png,S,two_hand,no_hands
C:\Users\singh\Desktop\a2 i&v\edited code files\data\raw\BSL_Dataset\2_HAND_DATASET\S\2890.png,S,two_hand,"wrong_hand_count (detected 1, expected 2)"
C:\Users\singh\Desktop\a2 i&v\edited code files\data\raw\BSL_Dataset\2_HAND_DATASET\S\2895.png,S,two_hand,"wrong_hand_count (detected 1, expected 2)"
C:\Users\singh\Desktop\a2 i&v\edited code files\data\raw\BSL_Dataset\2_HAND_DATASET\S\290.png,S,two_hand,"wrong_hand_count (detected 1, expected 2)"
C:\Users\singh\Desktop\a2 i&v\edited code files\data\raw\BSL_Dataset\2_HAND_DATASET\S\2900.png,S,two_hand,"wrong_hand_count (detected 1, expected 2)"
C:\Users\singh\Desktop\a2 i&v\edited code files\data\raw\BSL_Dataset\2_HAND_DATASET\S\2905.png,S,two_hand,"wrong_hand_count (detected 1, expected 2)"
C:\Users\singh\Desktop\a2 i&v\edited code files\data\raw\BSL_Dataset\2_HAND_DATASET\S\2910.png,S,two_hand,no_hands
C:\Users\singh\Desktop\a2 i&v\edited code files\data\raw\BSL_Dataset\2_HAND_DATASET\S\2915.png,S,two_hand,"wrong_hand_count (detected 1, expected 2)"
C:\Users\singh\Desktop\a2 i&v\edited code files\data\raw\BSL_Dataset\2_HAND_DATASET\S\2920.png,S,two_hand,"wrong_hand_count (detected 1, expected 2)"
C:\Users\singh\Desktop\a2 i&v\edited code files\data\raw\BSL_Dataset\2_HAND_DATASET\S\2925.png,S,two_hand,"wrong_hand_count (detected 1, expected 2)"
C:\Users\singh\Desktop\a2 i&v\edited code files\data\raw\BSL_Dataset\2_HAND_DATASET\S\2930.png,S,two_hand,"wrong_hand_count (detected 1, expected 2)"
C:\Users\singh\Desktop\a2 i&v\edited code files\data\raw\BSL_Dataset\2_HAND_DATASET\S\2940.png,S,two_hand,"wrong_hand_count (detected 1, expected 2)"
C:\Users\singh\Desktop\a2 i&v\edited code files\data\raw\BSL_Dataset\2_HAND_DATASET\S\2960.png,S,two_hand,"wrong_hand_count (detected 1, expected 2)"
C:\Users\singh\Desktop\a2 i&v\edited code files\data\raw\BSL_Dataset\2_HAND_DATASET\S\2965.png,S,two_hand,"wrong_hand_count (detected 1, expected 2)"
C:\Users\singh\Desktop\a2 i&v\edited code files\data\raw\BSL_Dataset\2_HAND_DATASET\S\2970.png,S,two_hand,"wrong_hand_count (detected 1, expected 2)"
C:\Users\singh\Desktop\a2 i&v\edited code files\data\raw\BSL_Dataset\2_HAND_DATASET\S\2975.png,S,two_hand,"wrong_hand_count (detected 1, expected 2)"
C:\Users\singh\Desktop\a2 i&v\edited code files\data\raw\BSL_Dataset\2_HAND_DATASET\S\2980.png,S,two_hand,"wrong_hand_count (detected 1, expected 2)"
C:\Users\singh\Desktop\a2 i&v\edited code files\data\raw\BSL_Dataset\2_HAND_DATASET\S\2990.png,S,two_hand,"wrong_hand_count (detected 1, expected 2)"
C:\Users\singh\Desktop\a2 i&v\edited code files\data\raw\BSL_Dataset\2_HAND_DATASET\S\2995.png,S,two_hand,"wrong_hand_count (detected 1, expected 2)"
C:\Users\singh\Desktop\a2 i&v\edited code files\data\raw\BSL_Dataset\2_HAND_DATASET\S\3000.png,S,two_hand,"wrong_hand_count (detected 1, expected 2)"
C:\Users\singh\Desktop\a2 i&v\edited code files\data\raw\BSL_Dataset\2_HAND_DATASET\S\3005.png,S,two_hand,"wrong_hand_count (detected 1, expected 2)"
C:\Users\singh\Desktop\a2 i&v\edited code files\data\raw\BSL_Dataset\2_HAND_DATASET\S\3010.png,S,two_hand,"wrong_hand_count (detected 1, expected 2)"
C:\Users\singh\Desktop\a2 i&v\edited code files\data\raw\BSL_Dataset\2_HAND_DATASET\S\3015.png,S,two_hand,"wrong_hand_count (detected 1, expected 2)"
C:\Users\singh\Desktop\a2 i&v\edited code files\data\raw\BSL_Dataset\2_HAND_DATASET\S\3020.png,S,two_hand,"wrong_hand_count (detected 1, expected 2)"
C:\Users\singh\Desktop\a2 i&v\edited code files\data\raw\BSL_Dataset\2_HAND_DATASET\S\3025.png,S,two_hand,"wrong_hand_count (detected 1, expected 2)"
C:\Users\singh\Desktop\a2 i&v\edited code files\data\raw\BSL_Dataset\2_HAND_DATASET\S\3030.png,S,two_hand,"wrong_hand_count (detected 1, expected 2)"
C:\Users\singh\Desktop\a2 i&v\edited code files\data\raw\BSL_Dataset\2_HAND_DATASET\S\3035.png,S,two_hand,"wrong_hand_count (detected 1, expected 2)"
C:\Users\singh\Desktop\a2 i&v\edited code files\data\raw\BSL_Dataset\2_HAND_DATASET\S\3085.png,S,two_hand,"wrong_hand_count (detected 1, expected 2)"
C:\Users\singh\Desktop\a2 i&v\edited code files\data\raw\BSL_Dataset\2_HAND_DATASET\S\3090.png,S,two_hand,"wrong_hand_count (detected 1, expected 2)"
C:\Users\singh\Desktop\a2 i&v\edited code files\data\raw\BSL_Dataset\2_HAND_DATASET\S\3095.png,S,two_hand,"wrong_hand_count (detected 1, expected 2)"
C:\Users\singh\Desktop\a2 i&v\edited code files\data\raw\BSL_Dataset\2_HAND_DATASET\S\310.png,S,two_hand,"wrong_hand_count (detected 1, expected 2)"
C:\Users\singh\Desktop\a2 i&v\edited code files\data\raw\BSL_Dataset\2_HAND_DATASET\S\3105.png,S,two_hand,"wrong_hand_count (detected 1, expected 2)"
C:\Users\singh\Desktop\a2 i&v\edited code files\data\raw\BSL_Dataset\2_HAND_DATASET\S\3110.png,S,two_hand,"wrong_hand_count (detected 1, expected 2)"
C:\Users\singh\Desktop\a2 i&v\edited code files\data\raw\BSL_Dataset\2_HAND_DATASET\S\3115.png,S,two_hand,"wrong_hand_count (detected 1, expected 2)"
C:\Users\singh\Desktop\a2 i&v\edited code files\data\raw\BSL_Dataset\2_HAND_DATASET\S\3120.png,S,two_hand,"wrong_hand_count (detected 1, expected 2)"
C:\Users\singh\Desktop\a2 i&v\edited code files\data\raw\BSL_Dataset\2_HAND_DATASET\S\3125.png,S,two_hand,"wrong_hand_count (detected 1, expected 2)"
C:\Users\singh\Desktop\a2 i&v\edited code files\data\raw\BSL_Dataset\2_HAND_DATASET\S\3130.png,S,two_hand,"wrong_hand_count (detected 1, expected 2)"
C:\Users\singh\Desktop\a2 i&v\edited code files\data\raw\BSL_Dataset\2_HAND_DATASET\S\3135.png,S,two_hand,"wrong_hand_count (detected 1, expected 2)"
C:\Users\singh\Desktop\a2 i&v\edited code files\data\raw\BSL_Dataset\2_HAND_DATASET\S\3140.png,S,two_hand,"wrong_hand_count (detected 1, expected 2)"
C:\Users\singh\Desktop\a2 i&v\edited code files\data\raw\BSL_Dataset\2_HAND_DATASET\S\3145.png,S,two_hand,"wrong_hand_count (detected 1, expected 2)"
C:\Users\singh\Desktop\a2 i&v\edited code files\data\raw\BSL_Dataset\2_HAND_DATASET\S\315.png,S,two_hand,"wrong_hand_count (detected 1, expected 2)"
C:\Users\singh\Desktop\a2 i&v\edited code files\data\raw\BSL_Dataset\2_HAND_DATASET\S\3150.png,S,two_hand,"wrong_hand_count (detected 1, expected 2)"
C:\Users\singh\Desktop\a2 i&v\edited code files\data\raw\BSL_Dataset\2_HAND_DATASET\S\3155.png,S,two_hand,"wrong_hand_count (detected 1, expected 2)"
C:\Users\singh\Desktop\a2 i&v\edited code files\data\raw\BSL_Dataset\2_HAND_DATASET\S\3160.png,S,two_hand,"wrong_hand_count (detected 1, expected 2)"
C:\Users\singh\Desktop\a2 i&v\edited code files\data\raw\BSL_Dataset\2_HAND_DATASET\S\3200.png,S,two_hand,"wrong_hand_count (detected 1, expected 2)"
C:\Users\singh\Desktop\a2 i&v\edited code files\data\raw\BSL_Dataset\2_HAND_DATASET\S\3205.png,S,two_hand,"wrong_hand_count (detected 1, expected 2)"
C:\Users\singh\Desktop\a2 i&v\edited code files\data\raw\BSL_Dataset\2_HAND_DATASET\S\3210.png,S,two_hand,"wrong_hand_count (detected 1, expected 2)"
C:\Users\singh\Desktop\a2 i&v\edited code files\data\raw\BSL_Dataset\2_HAND_DATASET\S\3215.png,S,two_hand,"wrong_hand_count (detected 1, expected 2)"
C:\Users\singh\Desktop\a2 i&v\edited code files\data\raw\BSL_Dataset\2_HAND_DATASET\S\3220.png,S,two_hand,"wrong_hand_count (detected 1, expected 2)"
C:\Users\singh\Desktop\a2 i&v\edited code files\data\raw\BSL_Dataset\2_HAND_DATASET\S\3225.png,S,two_hand,"wrong_hand_count (detected 1, expected 2)"
C:\Users\singh\Desktop\a2 i&v\edited code files\data\raw\BSL_Dataset\2_HAND_DATASET\S\3230.png,S,two_hand,no_hands
C:\Users\singh\Desktop\a2 i&v\edited code files\data\raw\BSL_Dataset\2_HAND_DATASET\S\3235.png,S,two_hand,"wrong_hand_count (detected 1, expected 2)"
C:\Users\singh\Desktop\a2 i&v\edited code files\data\raw\BSL_Dataset\2_HAND_DATASET\S\3240.png,S,two_hand,"wrong_hand_count (detected 1, expected 2)"
C:\Users\singh\Desktop\a2 i&v\edited code files\data\raw\BSL_Dataset\2_HAND_DATASET\S\3245.png,S,two_hand,"wrong_hand_count (detected 1, expected 2)"
C:\Users\singh\Desktop\a2 i&v\edited code files\data\raw\BSL_Dataset\2_HAND_DATASET\S\3250.png,S,two_hand,"wrong_hand_count (detected 1, expected 2)"
C:\Users\singh\Desktop\a2 i&v\edited code files\data\raw\BSL_Dataset\2_HAND_DATASET\S\3255.png,S,two_hand,"wrong_hand_count (detected 1, expected 2)"
C:\Users\singh\Desktop\a2 i&v\edited code files\data\raw\BSL_Dataset\2_HAND_DATASET\S\3260.png,S,two_hand,"wrong_hand_count (detected 1, expected 2)"
C:\Users\singh\Desktop\a2 i&v\edited code files\data\raw\BSL_Dataset\2_HAND_DATASET\S\3265.png,S,two_hand,"wrong_hand_count (detected 1, expected 2)"
C:\Users\singh\Desktop\a2 i&v\edited code files\data\raw\BSL_Dataset\2_HAND_DATASET\S\3275.png,S,two_hand,"wrong_hand_count (detected 1, expected 2)"
C:\Users\singh\Desktop\a2 i&v\edited code files\data\raw\BSL_Dataset\2_HAND_DATASET\S\3280.png,S,two_hand,"wrong_hand_count (detected 1, expected 2)"
C:\Users\singh\Desktop\a2 i&v\edited code files\data\raw\BSL_Dataset\2_HAND_DATASET\S\3320.png,S,two_hand,"wrong_hand_count (detected 1, expected 2)"
C:\Users\singh\Desktop\a2 i&v\edited code files\data\raw\BSL_Dataset\2_HAND_DATASET\S\3330.png,S,two_hand,"wrong_hand_count (detected 1, expected 2)"
C:\Users\singh\Desktop\a2 i&v\edited code files\data\raw\BSL_Dataset\2_HAND_DATASET\S\3335.png,S,two_hand,"wrong_hand_count (detected 1, expected 2)"
C:\Users\singh\Desktop\a2 i&v\edited code files\data\raw\BSL_Dataset\2_HAND_DATASET\S\3340.png,S,two_hand,"wrong_hand_count (detected 1, expected 2)"
C:\Users\singh\Desktop\a2 i&v\edited code files\data\raw\BSL_Dataset\2_HAND_DATASET\S\3345.png,S,two_hand,"wrong_hand_count (detected 1, expected 2)"
C:\Users\singh\Desktop\a2 i&v\edited code files\data\raw\BSL_Dataset\2_HAND_DATASET\S\3350.png,S,two_hand,"wrong_hand_count (detected 1, expected 2)"
C:\Users\singh\Desktop\a2 i&v\edited code files\data\raw\BSL_Dataset\2_HAND_DATASET\S\3355.png,S,two_hand,"wrong_hand_count (detected 1, expected 2)"
C:\Users\singh\Desktop\a2 i&v\edited code files\data\raw\BSL_Dataset\2_HAND_DATASET\S\3360.png,S,two_hand,"wrong_hand_count (detected 1, expected 2)"
C:\Users\singh\Desktop\a2 i&v\edited code files\data\raw\BSL_Dataset\2_HAND_DATASET\S\3365.png,S,two_hand,"wrong_hand_count (detected 1, expected 2)"
C:\Users\singh\Desktop\a2 i&v\edited code files\data\raw\BSL_Dataset\2_HAND_DATASET\S\3370.png,S,two_hand,"wrong_hand_count (detected 1, expected 2)"
C:\Users\singh\Desktop\a2 i&v\edited code files\data\raw\BSL_Dataset\2_HAND_DATASET\S\3375.png,S,two_hand,"wrong_hand_count (detected 1, expected 2)"
C:\Users\singh\Desktop\a2 i&v\edited code files\data\raw\BSL_Dataset\2_HAND_DATASET\S\3380.png,S,two_hand,"wrong_hand_count (detected 1, expected 2)"
C:\Users\singh\Desktop\a2 i&v\edited code files\data\raw\BSL_Dataset\2_HAND_DATASET\S\3385.png,S,two_hand,"wrong_hand_count (detected 1, expected 2)"
C:\Users\singh\Desktop\a2 i&v\edited code files\data\raw\BSL_Dataset\2_HAND_DATASET\S\3390.png,S,two_hand,"wrong_hand_count (detected 1, expected 2)"
C:\Users\singh\Desktop\a2 i&v\edited code files\data\raw\BSL_Dataset\2_HAND_DATASET\S\340.png,S,two_hand,"wrong_hand_count (detected 1, expected 2)"
C:\Users\singh\Desktop\a2 i&v\edited code files\data\raw\BSL_Dataset\2_HAND_DATASET\S\3425.png,S,two_hand,"wrong_hand_count (detected 1, expected 2)"
C:\Users\singh\Desktop\a2 i&v\edited code files\data\raw\BSL_Dataset\2_HAND_DATASET\S\3430.png,S,two_hand,no_hands
C:\Users\singh\Desktop\a2 i&v\edited code files\data\raw\BSL_Dataset\2_HAND_DATASET\S\3435.png,S,two_hand,"wrong_hand_count (detected 1, expected 2)"
C:\Users\singh\Desktop\a2 i&v\edited code files\data\raw\BSL_Dataset\2_HAND_DATASET\S\3440.png,S,two_hand,"wrong_hand_count (detected 1, expected 2)"
C:\Users\singh\Desktop\a2 i&v\edited code files\data\raw\BSL_Dataset\2_HAND_DATASET\S\3445.png,S,two_hand,"wrong_hand_count (detected 1, expected 2)"
C:\Users\singh\Desktop\a2 i&v\edited code files\data\raw\BSL_Dataset\2_HAND_DATASET\S\3450.png,S,two_hand,"wrong_hand_count (detected 1, expected 2)"
C:\Users\singh\Desktop\a2 i&v\edited code files\data\raw\BSL_Dataset\2_HAND_DATASET\S\3455.png,S,two_hand,"wrong_hand_count (detected 1, expected 2)"
C:\Users\singh\Desktop\a2 i&v\edited code files\data\raw\BSL_Dataset\2_HAND_DATASET\S\3460.png,S,two_hand,"wrong_hand_count (detected 1, expected 2)"
C:\Users\singh\Desktop\a2 i&v\edited code files\data\raw\BSL_Dataset\2_HAND_DATASET\S\3465.png,S,two_hand,"wrong_hand_count (detected 1, expected 2)"
C:\Users\singh\Desktop\a2 i&v\edited code files\data\raw\BSL_Dataset\2_HAND_DATASET\S\3470.png,S,two_hand,"wrong_hand_count (detected 1, expected 2)"
C:\Users\singh\Desktop\a2 i&v\edited code files\data\raw\BSL_Dataset\2_HAND_DATASET\S\3475.png,S,two_hand,"wrong_hand_count (detected 1, expected 2)"
C:\Users\singh\Desktop\a2 i&v\edited code files\data\raw\BSL_Dataset\2_HAND_DATASET\S\3480.png,S,two_hand,"wrong_hand_count (detected 1, expected 2)"
C:\Users\singh\Desktop\a2 i&v\edited code files\data\raw\BSL_Dataset\2_HAND_DATASET\S\3485.png,S,two_hand,"wrong_hand_count (detected 1, expected 2)"
C:\Users\singh\Desktop\a2 i&v\edited code files\data\raw\BSL_Dataset\2_HAND_DATASET\S\3490.png,S,two_hand,"wrong_hand_count (detected 1, expected 2)"
C:\Users\singh\Desktop\a2 i&v\edited code files\data\raw\BSL_Dataset\2_HAND_DATASET\S\3495.png,S,two_hand,"wrong_hand_count (detected 1, expected 2)"
C:\Users\singh\Desktop\a2 i&v\edited code files\data\raw\BSL_Dataset\2_HAND_DATASET\S\3500.png,S,two_hand,"wrong_hand_count (detected 1, expected 2)"
C:\Users\singh\Desktop\a2 i&v\edited code files\data\raw\BSL_Dataset\2_HAND_DATASET\S\3505.png,S,two_hand,no_hands
C:\Users\singh\Desktop\a2 i&v\edited code files\data\raw\BSL_Dataset\2_HAND_DATASET\S\3545.png,S,two_hand,"wrong_hand_count (detected 1, expected 2)"
C:\Users\singh\Desktop\a2 i&v\edited code files\data\raw\BSL_Dataset\2_HAND_DATASET\S\3560.png,S,two_hand,"wrong_hand_count (detected 1, expected 2)"
C:\Users\singh\Desktop\a2 i&v\edited code files\data\raw\BSL_Dataset\2_HAND_DATASET\S\3565.png,S,two_hand,"wrong_hand_count (detected 1, expected 2)"
C:\Users\singh\Desktop\a2 i&v\edited code files\data\raw\BSL_Dataset\2_HAND_DATASET\S\3570.png,S,two_hand,no_hands
C:\Users\singh\Desktop\a2 i&v\edited code files\data\raw\BSL_Dataset\2_HAND_DATASET\S\3575.png,S,two_hand,no_hands
C:\Users\singh\Desktop\a2 i&v\edited code files\data\raw\BSL_Dataset\2_HAND_DATASET\S\3580.png,S,two_hand,"wrong_hand_count (detected 1, expected 2)"
C:\Users\singh\Desktop\a2 i&v\edited code files\data\raw\BSL_Dataset\2_HAND_DATASET\S\3585.png,S,two_hand,"wrong_hand_count (detected 1, expected 2)"
C:\Users\singh\Desktop\a2 i&v\edited code files\data\raw\BSL_Dataset\2_HAND_DATASET\S\3590.png,S,two_hand,no_hands
C:\Users\singh\Desktop\a2 i&v\edited code files\data\raw\BSL_Dataset\2_HAND_DATASET\S\3595.png,S,two_hand,"wrong_hand_count (detected 1, expected 2)"
C:\Users\singh\Desktop\a2 i&v\edited code files\data\raw\BSL_Dataset\2_HAND_DATASET\S\3600.png,S,two_hand,"wrong_hand_count (detected 1, expected 2)"
C:\Users\singh\Desktop\a2 i&v\edited code files\data\raw\BSL_Dataset\2_HAND_DATASET\S\3605.png,S,two_hand,"wrong_hand_count (detected 1, expected 2)"
C:\Users\singh\Desktop\a2 i&v\edited code files\data\raw\BSL_Dataset\2_HAND_DATASET\S\3610.png,S,two_hand,"wrong_hand_count (detected 1, expected 2)"
C:\Users\singh\Desktop\a2 i&v\edited code files\data\raw\BSL_Dataset\2_HAND_DATASET\S\3615.png,S,two_hand,"wrong_hand_count (detected 1, expected 2)"
C:\Users\singh\Desktop\a2 i&v\edited code files\data\raw\BSL_Dataset\2_HAND_DATASET\S\3620.png,S,two_hand,"wrong_hand_count (detected 1, expected 2)"
C:\Users\singh\Desktop\a2 i&v\edited code files\data\raw\BSL_Dataset\2_HAND_DATASET\S\3625.png,S,two_hand,"wrong_hand_count (detected 1, expected 2)"
C:\Users\singh\Desktop\a2 i&v\edited code files\data\raw\BSL_Dataset\2_HAND_DATASET\S\3635.png,S,two_hand,"wrong_hand_count (detected 1, expected 2)"
C:\Users\singh\Desktop\a2 i&v\edited code files\data\raw\BSL_Dataset\2_HAND_DATASET\S\3660.png,S,two_hand,"wrong_hand_count (detected 1, expected 2)"
C:\Users\singh\Desktop\a2 i&v\edited code files\data\raw\BSL_Dataset\2_HAND_DATASET\S\3665.png,S,two_hand,"wrong_hand_count (detected 1, expected 2)"
C:\Users\singh\Desktop\a2 i&v\edited code files\data\raw\BSL_Dataset\2_HAND_DATASET\S\3670.png,S,two_hand,"wrong_hand_count (detected 1, expected 2)"
C:\Users\singh\Desktop\a2 i&v\edited code files\data\raw\BSL_Dataset\2_HAND_DATASET\S\3675.png,S,two_hand,"wrong_hand_count (detected 1, expected 2)"
C:\Users\singh\Desktop\a2 i&v\edited code files\data\raw\BSL_Dataset\2_HAND_DATASET\S\3680.png,S,two_hand,no_hands
C:\Users\singh\Desktop\a2 i&v\edited code files\data\raw\BSL_Dataset\2_HAND_DATASET\S\3685.png,S,two_hand,"wrong_hand_count (detected 1, expected 2)"
C:\Users\singh\Desktop\a2 i&v\edited code files\data\raw\BSL_Dataset\2_HAND_DATASET\S\3690.png,S,two_hand,no_hands
C:\Users\singh\Desktop\a2 i&v\edited code files\data\raw\BSL_Dataset\2_HAND_DATASET\S\3695.png,S,two_hand,"wrong_hand_count (detected 1, expected 2)"
C:\Users\singh\Desktop\a2 i&v\edited code files\data\raw\BSL_Dataset\2_HAND_DATASET\S\3700.png,S,two_hand,"wrong_hand_count (detected 1, expected 2)"
C:\Users\singh\Desktop\a2 i&v\edited code files\data\raw\BSL_Dataset\2_HAND_DATASET\S\3705.png,S,two_hand,"wrong_hand_count (detected 1, expected 2)"
C:\Users\singh\Desktop\a2 i&v\edited code files\data\raw\BSL_Dataset\2_HAND_DATASET\S\3710.png,S,two_hand,"wrong_hand_count (detected 1, expected 2)"
C:\Users\singh\Desktop\a2 i&v\edited code files\data\raw\BSL_Dataset\2_HAND_DATASET\S\3715.png,S,two_hand,"wrong_hand_count (detected 1, expected 2)"
C:\Users\singh\Desktop\a2 i&v\edited code files\data\raw\BSL_Dataset\2_HAND_DATASET\S\3720.png,S,two_hand,"wrong_hand_count (detected 1, expected 2)"
C:\Users\singh\Desktop\a2 i&v\edited code files\data\raw\BSL_Dataset\2_HAND_DATASET\S\3725.png,S,two_hand,"wrong_hand_count (detected 1, expected 2)"
C:\Users\singh\Desktop\a2 i&v\edited code files\data\raw\BSL_Dataset\2_HAND_DATASET\S\3770.png,S,two_hand,"wrong_hand_count (detected 1, expected 2)"
C:\Users\singh\Desktop\a2 i&v\edited code files\data\raw\BSL_Dataset\2_HAND_DATASET\S\3775.png,S,two_hand,"wrong_hand_count (detected 1, expected 2)"
C:\Users\singh\Desktop\a2 i&v\edited code files\data\raw\BSL_Dataset\2_HAND_DATASET\S\3785.png,S,two_hand,"wrong_hand_count (detected 1, expected 2)"
C:\Users\singh\Desktop\a2 i&v\edited code files\data\raw\BSL_Dataset\2_HAND_DATASET\S\3790.png,S,two_hand,"wrong_hand_count (detected 1, expected 2)"
C:\Users\singh\Desktop\a2 i&v\edited code files\data\raw\BSL_Dataset\2_HAND_DATASET\S\3795.png,S,two_hand,"wrong_hand_count (detected 1, expected 2)"
C:\Users\singh\Desktop\a2 i&v\edited code files\data\raw\BSL_Dataset\2_HAND_DATASET\S\3800.png,S,two_hand,"wrong_hand_count (detected 1, expected 2)"
C:\Users\singh\Desktop\a2 i&v\edited code files\data\raw\BSL_Dataset\2_HAND_DATASET\S\3805.png,S,two_hand,"wrong_hand_count (detected 1, expected 2)"
C:\Users\singh\Desktop\a2 i&v\edited code files\data\raw\BSL_Dataset\2_HAND_DATASET\S\3810.png,S,two_hand,"wrong_hand_count (detected 1, expected 2)"
C:\Users\singh\Desktop\a2 i&v\edited code files\data\raw\BSL_Dataset\2_HAND_DATASET\S\3815.png,S,two_hand,"wrong_hand_count (detected 1, expected 2)"
C:\Users\singh\Desktop\a2 i&v\edited code files\data\raw\BSL_Dataset\2_HAND_DATASET\S\3820.png,S,two_hand,"wrong_hand_count (detected 1, expected 2)"
C:\Users\singh\Desktop\a2 i&v\edited code files\data\raw\BSL_Dataset\2_HAND_DATASET\S\3825.png,S,two_hand,"wrong_hand_count (detected 1, expected 2)"
C:\Users\singh\Desktop\a2 i&v\edited code files\data\raw\BSL_Dataset\2_HAND_DATASET\S\3830.png,S,two_hand,"wrong_hand_count (detected 1, expected 2)"
C:\Users\singh\Desktop\a2 i&v\edited code files\data\raw\BSL_Dataset\2_HAND_DATASET\S\3835.png,S,two_hand,"wrong_hand_count (detected 1, expected 2)"
C:\Users\singh\Desktop\a2 i&v\edited code files\data\raw\BSL_Dataset\2_HAND_DATASET\S\3880.png,S,two_hand,"wrong_hand_count (detected 1, expected 2)"
C:\Users\singh\Desktop\a2 i&v\edited code files\data\raw\BSL_Dataset\2_HAND_DATASET\S\3895.png,S,two_hand,"wrong_hand_count (detected 1, expected 2)"
C:\Users\singh\Desktop\a2 i&v\edited code files\data\raw\BSL_Dataset\2_HAND_DATASET\S\3900.png,S,two_hand,no_hands
C:\Users\singh\Desktop\a2 i&v\edited code files\data\raw\BSL_Dataset\2_HAND_DATASET\S\3905.png,S,two_hand,no_hands
C:\Users\singh\Desktop\a2 i&v\edited code files\data\raw\BSL_Dataset\2_HAND_DATASET\S\3910.png,S,two_hand,no_hands
C:\Users\singh\Desktop\a2 i&v\edited code files\data\raw\BSL_Dataset\2_HAND_DATASET\S\3915.png,S,two_hand,"wrong_hand_count (detected 1, expected 2)"
C:\Users\singh\Desktop\a2 i&v\edited code files\data\raw\BSL_Dataset\2_HAND_DATASET\S\3920.png,S,two_hand,"wrong_hand_count (detected 1, expected 2)"
C:\Users\singh\Desktop\a2 i&v\edited code files\data\raw\BSL_Dataset\2_HAND_DATASET\S\3925.png,S,two_hand,"wrong_hand_count (detected 1, expected 2)"
C:\Users\singh\Desktop\a2 i&v\edited code files\data\raw\BSL_Dataset\2_HAND_DATASET\S\3930.png,S,two_hand,"wrong_hand_count (detected 1, expected 2)"
C:\Users\singh\Desktop\a2 i&v\edited code files\data\raw\BSL_Dataset\2_HAND_DATASET\S\3935.png,S,two_hand,"wrong_hand_count (detected 1, expected 2)"
C:\Users\singh\Desktop\a2 i&v\edited code files\data\raw\BSL_Dataset\2_HAND_DATASET\S\3940.png,S,two_hand,"wrong_hand_count (detected 1, expected 2)"
C:\Users\singh\Desktop\a2 i&v\edited code files\data\raw\BSL_Dataset\2_HAND_DATASET\S\3945.png,S,two_hand,"wrong_hand_count (detected 1, expected 2)"
C:\Users\singh\Desktop\a2 i&v\edited code files\data\raw\BSL_Dataset\2_HAND_DATASET\S\3950.png,S,two_hand,"wrong_hand_count (detected 1, expected 2)"
C:\Users\singh\Desktop\a2 i&v\edited code files\data\raw\BSL_Dataset\2_HAND_DATASET\S\3955.png,S,two_hand,"wrong_hand_count (detected 1, expected 2)"
C:\Users\singh\Desktop\a2 i&v\edited code files\data\raw\BSL_Dataset\2_HAND_DATASET\S\3960.png,S,two_hand,"wrong_hand_count (detected 1, expected 2)"
C:\Users\singh\Desktop\a2 i&v\edited code files\data\raw\BSL_Dataset\2_HAND_DATASET\S\3985.png,S,two_hand,"wrong_hand_count (detected 1, expected 2)"
C:\Users\singh\Desktop\a2 i&v\edited code files\data\raw\BSL_Dataset\2_HAND_DATASET\S\3995.png,S,two_hand,"wrong_hand_count (detected 1, expected 2)"
C:\Users\singh\Desktop\a2 i&v\edited code files\data\raw\BSL_Dataset\2_HAND_DATASET\S\400.png,S,two_hand,"wrong_hand_count (detected 1, expected 2)"
C:\Users\singh\Desktop\a2 i&v\edited code files\data\raw\BSL_Dataset\2_HAND_DATASET\S\4000.png,S,two_hand,"wrong_hand_count (detected 1, expected 2)"
C:\Users\singh\Desktop\a2 i&v\edited code files\data\raw\BSL_Dataset\2_HAND_DATASET\S\4075.png,S,two_hand,"wrong_hand_count (detected 1, expected 2)"
C:\Users\singh\Desktop\a2 i&v\edited code files\data\raw\BSL_Dataset\2_HAND_DATASET\S\4080.png,S,two_hand,"wrong_hand_count (detected 1, expected 2)"
C:\Users\singh\Desktop\a2 i&v\edited code files\data\raw\BSL_Dataset\2_HAND_DATASET\S\4085.png,S,two_hand,"wrong_hand_count (detected 1, expected 2)"
C:\Users\singh\Desktop\a2 i&v\edited code files\data\raw\BSL_Dataset\2_HAND_DATASET\S\4090.png,S,two_hand,"wrong_hand_count (detected 1, expected 2)"
C:\Users\singh\Desktop\a2 i&v\edited code files\data\raw\BSL_Dataset\2_HAND_DATASET\S\4095.png,S,two_hand,"wrong_hand_count (detected 1, expected 2)"
C:\Users\singh\Desktop\a2 i&v\edited code files\data\raw\BSL_Dataset\2_HAND_DATASET\S\4100.png,S,two_hand,"wrong_hand_count (detected 1, expected 2)"
C:\Users\singh\Desktop\a2 i&v\edited code files\data\raw\BSL_Dataset\2_HAND_DATASET\S\4105.png,S,two_hand,"wrong_hand_count (detected 1, expected 2)"
C:\Users\singh\Desktop\a2 i&v\edited code files\data\raw\BSL_Dataset\2_HAND_DATASET\S\4110.png,S,two_hand,"wrong_hand_count (detected 1, expected 2)"
C:\Users\singh\Desktop\a2 i&v\edited code files\data\raw\BSL_Dataset\2_HAND_DATASET\S\4170.png,S,two_hand,"wrong_hand_count (detected 1, expected 2)"
C:\Users\singh\Desktop\a2 i&v\edited code files\data\raw\BSL_Dataset\2_HAND_DATASET\S\4175.png,S,two_hand,"wrong_hand_count (detected 1, expected 2)"
C:\Users\singh\Desktop\a2 i&v\edited code files\data\raw\BSL_Dataset\2_HAND_DATASET\S\4180.png,S,two_hand,"wrong_hand_count (detected 1, expected 2)"
C:\Users\singh\Desktop\a2 i&v\edited code files\data\raw\BSL_Dataset\2_HAND_DATASET\S\4185.png,S,two_hand,"wrong_hand_count (detected 1, expected 2)"
C:\Users\singh\Desktop\a2 i&v\edited code files\data\raw\BSL_Dataset\2_HAND_DATASET\S\4190.png,S,two_hand,"wrong_hand_count (detected 1, expected 2)"
C:\Users\singh\Desktop\a2 i&v\edited code files\data\raw\BSL_Dataset\2_HAND_DATASET\S\4195.png,S,two_hand,"wrong_hand_count (detected 1, expected 2)"
C:\Users\singh\Desktop\a2 i&v\edited code files\data\raw\BSL_Dataset\2_HAND_DATASET\S\4200.png,S,two_hand,"wrong_hand_count (detected 1, expected 2)"
C:\Users\singh\Desktop\a2 i&v\edited code files\data\raw\BSL_Dataset\2_HAND_DATASET\S\4205.png,S,two_hand,"wrong_hand_count (detected 1, expected 2)"
C:\Users\singh\Desktop\a2 i&v\edited code files\data\raw\BSL_Dataset\2_HAND_DATASET\S\425.png,S,two_hand,no_hands
C:\Users\singh\Desktop\a2 i&v\edited code files\data\raw\BSL_Dataset\2_HAND_DATASET\S\4260.png,S,two_hand,"wrong_hand_count (detected 1, expected 2)"
C:\Users\singh\Desktop\a2 i&v\edited code files\data\raw\BSL_Dataset\2_HAND_DATASET\S\4270.png,S,two_hand,"wrong_hand_count (detected 1, expected 2)"
C:\Users\singh\Desktop\a2 i&v\edited code files\data\raw\BSL_Dataset\2_HAND_DATASET\S\4275.png,S,two_hand,"wrong_hand_count (detected 1, expected 2)"
C:\Users\singh\Desktop\a2 i&v\edited code files\data\raw\BSL_Dataset\2_HAND_DATASET\S\4280.png,S,two_hand,"wrong_hand_count (detected 1, expected 2)"
C:\Users\singh\Desktop\a2 i&v\edited code files\data\raw\BSL_Dataset\2_HAND_DATASET\S\4285.png,S,two_hand,"wrong_hand_count (detected 1, expected 2)"
C:\Users\singh\Desktop\a2 i&v\edited code files\data\raw\BSL_Dataset\2_HAND_DATASET\S\4295.png,S,two_hand,"wrong_hand_count (detected 1, expected 2)"
C:\Users\singh\Desktop\a2 i&v\edited code files\data\raw\BSL_Dataset\2_HAND_DATASET\S\4360.png,S,two_hand,"wrong_hand_count (detected 1, expected 2)"
C:\Users\singh\Desktop\a2 i&v\edited code files\data\raw\BSL_Dataset\2_HAND_DATASET\S\4365.png,S,two_hand,"wrong_hand_count (detected 1, expected 2)"
C:\Users\singh\Desktop\a2 i&v\edited code files\data\raw\BSL_Dataset\2_HAND_DATASET\S\4370.png,S,two_hand,"wrong_hand_count (detected 1, expected 2)"
C:\Users\singh\Desktop\a2 i&v\edited code files\data\raw\BSL_Dataset\2_HAND_DATASET\S\4375.png,S,two_hand,"wrong_hand_count (detected 1, expected 2)"
C:\Users\singh\Desktop\a2 i&v\edited code files\data\raw\BSL_Dataset\2_HAND_DATASET\S\4385.png,S,two_hand,"wrong_hand_count (detected 1, expected 2)"
C:\Users\singh\Desktop\a2 i&v\edited code files\data\raw\BSL_Dataset\2_HAND_DATASET\S\4395.png,S,two_hand,"wrong_hand_count (detected 1, expected 2)"
C:\Users\singh\Desktop\a2 i&v\edited code files\data\raw\BSL_Dataset\2_HAND_DATASET\S\4440.png,S,two_hand,"wrong_hand_count (detected 1, expected 2)"
C:\Users\singh\Desktop\a2 i&v\edited code files\data\raw\BSL_Dataset\2_HAND_DATASET\S\445.png,S,two_hand,"wrong_hand_count (detected 1, expected 2)"
C:\Users\singh\Desktop\a2 i&v\edited code files\data\raw\BSL_Dataset\2_HAND_DATASET\S\4450.png,S,two_hand,"wrong_hand_count (detected 1, expected 2)"
C:\Users\singh\Desktop\a2 i&v\edited code files\data\raw\BSL_Dataset\2_HAND_DATASET\S\4455.png,S,two_hand,"wrong_hand_count (detected 1, expected 2)"
C:\Users\singh\Desktop\a2 i&v\edited code files\data\raw\BSL_Dataset\2_HAND_DATASET\S\4460.png,S,two_hand,"wrong_hand_count (detected 1, expected 2)"
C:\Users\singh\Desktop\a2 i&v\edited code files\data\raw\BSL_Dataset\2_HAND_DATASET\S\4465.png,S,two_hand,"wrong_hand_count (detected 1, expected 2)"
C:\Users\singh\Desktop\a2 i&v\edited code files\data\raw\BSL_Dataset\2_HAND_DATASET\S\4470.png,S,two_hand,"wrong_hand_count (detected 1, expected 2)"
C:\Users\singh\Desktop\a2 i&v\edited code files\data\raw\BSL_Dataset\2_HAND_DATASET\S\4475.png,S,two_hand,"wrong_hand_count (detected 1, expected 2)"
C:\Users\singh\Desktop\a2 i&v\edited code files\data\raw\BSL_Dataset\2_HAND_DATASET\S\4480.png,S,two_hand,"wrong_hand_count (detected 1, expected 2)"
C:\Users\singh\Desktop\a2 i&v\edited code files\data\raw\BSL_Dataset\2_HAND_DATASET\S\4485.png,S,two_hand,"wrong_hand_count (detected 1, expected 2)"
C:\Users\singh\Desktop\a2 i&v\edited code files\data\raw\BSL_Dataset\2_HAND_DATASET\S\4505.png,S,two_hand,"wrong_hand_count (detected 1, expected 2)"
C:\Users\singh\Desktop\a2 i&v\edited code files\data\raw\BSL_Dataset\2_HAND_DATASET\S\4510.png,S,two_hand,"wrong_hand_count (detected 1, expected 2)"
C:\Users\singh\Desktop\a2 i&v\edited code files\data\raw\BSL_Dataset\2_HAND_DATASET\S\4530.png,S,two_hand,"wrong_hand_count (detected 1, expected 2)"
C:\Users\singh\Desktop\a2 i&v\edited code files\data\raw\BSL_Dataset\2_HAND_DATASET\S\4535.png,S,two_hand,"wrong_hand_count (detected 1, expected 2)"
C:\Users\singh\Desktop\a2 i&v\edited code files\data\raw\BSL_Dataset\2_HAND_DATASET\S\4540.png,S,two_hand,"wrong_hand_count (detected 1, expected 2)"
C:\Users\singh\Desktop\a2 i&v\edited code files\data\raw\BSL_Dataset\2_HAND_DATASET\S\4545.png,S,two_hand,"wrong_hand_count (detected 1, expected 2)"
C:\Users\singh\Desktop\a2 i&v\edited code files\data\raw\BSL_Dataset\2_HAND_DATASET\S\4550.png,S,two_hand,"wrong_hand_count (detected 1, expected 2)"
C:\Users\singh\Desktop\a2 i&v\edited code files\data\raw\BSL_Dataset\2_HAND_DATASET\S\4595.png,S,two_hand,"wrong_hand_count (detected 1, expected 2)"
C:\Users\singh\Desktop\a2 i&v\edited code files\data\raw\BSL_Dataset\2_HAND_DATASET\S\4635.png,S,two_hand,"wrong_hand_count (detected 1, expected 2)"
C:\Users\singh\Desktop\a2 i&v\edited code files\data\raw\BSL_Dataset\2_HAND_DATASET\S\4645.png,S,two_hand,"wrong_hand_count (detected 1, expected 2)"
C:\Users\singh\Desktop\a2 i&v\edited code files\data\raw\BSL_Dataset\2_HAND_DATASET\S\4650.png,S,two_hand,"wrong_hand_count (detected 1, expected 2)"
C:\Users\singh\Desktop\a2 i&v\edited code files\data\raw\BSL_Dataset\2_HAND_DATASET\S\4655.png,S,two_hand,"wrong_hand_count (detected 1, expected 2)"
C:\Users\singh\Desktop\a2 i&v\edited code files\data\raw\BSL_Dataset\2_HAND_DATASET\S\4670.png,S,two_hand,"wrong_hand_count (detected 1, expected 2)"
C:\Users\singh\Desktop\a2 i&v\edited code files\data\raw\BSL_Dataset\2_HAND_DATASET\S\4710.png,S,two_hand,"wrong_hand_count (detected 1, expected 2)"
C:\Users\singh\Desktop\a2 i&v\edited code files\data\raw\BSL_Dataset\2_HAND_DATASET\S\4715.png,S,two_hand,"wrong_hand_count (detected 1, expected 2)"
C:\Users\singh\Desktop\a2 i&v\edited code files\data\raw\BSL_Dataset\2_HAND_DATASET\S\4720.png,S,two_hand,"wrong_hand_count (detected 1, expected 2)"
C:\Users\singh\Desktop\a2 i&v\edited code files\data\raw\BSL_Dataset\2_HAND_DATASET\S\4725.png,S,two_hand,"wrong_hand_count (detected 1, expected 2)"
C:\Users\singh\Desktop\a2 i&v\edited code files\data\raw\BSL_Dataset\2_HAND_DATASET\S\4730.png,S,two_hand,"wrong_hand_count (detected 1, expected 2)"
C:\Users\singh\Desktop\a2 i&v\edited code files\data\raw\BSL_Dataset\2_HAND_DATASET\S\4735.png,S,two_hand,"wrong_hand_count (detected 1, expected 2)"
C:\Users\singh\Desktop\a2 i&v\edited code files\data\raw\BSL_Dataset\2_HAND_DATASET\S\4740.png,S,two_hand,"wrong_hand_count (detected 1, expected 2)"
C:\Users\singh\Desktop\a2 i&v\edited code files\data\raw\BSL_Dataset\2_HAND_DATASET\S\4745.png,S,two_hand,"wrong_hand_count (detected 1, expected 2)"
C:\Users\singh\Desktop\a2 i&v\edited code files\data\raw\BSL_Dataset\2_HAND_DATASET\S\4750.png,S,two_hand,"wrong_hand_count (detected 1, expected 2)"
C:\Users\singh\Desktop\a2 i&v\edited code files\data\raw\BSL_Dataset\2_HAND_DATASET\S\4755.png,S,two_hand,"wrong_hand_count (detected 1, expected 2)"
C:\Users\singh\Desktop\a2 i&v\edited code files\data\raw\BSL_Dataset\2_HAND_DATASET\S\4805.png,S,two_hand,"wrong_hand_count (detected 1, expected 2)"
C:\Users\singh\Desktop\a2 i&v\edited code files\data\raw\BSL_Dataset\2_HAND_DATASET\S\4810.png,S,two_hand,"wrong_hand_count (detected 1, expected 2)"
C:\Users\singh\Desktop\a2 i&v\edited code files\data\raw\BSL_Dataset\2_HAND_DATASET\S\4815.png,S,two_hand,"wrong_hand_count (detected 1, expected 2)"
C:\Users\singh\Desktop\a2 i&v\edited code files\data\raw\BSL_Dataset\2_HAND_DATASET\S\4820.png,S,two_hand,no_hands
C:\Users\singh\Desktop\a2 i&v\edited code files\data\raw\BSL_Dataset\2_HAND_DATASET\S\4825.png,S,two_hand,"wrong_hand_count (detected 1, expected 2)"
C:\Users\singh\Desktop\a2 i&v\edited code files\data\raw\BSL_Dataset\2_HAND_DATASET\S\4830.png,S,two_hand,"wrong_hand_count (detected 1, expected 2)"
C:\Users\singh\Desktop\a2 i&v\edited code files\data\raw\BSL_Dataset\2_HAND_DATASET\S\4835.png,S,two_hand,"wrong_hand_count (detected 1, expected 2)"
C:\Users\singh\Desktop\a2 i&v\edited code files\data\raw\BSL_Dataset\2_HAND_DATASET\S\4865.png,S,two_hand,"wrong_hand_count (detected 1, expected 2)"
C:\Users\singh\Desktop\a2 i&v\edited code files\data\raw\BSL_Dataset\2_HAND_DATASET\S\4880.png,S,two_hand,"wrong_hand_count (detected 1, expected 2)"
C:\Users\singh\Desktop\a2 i&v\edited code files\data\raw\BSL_Dataset\2_HAND_DATASET\S\4885.png,S,two_hand,"wrong_hand_count (detected 1, expected 2)"
C:\Users\singh\Desktop\a2 i&v\edited code files\data\raw\BSL_Dataset\2_HAND_DATASET\S\4890.png,S,two_hand,"wrong_hand_count (detected 1, expected 2)"
C:\Users\singh\Desktop\a2 i&v\edited code files\data\raw\BSL_Dataset\2_HAND_DATASET\S\4895.png,S,two_hand,"wrong_hand_count (detected 1, expected 2)"
C:\Users\singh\Desktop\a2 i&v\edited code files\data\raw\BSL_Dataset\2_HAND_DATASET\S\4900.png,S,two_hand,"wrong_hand_count (detected 1, expected 2)"
C:\Users\singh\Desktop\a2 i&v\edited code files\data\raw\BSL_Dataset\2_HAND_DATASET\S\4905.png,S,two_hand,"wrong_hand_count (detected 1, expected 2)"
C:\Users\singh\Desktop\a2 i&v\edited code files\data\raw\BSL_Dataset\2_HAND_DATASET\S\4910.png,S,two_hand,"wrong_hand_count (detected 1, expected 2)"
C:\Users\singh\Desktop\a2 i&v\edited code files\data\raw\BSL_Dataset\2_HAND_DATASET\S\4915.png,S,two_hand,"wrong_hand_count (detected 1, expected 2)"
C:\Users\singh\Desktop\a2 i&v\edited code files\data\raw\BSL_Dataset\2_HAND_DATASET\S\4920.png,S,two_hand,"wrong_hand_count (detected 1, expected 2)"
C:\Users\singh\Desktop\a2 i&v\edited code files\data\raw\BSL_Dataset\2_HAND_DATASET\S\4930.png,S,two_hand,"wrong_hand_count (detected 1, expected 2)"
C:\Users\singh\Desktop\a2 i&v\edited code files\data\raw\BSL_Dataset\2_HAND_DATASET\S\495.png,S,two_hand,"wrong_hand_count (detected 1, expected 2)"
C:\Users\singh\Desktop\a2 i&v\edited code files\data\raw\BSL_Dataset\2_HAND_DATASET\S\4950.png,S,two_hand,"wrong_hand_count (detected 1, expected 2)"
C:\Users\singh\Desktop\a2 i&v\edited code files\data\raw\BSL_Dataset\2_HAND_DATASET\S\4980.png,S,two_hand,"wrong_hand_count (detected 1, expected 2)"
C:\Users\singh\Desktop\a2 i&v\edited code files\data\raw\BSL_Dataset\2_HAND_DATASET\S\4985.png,S,two_hand,"wrong_hand_count (detected 1, expected 2)"
C:\Users\singh\Desktop\a2 i&v\edited code files\data\raw\BSL_Dataset\2_HAND_DATASET\S\4990.png,S,two_hand,no_hands
C:\Users\singh\Desktop\a2 i&v\edited code files\data\raw\BSL_Dataset\2_HAND_DATASET\S\4995.png,S,two_hand,"wrong_hand_count (detected 1, expected 2)"
C:\Users\singh\Desktop\a2 i&v\edited code files\data\raw\BSL_Dataset\2_HAND_DATASET\S\5000.png,S,two_hand,"wrong_hand_count (detected 1, expected 2)"
C:\Users\singh\Desktop\a2 i&v\edited code files\data\raw\BSL_Dataset\2_HAND_DATASET\S\505.png,S,two_hand,"wrong_hand_count (detected 1, expected 2)"
C:\Users\singh\Desktop\a2 i&v\edited code files\data\raw\BSL_Dataset\2_HAND_DATASET\S\520.png,S,two_hand,"wrong_hand_count (detected 1, expected 2)"
C:\Users\singh\Desktop\a2 i&v\edited code files\data\raw\BSL_Dataset\2_HAND_DATASET\S\525.png,S,two_hand,no_hands
C:\Users\singh\Desktop\a2 i&v\edited code files\data\raw\BSL_Dataset\2_HAND_DATASET\S\530.png,S,two_hand,"wrong_hand_count (detected 1, expected 2)"
C:\Users\singh\Desktop\a2 i&v\edited code files\data\raw\BSL_Dataset\2_HAND_DATASET\S\545.png,S,two_hand,"wrong_hand_count (detected 1, expected 2)"
C:\Users\singh\Desktop\a2 i&v\edited code files\data\raw\BSL_Dataset\2_HAND_DATASET\S\555.png,S,two_hand,"wrong_hand_count (detected 1, expected 2)"
C:\Users\singh\Desktop\a2 i&v\edited code files\data\raw\BSL_Dataset\2_HAND_DATASET\S\560.png,S,two_hand,"wrong_hand_count (detected 1, expected 2)"
C:\Users\singh\Desktop\a2 i&v\edited code files\data\raw\BSL_Dataset\2_HAND_DATASET\S\580.png,S,two_hand,"wrong_hand_count (detected 1, expected 2)"
C:\Users\singh\Desktop\a2 i&v\edited code files\data\raw\BSL_Dataset\2_HAND_DATASET\S\60.png,S,two_hand,"wrong_hand_count (detected 1, expected 2)"
C:\Users\singh\Desktop\a2 i&v\edited code files\data\raw\BSL_Dataset\2_HAND_DATASET\S\625.png,S,two_hand,"wrong_hand_count (detected 1, expected 2)"
C:\Users\singh\Desktop\a2 i&v\edited code files\data\raw\BSL_Dataset\2_HAND_DATASET\S\655.png,S,two_hand,"wrong_hand_count (detected 1, expected 2)"
C:\Users\singh\Desktop\a2 i&v\edited code files\data\raw\BSL_Dataset\2_HAND_DATASET\S\660.png,S,two_hand,"wrong_hand_count (detected 1, expected 2)"
C:\Users\singh\Desktop\a2 i&v\edited code files\data\raw\BSL_Dataset\2_HAND_DATASET\S\670.png,S,two_hand,"wrong_hand_count (detected 1, expected 2)"
C:\Users\singh\Desktop\a2 i&v\edited code files\data\raw\BSL_Dataset\2_HAND_DATASET\S\680.png,S,two_hand,"wrong_hand_count (detected 1, expected 2)"
C:\Users\singh\Desktop\a2 i&v\edited code files\data\raw\BSL_Dataset\2_HAND_DATASET\S\705.png,S,two_hand,"wrong_hand_count (detected 1, expected 2)"
C:\Users\singh\Desktop\a2 i&v\edited code files\data\raw\BSL_Dataset\2_HAND_DATASET\S\715.png,S,two_hand,"wrong_hand_count (detected 1, expected 2)"
C:\Users\singh\Desktop\a2 i&v\edited code files\data\raw\BSL_Dataset\2_HAND_DATASET\S\760.png,S,two_hand,"wrong_hand_count (detected 1, expected 2)"
C:\Users\singh\Desktop\a2 i&v\edited code files\data\raw\BSL_Dataset\2_HAND_DATASET\S\765.png,S,two_hand,"wrong_hand_count (detected 1, expected 2)"
C:\Users\singh\Desktop\a2 i&v\edited code files\data\raw\BSL_Dataset\2_HAND_DATASET\S\795.png,S,two_hand,"wrong_hand_count (detected 1, expected 2)"
C:\Users\singh\Desktop\a2 i&v\edited code files\data\raw\BSL_Dataset\2_HAND_DATASET\S\800.png,S,two_hand,"wrong_hand_count (detected 1, expected 2)"
C:\Users\singh\Desktop\a2 i&v\edited code files\data\raw\BSL_Dataset\2_HAND_DATASET\S\820.png,S,two_hand,"wrong_hand_count (detected 1, expected 2)"
C:\Users\singh\Desktop\a2 i&v\edited code files\data\raw\BSL_Dataset\2_HAND_DATASET\S\825.png,S,two_hand,"wrong_hand_count (detected 1, expected 2)"
C:\Users\singh\Desktop\a2 i&v\edited code files\data\raw\BSL_Dataset\2_HAND_DATASET\S\830.png,S,two_hand,"wrong_hand_count (detected 1, expected 2)"
C:\Users\singh\Desktop\a2 i&v\edited code files\data\raw\BSL_Dataset\2_HAND_DATASET\S\835.png,S,two_hand,"wrong_hand_count (detected 1, expected 2)"
C:\Users\singh\Desktop\a2 i&v\edited code files\data\raw\BSL_Dataset\2_HAND_DATASET\S\855.png,S,two_hand,"wrong_hand_count (detected 1, expected 2)"
C:\Users\singh\Desktop\a2 i&v\edited code files\data\raw\BSL_Dataset\2_HAND_DATASET\S\880.png,S,two_hand,"wrong_hand_count (detected 1, expected 2)"
C:\Users\singh\Desktop\a2 i&v\edited code files\data\raw\BSL_Dataset\2_HAND_DATASET\S\895.png,S,two_hand,"wrong_hand_count (detected 1, expected 2)"
C:\Users\singh\Desktop\a2 i&v\edited code files\data\raw\BSL_Dataset\2_HAND_DATASET\S\900.png,S,two_hand,"wrong_hand_count (detected 1, expected 2)"
C:\Users\singh\Desktop\a2 i&v\edited code files\data\raw\BSL_Dataset\2_HAND_DATASET\S\915.png,S,two_hand,"wrong_hand_count (detected 1, expected 2)"
C:\Users\singh\Desktop\a2 i&v\edited code files\data\raw\BSL_Dataset\2_HAND_DATASET\S\920.png,S,two_hand,"wrong_hand_count (detected 1, expected 2)"
C:\Users\singh\Desktop\a2 i&v\edited code files\data\raw\BSL_Dataset\2_HAND_DATASET\S\940.png,S,two_hand,"wrong_hand_count (detected 1, expected 2)"
C:\Users\singh\Desktop\a2 i&v\edited code files\data\raw\BSL_Dataset\2_HAND_DATASET\S\95.png,S,two_hand,"wrong_hand_count (detected 1, expected 2)"
C:\Users\singh\Desktop\a2 i&v\edited code files\data\raw\BSL_Dataset\2_HAND_DATASET\S\950.png,S,two_hand,"wrong_hand_count (detected 1, expected 2)"
C:\Users\singh\Desktop\a2 i&v\edited code files\data\raw\BSL_Dataset\2_HAND_DATASET\S\955.png,S,two_hand,"wrong_hand_count (detected 1, expected 2)"
C:\Users\singh\Desktop\a2 i&v\edited code files\data\raw\BSL_Dataset\2_HAND_DATASET\T\10.png,T,two_hand,"wrong_hand_count (detected 1, expected 2)"
C:\Users\singh\Desktop\a2 i&v\edited code files\data\raw\BSL_Dataset\2_HAND_DATASET\T\1025.png,T,two_hand,"wrong_hand_count (detected 1, expected 2)"
C:\Users\singh\Desktop\a2 i&v\edited code files\data\raw\BSL_Dataset\2_HAND_DATASET\T\1030.png,T,two_hand,"wrong_hand_count (detected 1, expected 2)"
C:\Users\singh\Desktop\a2 i&v\edited code files\data\raw\BSL_Dataset\2_HAND_DATASET\T\1035.png,T,two_hand,"wrong_hand_count (detected 1, expected 2)"
C:\Users\singh\Desktop\a2 i&v\edited code files\data\raw\BSL_Dataset\2_HAND_DATASET\T\1040.png,T,two_hand,"wrong_hand_count (detected 1, expected 2)"
C:\Users\singh\Desktop\a2 i&v\edited code files\data\raw\BSL_Dataset\2_HAND_DATASET\T\1045.png,T,two_hand,"wrong_hand_count (detected 1, expected 2)"
C:\Users\singh\Desktop\a2 i&v\edited code files\data\raw\BSL_Dataset\2_HAND_DATASET\T\1050.png,T,two_hand,"wrong_hand_count (detected 1, expected 2)"
C:\Users\singh\Desktop\a2 i&v\edited code files\data\raw\BSL_Dataset\2_HAND_DATASET\T\1055.png,T,two_hand,"wrong_hand_count (detected 1, expected 2)"
C:\Users\singh\Desktop\a2 i&v\edited code files\data\raw\BSL_Dataset\2_HAND_DATASET\T\1060.png,T,two_hand,"wrong_hand_count (detected 1, expected 2)"
C:\Users\singh\Desktop\a2 i&v\edited code files\data\raw\BSL_Dataset\2_HAND_DATASET\T\1065.png,T,two_hand,"wrong_hand_count (detected 1, expected 2)"
C:\Users\singh\Desktop\a2 i&v\edited code files\data\raw\BSL_Dataset\2_HAND_DATASET\T\1070.png,T,two_hand,"wrong_hand_count (detected 1, expected 2)"
C:\Users\singh\Desktop\a2 i&v\edited code files\data\raw\BSL_Dataset\2_HAND_DATASET\T\1075.png,T,two_hand,"wrong_hand_count (detected 1, expected 2)"
C:\Users\singh\Desktop\a2 i&v\edited code files\data\raw\BSL_Dataset\2_HAND_DATASET\T\1120.png,T,two_hand,"wrong_hand_count (detected 1, expected 2)"
C:\Users\singh\Desktop\a2 i&v\edited code files\data\raw\BSL_Dataset\2_HAND_DATASET\T\1135.png,T,two_hand,"wrong_hand_count (detected 1, expected 2)"
C:\Users\singh\Desktop\a2 i&v\edited code files\data\raw\BSL_Dataset\2_HAND_DATASET\T\1140.png,T,two_hand,"wrong_hand_count (detected 1, expected 2)"
C:\Users\singh\Desktop\a2 i&v\edited code files\data\raw\BSL_Dataset\2_HAND_DATASET\T\1145.png,T,two_hand,"wrong_hand_count (detected 1, expected 2)"
C:\Users\singh\Desktop\a2 i&v\edited code files\data\raw\BSL_Dataset\2_HAND_DATASET\T\1150.png,T,two_hand,"wrong_hand_count (detected 1, expected 2)"
C:\Users\singh\Desktop\a2 i&v\edited code files\data\raw\BSL_Dataset\2_HAND_DATASET\T\1160.png,T,two_hand,"wrong_hand_count (detected 1, expected 2)"
C:\Users\singh\Desktop\a2 i&v\edited code files\data\raw\BSL_Dataset\2_HAND_DATASET\T\1165.png,T,two_hand,"wrong_hand_count (detected 1, expected 2)"
C:\Users\singh\Desktop\a2 i&v\edited code files\data\raw\BSL_Dataset\2_HAND_DATASET\T\1170.png,T,two_hand,"wrong_hand_count (detected 1, expected 2)"
C:\Users\singh\Desktop\a2 i&v\edited code files\data\raw\BSL_Dataset\2_HAND_DATASET\T\1175.png,T,two_hand,"wrong_hand_count (detected 1, expected 2)"
C:\Users\singh\Desktop\a2 i&v\edited code files\data\raw\BSL_Dataset\2_HAND_DATASET\T\1180.png,T,two_hand,"wrong_hand_count (detected 1, expected 2)"
C:\Users\singh\Desktop\a2 i&v\edited code files\data\raw\BSL_Dataset\2_HAND_DATASET\T\1185.png,T,two_hand,"wrong_hand_count (detected 1, expected 2)"
C:\Users\singh\Desktop\a2 i&v\edited code files\data\raw\BSL_Dataset\2_HAND_DATASET\T\1235.png,T,two_hand,"wrong_hand_count (detected 1, expected 2)"
C:\Users\singh\Desktop\a2 i&v\edited code files\data\raw\BSL_Dataset\2_HAND_DATASET\T\1245.png,T,two_hand,"wrong_hand_count (detected 1, expected 2)"
C:\Users\singh\Desktop\a2 i&v\edited code files\data\raw\BSL_Dataset\2_HAND_DATASET\T\1250.png,T,two_hand,"wrong_hand_count (detected 1, expected 2)"
C:\Users\singh\Desktop\a2 i&v\edited code files\data\raw\BSL_Dataset\2_HAND_DATASET\T\1255.png,T,two_hand,"wrong_hand_count (detected 1, expected 2)"
C:\Users\singh\Desktop\a2 i&v\edited code files\data\raw\BSL_Dataset\2_HAND_DATASET\T\1265.png,T,two_hand,"wrong_hand_count (detected 1, expected 2)"
C:\Users\singh\Desktop\a2 i&v\edited code files\data\raw\BSL_Dataset\2_HAND_DATASET\T\1355.png,T,two_hand,"wrong_hand_count (detected 1, expected 2)"
C:\Users\singh\Desktop\a2 i&v\edited code files\data\raw\BSL_Dataset\2_HAND_DATASET\T\1360.png,T,two_hand,"wrong_hand_count (detected 1, expected 2)"
C:\Users\singh\Desktop\a2 i&v\edited code files\data\raw\BSL_Dataset\2_HAND_DATASET\T\140.png,T,two_hand,"wrong_hand_count (detected 1, expected 2)"
C:\Users\singh\Desktop\a2 i&v\edited code files\data\raw\BSL_Dataset\2_HAND_DATASET\T\1425.png,T,two_hand,"wrong_hand_count (detected 1, expected 2)"
C:\Users\singh\Desktop\a2 i&v\edited code files\data\raw\BSL_Dataset\2_HAND_DATASET\T\1430.png,T,two_hand,"wrong_hand_count (detected 1, expected 2)"
C:\Users\singh\Desktop\a2 i&v\edited code files\data\raw\BSL_Dataset\2_HAND_DATASET\T\1445.png,T,two_hand,"wrong_hand_count (detected 1, expected 2)"
C:\Users\singh\Desktop\a2 i&v\edited code files\data\raw\BSL_Dataset\2_HAND_DATASET\T\1460.png,T,two_hand,"wrong_hand_count (detected 1, expected 2)"
C:\Users\singh\Desktop\a2 i&v\edited code files\data\raw\BSL_Dataset\2_HAND_DATASET\T\1465.png,T,two_hand,"wrong_hand_count (detected 1, expected 2)"
C:\Users\singh\Desktop\a2 i&v\edited code files\data\raw\BSL_Dataset\2_HAND_DATASET\T\1525.png,T,two_hand,"wrong_hand_count (detected 1, expected 2)"
C:\Users\singh\Desktop\a2 i&v\edited code files\data\raw\BSL_Dataset\2_HAND_DATASET\T\1545.png,T,two_hand,"wrong_hand_count (detected 1, expected 2)"
C:\Users\singh\Desktop\a2 i&v\edited code files\data\raw\BSL_Dataset\2_HAND_DATASET\T\1580.png,T,two_hand,"wrong_hand_count (detected 1, expected 2)"
C:\Users\singh\Desktop\a2 i&v\edited code files\data\raw\BSL_Dataset\2_HAND_DATASET\T\1620.png,T,two_hand,"wrong_hand_count (detected 1, expected 2)"
C:\Users\singh\Desktop\a2 i&v\edited code files\data\raw\BSL_Dataset\2_HAND_DATASET\T\1640.png,T,two_hand,"wrong_hand_count (detected 1, expected 2)"
C:\Users\singh\Desktop\a2 i&v\edited code files\data\raw\BSL_Dataset\2_HAND_DATASET\T\1645.png,T,two_hand,"wrong_hand_count (detected 1, expected 2)"
C:\Users\singh\Desktop\a2 i&v\edited code files\data\raw\BSL_Dataset\2_HAND_DATASET\T\1650.png,T,two_hand,"wrong_hand_count (detected 1, expected 2)"
C:\Users\singh\Desktop\a2 i&v\edited code files\data\raw\BSL_Dataset\2_HAND_DATASET\T\1685.png,T,two_hand,"wrong_hand_count (detected 1, expected 2)"
C:\Users\singh\Desktop\a2 i&v\edited code files\data\raw\BSL_Dataset\2_HAND_DATASET\T\1690.png,T,two_hand,"wrong_hand_count (detected 1, expected 2)"
C:\Users\singh\Desktop\a2 i&v\edited code files\data\raw\BSL_Dataset\2_HAND_DATASET\T\1695.png,T,two_hand,"wrong_hand_count (detected 1, expected 2)"
C:\Users\singh\Desktop\a2 i&v\edited code files\data\raw\BSL_Dataset\2_HAND_DATASET\T\1705.png,T,two_hand,"wrong_hand_count (detected 1, expected 2)"
C:\Users\singh\Desktop\a2 i&v\edited code files\data\raw\BSL_Dataset\2_HAND_DATASET\T\1750.png,T,two_hand,"wrong_hand_count (detected 1, expected 2)"
C:\Users\singh\Desktop\a2 i&v\edited code files\data\raw\BSL_Dataset\2_HAND_DATASET\T\1755.png,T,two_hand,"wrong_hand_count (detected 1, expected 2)"
C:\Users\singh\Desktop\a2 i&v\edited code files\data\raw\BSL_Dataset\2_HAND_DATASET\T\1765.png,T,two_hand,"wrong_hand_count (detected 1, expected 2)"
C:\Users\singh\Desktop\a2 i&v\edited code files\data\raw\BSL_Dataset\2_HAND_DATASET\T\1835.png,T,two_hand,"wrong_hand_count (detected 1, expected 2)"
C:\Users\singh\Desktop\a2 i&v\edited code files\data\raw\BSL_Dataset\2_HAND_DATASET\T\1840.png,T,two_hand,"wrong_hand_count (detected 1, expected 2)"
C:\Users\singh\Desktop\a2 i&v\edited code files\data\raw\BSL_Dataset\2_HAND_DATASET\T\185.png,T,two_hand,no_hands
C:\Users\singh\Desktop\a2 i&v\edited code files\data\raw\BSL_Dataset\2_HAND_DATASET\T\1870.png,T,two_hand,"wrong_hand_count (detected 1, expected 2)"
C:\Users\singh\Desktop\a2 i&v\edited code files\data\raw\BSL_Dataset\2_HAND_DATASET\T\1900.png,T,two_hand,"wrong_hand_count (detected 1, expected 2)"
C:\Users\singh\Desktop\a2 i&v\edited code files\data\raw\BSL_Dataset\2_HAND_DATASET\T\1925.png,T,two_hand,"wrong_hand_count (detected 1, expected 2)"
C:\Users\singh\Desktop\a2 i&v\edited code files\data\raw\BSL_Dataset\2_HAND_DATASET\T\1930.png,T,two_hand,"wrong_hand_count (detected 1, expected 2)"
C:\Users\singh\Desktop\a2 i&v\edited code files\data\raw\BSL_Dataset\2_HAND_DATASET\T\1940.png,T,two_hand,"wrong_hand_count (detected 1, expected 2)"
C:\Users\singh\Desktop\a2 i&v\edited code files\data\raw\BSL_Dataset\2_HAND_DATASET\T\195.png,T,two_hand,no_hands
C:\Users\singh\Desktop\a2 i&v\edited code files\data\raw\BSL_Dataset\2_HAND_DATASET\T\1950.png,T,two_hand,"wrong_hand_count (detected 1, expected 2)"
C:\Users\singh\Desktop\a2 i&v\edited code files\data\raw\BSL_Dataset\2_HAND_DATASET\T\1955.png,T,two_hand,"wrong_hand_count (detected 1, expected 2)"
C:\Users\singh\Desktop\a2 i&v\edited code files\data\raw\BSL_Dataset\2_HAND_DATASET\T\1970.png,T,two_hand,"wrong_hand_count (detected 1, expected 2)"
C:\Users\singh\Desktop\a2 i&v\edited code files\data\raw\BSL_Dataset\2_HAND_DATASET\T\1975.png,T,two_hand,"wrong_hand_count (detected 1, expected 2)"
C:\Users\singh\Desktop\a2 i&v\edited code files\data\raw\BSL_Dataset\2_HAND_DATASET\T\1995.png,T,two_hand,"wrong_hand_count (detected 1, expected 2)"
C:\Users\singh\Desktop\a2 i&v\edited code files\data\raw\BSL_Dataset\2_HAND_DATASET\T\2005.png,T,two_hand,"wrong_hand_count (detected 1, expected 2)"
C:\Users\singh\Desktop\a2 i&v\edited code files\data\raw\BSL_Dataset\2_HAND_DATASET\T\2010.png,T,two_hand,"wrong_hand_count (detected 1, expected 2)"
C:\Users\singh\Desktop\a2 i&v\edited code files\data\raw\BSL_Dataset\2_HAND_DATASET\T\2015.png,T,two_hand,"wrong_hand_count (detected 1, expected 2)"
C:\Users\singh\Desktop\a2 i&v\edited code files\data\raw\BSL_Dataset\2_HAND_DATASET\T\2020.png,T,two_hand,"wrong_hand_count (detected 1, expected 2)"
C:\Users\singh\Desktop\a2 i&v\edited code files\data\raw\BSL_Dataset\2_HAND_DATASET\T\2035.png,T,two_hand,"wrong_hand_count (detected 1, expected 2)"
C:\Users\singh\Desktop\a2 i&v\edited code files\data\raw\BSL_Dataset\2_HAND_DATASET\T\2040.png,T,two_hand,"wrong_hand_count (detected 1, expected 2)"
C:\Users\singh\Desktop\a2 i&v\edited code files\data\raw\BSL_Dataset\2_HAND_DATASET\T\2045.png,T,two_hand,"wrong_hand_count (detected 1, expected 2)"
C:\Users\singh\Desktop\a2 i&v\edited code files\data\raw\BSL_Dataset\2_HAND_DATASET\T\2050.png,T,two_hand,"wrong_hand_count (detected 1, expected 2)"
C:\Users\singh\Desktop\a2 i&v\edited code files\data\raw\BSL_Dataset\2_HAND_DATASET\T\2055.png,T,two_hand,"wrong_hand_count (detected 1, expected 2)"
C:\Users\singh\Desktop\a2 i&v\edited code files\data\raw\BSL_Dataset\2_HAND_DATASET\T\2060.png,T,two_hand,"wrong_hand_count (detected 1, expected 2)"
C:\Users\singh\Desktop\a2 i&v\edited code files\data\raw\BSL_Dataset\2_HAND_DATASET\T\2085.png,T,two_hand,"wrong_hand_count (detected 1, expected 2)"
C:\Users\singh\Desktop\a2 i&v\edited code files\data\raw\BSL_Dataset\2_HAND_DATASET\T\2090.png,T,two_hand,"wrong_hand_count (detected 1, expected 2)"
C:\Users\singh\Desktop\a2 i&v\edited code files\data\raw\BSL_Dataset\2_HAND_DATASET\T\2095.png,T,two_hand,no_hands
C:\Users\singh\Desktop\a2 i&v\edited code files\data\raw\BSL_Dataset\2_HAND_DATASET\T\2100.png,T,two_hand,"wrong_hand_count (detected 1, expected 2)"
C:\Users\singh\Desktop\a2 i&v\edited code files\data\raw\BSL_Dataset\2_HAND_DATASET\T\2105.png,T,two_hand,"wrong_hand_count (detected 1, expected 2)"
C:\Users\singh\Desktop\a2 i&v\edited code files\data\raw\BSL_Dataset\2_HAND_DATASET\T\2115.png,T,two_hand,"wrong_hand_count (detected 1, expected 2)"
C:\Users\singh\Desktop\a2 i&v\edited code files\data\raw\BSL_Dataset\2_HAND_DATASET\T\2120.png,T,two_hand,"wrong_hand_count (detected 1, expected 2)"
C:\Users\singh\Desktop\a2 i&v\edited code files\data\raw\BSL_Dataset\2_HAND_DATASET\T\2130.png,T,two_hand,"wrong_hand_count (detected 1, expected 2)"
C:\Users\singh\Desktop\a2 i&v\edited code files\data\raw\BSL_Dataset\2_HAND_DATASET\T\2150.png,T,two_hand,"wrong_hand_count (detected 1, expected 2)"
C:\Users\singh\Desktop\a2 i&v\edited code files\data\raw\BSL_Dataset\2_HAND_DATASET\T\2155.png,T,two_hand,"wrong_hand_count (detected 1, expected 2)"
C:\Users\singh\Desktop\a2 i&v\edited code files\data\raw\BSL_Dataset\2_HAND_DATASET\T\2160.png,T,two_hand,"wrong_hand_count (detected 1, expected 2)"
C:\Users\singh\Desktop\a2 i&v\edited code files\data\raw\BSL_Dataset\2_HAND_DATASET\T\2170.png,T,two_hand,"wrong_hand_count (detected 1, expected 2)"
C:\Users\singh\Desktop\a2 i&v\edited code files\data\raw\BSL_Dataset\2_HAND_DATASET\T\2180.png,T,two_hand,"wrong_hand_count (detected 1, expected 2)"
C:\Users\singh\Desktop\a2 i&v\edited code files\data\raw\BSL_Dataset\2_HAND_DATASET\T\2195.png,T,two_hand,"wrong_hand_count (detected 1, expected 2)"
C:\Users\singh\Desktop\a2 i&v\edited code files\data\raw\BSL_Dataset\2_HAND_DATASET\T\2200.png,T,two_hand,"wrong_hand_count (detected 1, expected 2)"
C:\Users\singh\Desktop\a2 i&v\edited code files\data\raw\BSL_Dataset\2_HAND_DATASET\T\2205.png,T,two_hand,"wrong_hand_count (detected 1, expected 2)"
C:\Users\singh\Desktop\a2 i&v\edited code files\data\raw\BSL_Dataset\2_HAND_DATASET\T\2210.png,T,two_hand,"wrong_hand_count (detected 1, expected 2)"
C:\Users\singh\Desktop\a2 i&v\edited code files\data\raw\BSL_Dataset\2_HAND_DATASET\T\2215.png,T,two_hand,"wrong_hand_count (detected 1, expected 2)"
C:\Users\singh\Desktop\a2 i&v\edited code files\data\raw\BSL_Dataset\2_HAND_DATASET\T\2225.png,T,two_hand,no_hands
C:\Users\singh\Desktop\a2 i&v\edited code files\data\raw\BSL_Dataset\2_HAND_DATASET\T\2230.png,T,two_hand,"wrong_hand_count (detected 1, expected 2)"
C:\Users\singh\Desktop\a2 i&v\edited code files\data\raw\BSL_Dataset\2_HAND_DATASET\T\2235.png,T,two_hand,"wrong_hand_count (detected 1, expected 2)"
C:\Users\singh\Desktop\a2 i&v\edited code files\data\raw\BSL_Dataset\2_HAND_DATASET\T\2260.png,T,two_hand,"wrong_hand_count (detected 1, expected 2)"
C:\Users\singh\Desktop\a2 i&v\edited code files\data\raw\BSL_Dataset\2_HAND_DATASET\T\2265.png,T,two_hand,"wrong_hand_count (detected 1, expected 2)"
C:\Users\singh\Desktop\a2 i&v\edited code files\data\raw\BSL_Dataset\2_HAND_DATASET\T\2270.png,T,two_hand,"wrong_hand_count (detected 1, expected 2)"
C:\Users\singh\Desktop\a2 i&v\edited code files\data\raw\BSL_Dataset\2_HAND_DATASET\T\2280.png,T,two_hand,"wrong_hand_count (detected 1, expected 2)"
C:\Users\singh\Desktop\a2 i&v\edited code files\data\raw\BSL_Dataset\2_HAND_DATASET\T\2295.png,T,two_hand,"wrong_hand_count (detected 1, expected 2)"
C:\Users\singh\Desktop\a2 i&v\edited code files\data\raw\BSL_Dataset\2_HAND_DATASET\T\2300.png,T,two_hand,"wrong_hand_count (detected 1, expected 2)"
C:\Users\singh\Desktop\a2 i&v\edited code files\data\raw\BSL_Dataset\2_HAND_DATASET\T\2320.png,T,two_hand,"wrong_hand_count (detected 1, expected 2)"
C:\Users\singh\Desktop\a2 i&v\edited code files\data\raw\BSL_Dataset\2_HAND_DATASET\T\2325.png,T,two_hand,"wrong_hand_count (detected 1, expected 2)"
C:\Users\singh\Desktop\a2 i&v\edited code files\data\raw\BSL_Dataset\2_HAND_DATASET\T\2330.png,T,two_hand,"wrong_hand_count (detected 1, expected 2)"
C:\Users\singh\Desktop\a2 i&v\edited code files\data\raw\BSL_Dataset\2_HAND_DATASET\T\2335.png,T,two_hand,"wrong_hand_count (detected 1, expected 2)"
C:\Users\singh\Desktop\a2 i&v\edited code files\data\raw\BSL_Dataset\2_HAND_DATASET\T\2340.png,T,two_hand,"wrong_hand_count (detected 1, expected 2)"
C:\Users\singh\Desktop\a2 i&v\edited code files\data\raw\BSL_Dataset\2_HAND_DATASET\T\2345.png,T,two_hand,"wrong_hand_count (detected 1, expected 2)"
C:\Users\singh\Desktop\a2 i&v\edited code files\data\raw\BSL_Dataset\2_HAND_DATASET\T\2350.png,T,two_hand,"wrong_hand_count (detected 1, expected 2)"
C:\Users\singh\Desktop\a2 i&v\edited code files\data\raw\BSL_Dataset\2_HAND_DATASET\T\2375.png,T,two_hand,"wrong_hand_count (detected 1, expected 2)"
C:\Users\singh\Desktop\a2 i&v\edited code files\data\raw\BSL_Dataset\2_HAND_DATASET\T\2380.png,T,two_hand,"wrong_hand_count (detected 1, expected 2)"
C:\Users\singh\Desktop\a2 i&v\edited code files\data\raw\BSL_Dataset\2_HAND_DATASET\T\2390.png,T,two_hand,"wrong_hand_count (detected 1, expected 2)"
C:\Users\singh\Desktop\a2 i&v\edited code files\data\raw\BSL_Dataset\2_HAND_DATASET\T\2405.png,T,two_hand,"wrong_hand_count (detected 1, expected 2)"
C:\Users\singh\Desktop\a2 i&v\edited code files\data\raw\BSL_Dataset\2_HAND_DATASET\T\2420.png,T,two_hand,"wrong_hand_count (detected 1, expected 2)"
C:\Users\singh\Desktop\a2 i&v\edited code files\data\raw\BSL_Dataset\2_HAND_DATASET\T\2435.png,T,two_hand,"wrong_hand_count (detected 1, expected 2)"
C:\Users\singh\Desktop\a2 i&v\edited code files\data\raw\BSL_Dataset\2_HAND_DATASET\T\2440.png,T,two_hand,"wrong_hand_count (detected 1, expected 2)"
C:\Users\singh\Desktop\a2 i&v\edited code files\data\raw\BSL_Dataset\2_HAND_DATASET\T\2445.png,T,two_hand,"wrong_hand_count (detected 1, expected 2)"
C:\Users\singh\Desktop\a2 i&v\edited code files\data\raw\BSL_Dataset\2_HAND_DATASET\T\2450.png,T,two_hand,"wrong_hand_count (detected 1, expected 2)"
C:\Users\singh\Desktop\a2 i&v\edited code files\data\raw\BSL_Dataset\2_HAND_DATASET\T\2455.png,T,two_hand,"wrong_hand_count (detected 1, expected 2)"
C:\Users\singh\Desktop\a2 i&v\edited code files\data\raw\BSL_Dataset\2_HAND_DATASET\T\2460.png,T,two_hand,"wrong_hand_count (detected 1, expected 2)"
C:\Users\singh\Desktop\a2 i&v\edited code files\data\raw\BSL_Dataset\2_HAND_DATASET\T\2475.png,T,two_hand,"wrong_hand_count (detected 1, expected 2)"
C:\Users\singh\Desktop\a2 i&v\edited code files\data\raw\BSL_Dataset\2_HAND_DATASET\T\2480.png,T,two_hand,"wrong_hand_count (detected 1, expected 2)"
C:\Users\singh\Desktop\a2 i&v\edited code files\data\raw\BSL_Dataset\2_HAND_DATASET\T\2490.png,T,two_hand,"wrong_hand_count (detected 1, expected 2)"
C:\Users\singh\Desktop\a2 i&v\edited code files\data\raw\BSL_Dataset\2_HAND_DATASET\T\2495.png,T,two_hand,"wrong_hand_count (detected 1, expected 2)"
C:\Users\singh\Desktop\a2 i&v\edited code files\data\raw\BSL_Dataset\2_HAND_DATASET\T\25.png,T,two_hand,"wrong_hand_count (detected 1, expected 2)"
C:\Users\singh\Desktop\a2 i&v\edited code files\data\raw\BSL_Dataset\2_HAND_DATASET\T\2510.png,T,two_hand,"wrong_hand_count (detected 1, expected 2)"
C:\Users\singh\Desktop\a2 i&v\edited code files\data\raw\BSL_Dataset\2_HAND_DATASET\T\2520.png,T,two_hand,"wrong_hand_count (detected 1, expected 2)"
C:\Users\singh\Desktop\a2 i&v\edited code files\data\raw\BSL_Dataset\2_HAND_DATASET\T\2535.png,T,two_hand,"wrong_hand_count (detected 1, expected 2)"
C:\Users\singh\Desktop\a2 i&v\edited code files\data\raw\BSL_Dataset\2_HAND_DATASET\T\2555.png,T,two_hand,"wrong_hand_count (detected 1, expected 2)"
C:\Users\singh\Desktop\a2 i&v\edited code files\data\raw\BSL_Dataset\2_HAND_DATASET\T\2560.png,T,two_hand,"wrong_hand_count (detected 1, expected 2)"
C:\Users\singh\Desktop\a2 i&v\edited code files\data\raw\BSL_Dataset\2_HAND_DATASET\T\2565.png,T,two_hand,"wrong_hand_count (detected 1, expected 2)"
C:\Users\singh\Desktop\a2 i&v\edited code files\data\raw\BSL_Dataset\2_HAND_DATASET\T\2570.png,T,two_hand,"wrong_hand_count (detected 1, expected 2)"
C:\Users\singh\Desktop\a2 i&v\edited code files\data\raw\BSL_Dataset\2_HAND_DATASET\T\2575.png,T,two_hand,no_hands
C:\Users\singh\Desktop\a2 i&v\edited code files\data\raw\BSL_Dataset\2_HAND_DATASET\T\2580.png,T,two_hand,"wrong_hand_count (detected 1, expected 2)"
C:\Users\singh\Desktop\a2 i&v\edited code files\data\raw\BSL_Dataset\2_HAND_DATASET\T\2595.png,T,two_hand,"wrong_hand_count (detected 1, expected 2)"
C:\Users\singh\Desktop\a2 i&v\edited code files\data\raw\BSL_Dataset\2_HAND_DATASET\T\2600.png,T,two_hand,"wrong_hand_count (detected 1, expected 2)"
C:\Users\singh\Desktop\a2 i&v\edited code files\data\raw\BSL_Dataset\2_HAND_DATASET\T\2620.png,T,two_hand,"wrong_hand_count (detected 1, expected 2)"
C:\Users\singh\Desktop\a2 i&v\edited code files\data\raw\BSL_Dataset\2_HAND_DATASET\T\2625.png,T,two_hand,"wrong_hand_count (detected 1, expected 2)"
C:\Users\singh\Desktop\a2 i&v\edited code files\data\raw\BSL_Dataset\2_HAND_DATASET\T\2635.png,T,two_hand,"wrong_hand_count (detected 1, expected 2)"
C:\Users\singh\Desktop\a2 i&v\edited code files\data\raw\BSL_Dataset\2_HAND_DATASET\T\2640.png,T,two_hand,"wrong_hand_count (detected 1, expected 2)"
C:\Users\singh\Desktop\a2 i&v\edited code files\data\raw\BSL_Dataset\2_HAND_DATASET\T\2655.png,T,two_hand,"wrong_hand_count (detected 1, expected 2)"
C:\Users\singh\Desktop\a2 i&v\edited code files\data\raw\BSL_Dataset\2_HAND_DATASET\T\2670.png,T,two_hand,no_hands
C:\Users\singh\Desktop\a2 i&v\edited code files\data\raw\BSL_Dataset\2_HAND_DATASET\T\2675.png,T,two_hand,"wrong_hand_count (detected 1, expected 2)"
C:\Users\singh\Desktop\a2 i&v\edited code files\data\raw\BSL_Dataset\2_HAND_DATASET\T\2680.png,T,two_hand,"wrong_hand_count (detected 1, expected 2)"
C:\Users\singh\Desktop\a2 i&v\edited code files\data\raw\BSL_Dataset\2_HAND_DATASET\T\2685.png,T,two_hand,"wrong_hand_count (detected 1, expected 2)"
C:\Users\singh\Desktop\a2 i&v\edited code files\data\raw\BSL_Dataset\2_HAND_DATASET\T\2690.png,T,two_hand,"wrong_hand_count (detected 1, expected 2)"
C:\Users\singh\Desktop\a2 i&v\edited code files\data\raw\BSL_Dataset\2_HAND_DATASET\T\2695.png,T,two_hand,no_hands
C:\Users\singh\Desktop\a2 i&v\edited code files\data\raw\BSL_Dataset\2_HAND_DATASET\T\270.png,T,two_hand,"wrong_hand_count (detected 1, expected 2)"
C:\Users\singh\Desktop\a2 i&v\edited code files\data\raw\BSL_Dataset\2_HAND_DATASET\T\2715.png,T,two_hand,"wrong_hand_count (detected 1, expected 2)"
C:\Users\singh\Desktop\a2 i&v\edited code files\data\raw\BSL_Dataset\2_HAND_DATASET\T\2730.png,T,two_hand,"wrong_hand_count (detected 1, expected 2)"
C:\Users\singh\Desktop\a2 i&v\edited code files\data\raw\BSL_Dataset\2_HAND_DATASET\T\2745.png,T,two_hand,"wrong_hand_count (detected 1, expected 2)"
C:\Users\singh\Desktop\a2 i&v\edited code files\data\raw\BSL_Dataset\2_HAND_DATASET\T\275.png,T,two_hand,"wrong_hand_count (detected 1, expected 2)"
C:\Users\singh\Desktop\a2 i&v\edited code files\data\raw\BSL_Dataset\2_HAND_DATASET\T\2750.png,T,two_hand,"wrong_hand_count (detected 1, expected 2)"
C:\Users\singh\Desktop\a2 i&v\edited code files\data\raw\BSL_Dataset\2_HAND_DATASET\T\2755.png,T,two_hand,"wrong_hand_count (detected 1, expected 2)"
C:\Users\singh\Desktop\a2 i&v\edited code files\data\raw\BSL_Dataset\2_HAND_DATASET\T\2760.png,T,two_hand,"wrong_hand_count (detected 1, expected 2)"
C:\Users\singh\Desktop\a2 i&v\edited code files\data\raw\BSL_Dataset\2_HAND_DATASET\T\2770.png,T,two_hand,"wrong_hand_count (detected 1, expected 2)"
C:\Users\singh\Desktop\a2 i&v\edited code files\data\raw\BSL_Dataset\2_HAND_DATASET\T\2795.png,T,two_hand,"wrong_hand_count (detected 1, expected 2)"
C:\Users\singh\Desktop\a2 i&v\edited code files\data\raw\BSL_Dataset\2_HAND_DATASET\T\2820.png,T,two_hand,"wrong_hand_count (detected 1, expected 2)"
C:\Users\singh\Desktop\a2 i&v\edited code files\data\raw\BSL_Dataset\2_HAND_DATASET\T\2830.png,T,two_hand,"wrong_hand_count (detected 1, expected 2)"
C:\Users\singh\Desktop\a2 i&v\edited code files\data\raw\BSL_Dataset\2_HAND_DATASET\T\2835.png,T,two_hand,"wrong_hand_count (detected 1, expected 2)"
C:\Users\singh\Desktop\a2 i&v\edited code files\data\raw\BSL_Dataset\2_HAND_DATASET\T\2840.png,T,two_hand,"wrong_hand_count (detected 1, expected 2)"
C:\Users\singh\Desktop\a2 i&v\edited code files\data\raw\BSL_Dataset\2_HAND_DATASET\T\2845.png,T,two_hand,"wrong_hand_count (detected 1, expected 2)"
C:\Users\singh\Desktop\a2 i&v\edited code files\data\raw\BSL_Dataset\2_HAND_DATASET\T\2865.png,T,two_hand,"wrong_hand_count (detected 1, expected 2)"
C:\Users\singh\Desktop\a2 i&v\edited code files\data\raw\BSL_Dataset\2_HAND_DATASET\T\2870.png,T,two_hand,"wrong_hand_count (detected 1, expected 2)"
C:\Users\singh\Desktop\a2 i&v\edited code files\data\raw\BSL_Dataset\2_HAND_DATASET\T\2875.png,T,two_hand,"wrong_hand_count (detected 1, expected 2)"
C:\Users\singh\Desktop\a2 i&v\edited code files\data\raw\BSL_Dataset\2_HAND_DATASET\T\2880.png,T,two_hand,"wrong_hand_count (detected 1, expected 2)"
C:\Users\singh\Desktop\a2 i&v\edited code files\data\raw\BSL_Dataset\2_HAND_DATASET\T\2890.png,T,two_hand,"wrong_hand_count (detected 1, expected 2)"
C:\Users\singh\Desktop\a2 i&v\edited code files\data\raw\BSL_Dataset\2_HAND_DATASET\T\290.png,T,two_hand,"wrong_hand_count (detected 1, expected 2)"
C:\Users\singh\Desktop\a2 i&v\edited code files\data\raw\BSL_Dataset\2_HAND_DATASET\T\2905.png,T,two_hand,"wrong_hand_count (detected 1, expected 2)"
C:\Users\singh\Desktop\a2 i&v\edited code files\data\raw\BSL_Dataset\2_HAND_DATASET\T\2910.png,T,two_hand,"wrong_hand_count (detected 1, expected 2)"
C:\Users\singh\Desktop\a2 i&v\edited code files\data\raw\BSL_Dataset\2_HAND_DATASET\T\2915.png,T,two_hand,"wrong_hand_count (detected 1, expected 2)"
C:\Users\singh\Desktop\a2 i&v\edited code files\data\raw\BSL_Dataset\2_HAND_DATASET\T\2920.png,T,two_hand,"wrong_hand_count (detected 1, expected 2)"
C:\Users\singh\Desktop\a2 i&v\edited code files\data\raw\BSL_Dataset\2_HAND_DATASET\T\2925.png,T,two_hand,"wrong_hand_count (detected 1, expected 2)"
C:\Users\singh\Desktop\a2 i&v\edited code files\data\raw\BSL_Dataset\2_HAND_DATASET\T\2950.png,T,two_hand,"wrong_hand_count (detected 1, expected 2)"
C:\Users\singh\Desktop\a2 i&v\edited code files\data\raw\BSL_Dataset\2_HAND_DATASET\T\2955.png,T,two_hand,"wrong_hand_count (detected 1, expected 2)"
C:\Users\singh\Desktop\a2 i&v\edited code files\data\raw\BSL_Dataset\2_HAND_DATASET\T\2965.png,T,two_hand,"wrong_hand_count (detected 1, expected 2)"
C:\Users\singh\Desktop\a2 i&v\edited code files\data\raw\BSL_Dataset\2_HAND_DATASET\T\2970.png,T,two_hand,"wrong_hand_count (detected 1, expected 2)"
C:\Users\singh\Desktop\a2 i&v\edited code files\data\raw\BSL_Dataset\2_HAND_DATASET\T\2975.png,T,two_hand,"wrong_hand_count (detected 1, expected 2)"
C:\Users\singh\Desktop\a2 i&v\edited code files\data\raw\BSL_Dataset\2_HAND_DATASET\T\2980.png,T,two_hand,"wrong_hand_count (detected 1, expected 2)"
C:\Users\singh\Desktop\a2 i&v\edited code files\data\raw\BSL_Dataset\2_HAND_DATASET\T\2985.png,T,two_hand,"wrong_hand_count (detected 1, expected 2)"
C:\Users\singh\Desktop\a2 i&v\edited code files\data\raw\BSL_Dataset\2_HAND_DATASET\T\2990.png,T,two_hand,"wrong_hand_count (detected 1, expected 2)"
C:\Users\singh\Desktop\a2 i&v\edited code files\data\raw\BSL_Dataset\2_HAND_DATASET\T\3000.png,T,two_hand,"wrong_hand_count (detected 1, expected 2)"
C:\Users\singh\Desktop\a2 i&v\edited code files\data\raw\BSL_Dataset\2_HAND_DATASET\T\3015.png,T,two_hand,"wrong_hand_count (detected 1, expected 2)"
C:\Users\singh\Desktop\a2 i&v\edited code files\data\raw\BSL_Dataset\2_HAND_DATASET\T\3020.png,T,two_hand,"wrong_hand_count (detected 1, expected 2)"
C:\Users\singh\Desktop\a2 i&v\edited code files\data\raw\BSL_Dataset\2_HAND_DATASET\T\3025.png,T,two_hand,"wrong_hand_count (detected 1, expected 2)"
C:\Users\singh\Desktop\a2 i&v\edited code files\data\raw\BSL_Dataset\2_HAND_DATASET\T\3030.png,T,two_hand,"wrong_hand_count (detected 1, expected 2)"
C:\Users\singh\Desktop\a2 i&v\edited code files\data\raw\BSL_Dataset\2_HAND_DATASET\T\3035.png,T,two_hand,"wrong_hand_count (detected 1, expected 2)"
C:\Users\singh\Desktop\a2 i&v\edited code files\data\raw\BSL_Dataset\2_HAND_DATASET\T\305.png,T,two_hand,"wrong_hand_count (detected 1, expected 2)"
C:\Users\singh\Desktop\a2 i&v\edited code files\data\raw\BSL_Dataset\2_HAND_DATASET\T\3050.png,T,two_hand,"wrong_hand_count (detected 1, expected 2)"
C:\Users\singh\Desktop\a2 i&v\edited code files\data\raw\BSL_Dataset\2_HAND_DATASET\T\3055.png,T,two_hand,"wrong_hand_count (detected 1, expected 2)"
C:\Users\singh\Desktop\a2 i&v\edited code files\data\raw\BSL_Dataset\2_HAND_DATASET\T\3060.png,T,two_hand,"wrong_hand_count (detected 1, expected 2)"
C:\Users\singh\Desktop\a2 i&v\edited code files\data\raw\BSL_Dataset\2_HAND_DATASET\T\3070.png,T,two_hand,no_hands
C:\Users\singh\Desktop\a2 i&v\edited code files\data\raw\BSL_Dataset\2_HAND_DATASET\T\3080.png,T,two_hand,"wrong_hand_count (detected 1, expected 2)"
C:\Users\singh\Desktop\a2 i&v\edited code files\data\raw\BSL_Dataset\2_HAND_DATASET\T\3090.png,T,two_hand,"wrong_hand_count (detected 1, expected 2)"
C:\Users\singh\Desktop\a2 i&v\edited code files\data\raw\BSL_Dataset\2_HAND_DATASET\T\3095.png,T,two_hand,"wrong_hand_count (detected 1, expected 2)"
C:\Users\singh\Desktop\a2 i&v\edited code files\data\raw\BSL_Dataset\2_HAND_DATASET\T\310.png,T,two_hand,"wrong_hand_count (detected 1, expected 2)"
C:\Users\singh\Desktop\a2 i&v\edited code files\data\raw\BSL_Dataset\2_HAND_DATASET\T\3100.png,T,two_hand,"wrong_hand_count (detected 1, expected 2)"
C:\Users\singh\Desktop\a2 i&v\edited code files\data\raw\BSL_Dataset\2_HAND_DATASET\T\3115.png,T,two_hand,"wrong_hand_count (detected 1, expected 2)"
C:\Users\singh\Desktop\a2 i&v\edited code files\data\raw\BSL_Dataset\2_HAND_DATASET\T\3135.png,T,two_hand,"wrong_hand_count (detected 1, expected 2)"
C:\Users\singh\Desktop\a2 i&v\edited code files\data\raw\BSL_Dataset\2_HAND_DATASET\T\3140.png,T,two_hand,"wrong_hand_count (detected 1, expected 2)"
C:\Users\singh\Desktop\a2 i&v\edited code files\data\raw\BSL_Dataset\2_HAND_DATASET\T\3145.png,T,two_hand,"wrong_hand_count (detected 1, expected 2)"
C:\Users\singh\Desktop\a2 i&v\edited code files\data\raw\BSL_Dataset\2_HAND_DATASET\T\3150.png,T,two_hand,"wrong_hand_count (detected 1, expected 2)"
C:\Users\singh\Desktop\a2 i&v\edited code files\data\raw\BSL_Dataset\2_HAND_DATASET\T\3160.png,T,two_hand,"wrong_hand_count (detected 1, expected 2)"
C:\Users\singh\Desktop\a2 i&v\edited code files\data\raw\BSL_Dataset\2_HAND_DATASET\T\3170.png,T,two_hand,no_hands
C:\Users\singh\Desktop\a2 i&v\edited code files\data\raw\BSL_Dataset\2_HAND_DATASET\T\3180.png,T,two_hand,"wrong_hand_count (detected 1, expected 2)"
C:\Users\singh\Desktop\a2 i&v\edited code files\data\raw\BSL_Dataset\2_HAND_DATASET\T\3185.png,T,two_hand,"wrong_hand_count (detected 1, expected 2)"
C:\Users\singh\Desktop\a2 i&v\edited code files\data\raw\BSL_Dataset\2_HAND_DATASET\T\3200.png,T,two_hand,"wrong_hand_count (detected 1, expected 2)"
C:\Users\singh\Desktop\a2 i&v\edited code files\data\raw\BSL_Dataset\2_HAND_DATASET\T\3205.png,T,two_hand,"wrong_hand_count (detected 1, expected 2)"
C:\Users\singh\Desktop\a2 i&v\edited code files\data\raw\BSL_Dataset\2_HAND_DATASET\T\3215.png,T,two_hand,"wrong_hand_count (detected 1, expected 2)"
C:\Users\singh\Desktop\a2 i&v\edited code files\data\raw\BSL_Dataset\2_HAND_DATASET\T\3225.png,T,two_hand,"wrong_hand_count (detected 1, expected 2)"
C:\Users\singh\Desktop\a2 i&v\edited code files\data\raw\BSL_Dataset\2_HAND_DATASET\T\3240.png,T,two_hand,"wrong_hand_count (detected 1, expected 2)"
C:\Users\singh\Desktop\a2 i&v\edited code files\data\raw\BSL_Dataset\2_HAND_DATASET\T\3245.png,T,two_hand,"wrong_hand_count (detected 1, expected 2)"
C:\Users\singh\Desktop\a2 i&v\edited code files\data\raw\BSL_Dataset\2_HAND_DATASET\T\3250.png,T,two_hand,"wrong_hand_count (detected 1, expected 2)"
C:\Users\singh\Desktop\a2 i&v\edited code files\data\raw\BSL_Dataset\2_HAND_DATASET\T\3255.png,T,two_hand,"wrong_hand_count (detected 1, expected 2)"
C:\Users\singh\Desktop\a2 i&v\edited code files\data\raw\BSL_Dataset\2_HAND_DATASET\T\3260.png,T,two_hand,"wrong_hand_count (detected 1, expected 2)"
C:\Users\singh\Desktop\a2 i&v\edited code files\data\raw\BSL_Dataset\2_HAND_DATASET\T\3265.png,T,two_hand,"wrong_hand_count (detected 1, expected 2)"
C:\Users\singh\Desktop\a2 i&v\edited code files\data\raw\BSL_Dataset\2_HAND_DATASET\T\3285.png,T,two_hand,"wrong_hand_count (detected 1, expected 2)"
C:\Users\singh\Desktop\a2 i&v\edited code files\data\raw\BSL_Dataset\2_HAND_DATASET\T\3290.png,T,two_hand,"wrong_hand_count (detected 1, expected 2)"
C:\Users\singh\Desktop\a2 i&v\edited code files\data\raw\BSL_Dataset\2_HAND_DATASET\T\3300.png,T,two_hand,"wrong_hand_count (detected 1, expected 2)"
C:\Users\singh\Desktop\a2 i&v\edited code files\data\raw\BSL_Dataset\2_HAND_DATASET\T\3325.png,T,two_hand,"wrong_hand_count (detected 1, expected 2)"
C:\Users\singh\Desktop\a2 i&v\edited code files\data\raw\BSL_Dataset\2_HAND_DATASET\T\3345.png,T,two_hand,"wrong_hand_count (detected 1, expected 2)"
C:\Users\singh\Desktop\a2 i&v\edited code files\data\raw\BSL_Dataset\2_HAND_DATASET\T\3350.png,T,two_hand,"wrong_hand_count (detected 1, expected 2)"
C:\Users\singh\Desktop\a2 i&v\edited code files\data\raw\BSL_Dataset\2_HAND_DATASET\T\3355.png,T,two_hand,"wrong_hand_count (detected 1, expected 2)"
C:\Users\singh\Desktop\a2 i&v\edited code files\data\raw\BSL_Dataset\2_HAND_DATASET\T\3360.png,T,two_hand,"wrong_hand_count (detected 1, expected 2)"
C:\Users\singh\Desktop\a2 i&v\edited code files\data\raw\BSL_Dataset\2_HAND_DATASET\T\3365.png,T,two_hand,"wrong_hand_count (detected 1, expected 2)"
C:\Users\singh\Desktop\a2 i&v\edited code files\data\raw\BSL_Dataset\2_HAND_DATASET\T\3370.png,T,two_hand,"wrong_hand_count (detected 1, expected 2)"
C:\Users\singh\Desktop\a2 i&v\edited code files\data\raw\BSL_Dataset\2_HAND_DATASET\T\3375.png,T,two_hand,"wrong_hand_count (detected 1, expected 2)"
C:\Users\singh\Desktop\a2 i&v\edited code files\data\raw\BSL_Dataset\2_HAND_DATASET\T\3380.png,T,two_hand,"wrong_hand_count (detected 1, expected 2)"
C:\Users\singh\Desktop\a2 i&v\edited code files\data\raw\BSL_Dataset\2_HAND_DATASET\T\3395.png,T,two_hand,"wrong_hand_count (detected 1, expected 2)"
C:\Users\singh\Desktop\a2 i&v\edited code files\data\raw\BSL_Dataset\2_HAND_DATASET\T\3420.png,T,two_hand,"wrong_hand_count (detected 1, expected 2)"
C:\Users\singh\Desktop\a2 i&v\edited code files\data\raw\BSL_Dataset\2_HAND_DATASET\T\3445.png,T,two_hand,"wrong_hand_count (detected 1, expected 2)"
C:\Users\singh\Desktop\a2 i&v\edited code files\data\raw\BSL_Dataset\2_HAND_DATASET\T\3460.png,T,two_hand,"wrong_hand_count (detected 1, expected 2)"
C:\Users\singh\Desktop\a2 i&v\edited code files\data\raw\BSL_Dataset\2_HAND_DATASET\T\3480.png,T,two_hand,"wrong_hand_count (detected 1, expected 2)"
C:\Users\singh\Desktop\a2 i&v\edited code files\data\raw\BSL_Dataset\2_HAND_DATASET\T\3485.png,T,two_hand,"wrong_hand_count (detected 1, expected 2)"
C:\Users\singh\Desktop\a2 i&v\edited code files\data\raw\BSL_Dataset\2_HAND_DATASET\T\3510.png,T,two_hand,"wrong_hand_count (detected 1, expected 2)"
C:\Users\singh\Desktop\a2 i&v\edited code files\data\raw\BSL_Dataset\2_HAND_DATASET\T\3515.png,T,two_hand,"wrong_hand_count (detected 1, expected 2)"
C:\Users\singh\Desktop\a2 i&v\edited code files\data\raw\BSL_Dataset\2_HAND_DATASET\T\3535.png,T,two_hand,"wrong_hand_count (detected 1, expected 2)"
C:\Users\singh\Desktop\a2 i&v\edited code files\data\raw\BSL_Dataset\2_HAND_DATASET\T\3550.png,T,two_hand,"wrong_hand_count (detected 1, expected 2)"
C:\Users\singh\Desktop\a2 i&v\edited code files\data\raw\BSL_Dataset\2_HAND_DATASET\T\3555.png,T,two_hand,"wrong_hand_count (detected 1, expected 2)"
C:\Users\singh\Desktop\a2 i&v\edited code files\data\raw\BSL_Dataset\2_HAND_DATASET\T\3560.png,T,two_hand,"wrong_hand_count (detected 1, expected 2)"
C:\Users\singh\Desktop\a2 i&v\edited code files\data\raw\BSL_Dataset\2_HAND_DATASET\T\3565.png,T,two_hand,"wrong_hand_count (detected 1, expected 2)"
C:\Users\singh\Desktop\a2 i&v\edited code files\data\raw\BSL_Dataset\2_HAND_DATASET\T\3580.png,T,two_hand,"wrong_hand_count (detected 1, expected 2)"
C:\Users\singh\Desktop\a2 i&v\edited code files\data\raw\BSL_Dataset\2_HAND_DATASET\T\3585.png,T,two_hand,"wrong_hand_count (detected 1, expected 2)"
C:\Users\singh\Desktop\a2 i&v\edited code files\data\raw\BSL_Dataset\2_HAND_DATASET\T\3590.png,T,two_hand,"wrong_hand_count (detected 1, expected 2)"
C:\Users\singh\Desktop\a2 i&v\edited code files\data\raw\BSL_Dataset\2_HAND_DATASET\T\3595.png,T,two_hand,"wrong_hand_count (detected 1, expected 2)"
C:\Users\singh\Desktop\a2 i&v\edited code files\data\raw\BSL_Dataset\2_HAND_DATASET\T\3600.png,T,two_hand,"wrong_hand_count (detected 1, expected 2)"
C:\Users\singh\Desktop\a2 i&v\edited code files\data\raw\BSL_Dataset\2_HAND_DATASET\T\3605.png,T,two_hand,"wrong_hand_count (detected 1, expected 2)"
C:\Users\singh\Desktop\a2 i&v\edited code files\data\raw\BSL_Dataset\2_HAND_DATASET\T\3615.png,T,two_hand,"wrong_hand_count (detected 1, expected 2)"
C:\Users\singh\Desktop\a2 i&v\edited code files\data\raw\BSL_Dataset\2_HAND_DATASET\T\3630.png,T,two_hand,"wrong_hand_count (detected 1, expected 2)"
C:\Users\singh\Desktop\a2 i&v\edited code files\data\raw\BSL_Dataset\2_HAND_DATASET\T\3640.png,T,two_hand,"wrong_hand_count (detected 1, expected 2)"
C:\Users\singh\Desktop\a2 i&v\edited code files\data\raw\BSL_Dataset\2_HAND_DATASET\T\3645.png,T,two_hand,"wrong_hand_count (detected 1, expected 2)"
C:\Users\singh\Desktop\a2 i&v\edited code files\data\raw\BSL_Dataset\2_HAND_DATASET\T\3660.png,T,two_hand,"wrong_hand_count (detected 1, expected 2)"
C:\Users\singh\Desktop\a2 i&v\edited code files\data\raw\BSL_Dataset\2_HAND_DATASET\T\3665.png,T,two_hand,"wrong_hand_count (detected 1, expected 2)"
C:\Users\singh\Desktop\a2 i&v\edited code files\data\raw\BSL_Dataset\2_HAND_DATASET\T\3670.png,T,two_hand,"wrong_hand_count (detected 1, expected 2)"
C:\Users\singh\Desktop\a2 i&v\edited code files\data\raw\BSL_Dataset\2_HAND_DATASET\T\3675.png,T,two_hand,"wrong_hand_count (detected 1, expected 2)"
C:\Users\singh\Desktop\a2 i&v\edited code files\data\raw\BSL_Dataset\2_HAND_DATASET\T\3685.png,T,two_hand,"wrong_hand_count (detected 1, expected 2)"
C:\Users\singh\Desktop\a2 i&v\edited code files\data\raw\BSL_Dataset\2_HAND_DATASET\T\3695.png,T,two_hand,"wrong_hand_count (detected 1, expected 2)"
C:\Users\singh\Desktop\a2 i&v\edited code files\data\raw\BSL_Dataset\2_HAND_DATASET\T\3700.png,T,two_hand,"wrong_hand_count (detected 1, expected 2)"
C:\Users\singh\Desktop\a2 i&v\edited code files\data\raw\BSL_Dataset\2_HAND_DATASET\T\3705.png,T,two_hand,"wrong_hand_count (detected 1, expected 2)"
C:\Users\singh\Desktop\a2 i&v\edited code files\data\raw\BSL_Dataset\2_HAND_DATASET\T\3710.png,T,two_hand,"wrong_hand_count (detected 1, expected 2)"
C:\Users\singh\Desktop\a2 i&v\edited code files\data\raw\BSL_Dataset\2_HAND_DATASET\T\3715.png,T,two_hand,"wrong_hand_count (detected 1, expected 2)"
C:\Users\singh\Desktop\a2 i&v\edited code files\data\raw\BSL_Dataset\2_HAND_DATASET\T\3730.png,T,two_hand,"wrong_hand_count (detected 1, expected 2)"
C:\Users\singh\Desktop\a2 i&v\edited code files\data\raw\BSL_Dataset\2_HAND_DATASET\T\3735.png,T,two_hand,"wrong_hand_count (detected 1, expected 2)"
C:\Users\singh\Desktop\a2 i&v\edited code files\data\raw\BSL_Dataset\2_HAND_DATASET\T\3745.png,T,two_hand,"wrong_hand_count (detected 1, expected 2)"
C:\Users\singh\Desktop\a2 i&v\edited code files\data\raw\BSL_Dataset\2_HAND_DATASET\T\3760.png,T,two_hand,"wrong_hand_count (detected 1, expected 2)"
C:\Users\singh\Desktop\a2 i&v\edited code files\data\raw\BSL_Dataset\2_HAND_DATASET\T\3775.png,T,two_hand,"wrong_hand_count (detected 1, expected 2)"
C:\Users\singh\Desktop\a2 i&v\edited code files\data\raw\BSL_Dataset\2_HAND_DATASET\T\3780.png,T,two_hand,"wrong_hand_count (detected 1, expected 2)"
C:\Users\singh\Desktop\a2 i&v\edited code files\data\raw\BSL_Dataset\2_HAND_DATASET\T\3785.png,T,two_hand,"wrong_hand_count (detected 1, expected 2)"
C:\Users\singh\Desktop\a2 i&v\edited code files\data\raw\BSL_Dataset\2_HAND_DATASET\T\3790.png,T,two_hand,"wrong_hand_count (detected 1, expected 2)"
C:\Users\singh\Desktop\a2 i&v\edited code files\data\raw\BSL_Dataset\2_HAND_DATASET\T\3800.png,T,two_hand,"wrong_hand_count (detected 1, expected 2)"
C:\Users\singh\Desktop\a2 i&v\edited code files\data\raw\BSL_Dataset\2_HAND_DATASET\T\3805.png,T,two_hand,"wrong_hand_count (detected 1, expected 2)"
C:\Users\singh\Desktop\a2 i&v\edited code files\data\raw\BSL_Dataset\2_HAND_DATASET\T\3810.png,T,two_hand,"wrong_hand_count (detected 1, expected 2)"
C:\Users\singh\Desktop\a2 i&v\edited code files\data\raw\BSL_Dataset\2_HAND_DATASET\T\3815.png,T,two_hand,"wrong_hand_count (detected 1, expected 2)"
C:\Users\singh\Desktop\a2 i&v\edited code files\data\raw\BSL_Dataset\2_HAND_DATASET\T\3820.png,T,two_hand,"wrong_hand_count (detected 1, expected 2)"
C:\Users\singh\Desktop\a2 i&v\edited code files\data\raw\BSL_Dataset\2_HAND_DATASET\T\3840.png,T,two_hand,"wrong_hand_count (detected 1, expected 2)"
C:\Users\singh\Desktop\a2 i&v\edited code files\data\raw\BSL_Dataset\2_HAND_DATASET\T\3845.png,T,two_hand,"wrong_hand_count (detected 1, expected 2)"
C:\Users\singh\Desktop\a2 i&v\edited code files\data\raw\BSL_Dataset\2_HAND_DATASET\T\3850.png,T,two_hand,no_hands
C:\Users\singh\Desktop\a2 i&v\edited code files\data\raw\BSL_Dataset\2_HAND_DATASET\T\3860.png,T,two_hand,"wrong_hand_count (detected 1, expected 2)"
C:\Users\singh\Desktop\a2 i&v\edited code files\data\raw\BSL_Dataset\2_HAND_DATASET\T\3865.png,T,two_hand,"wrong_hand_count (detected 1, expected 2)"
C:\Users\singh\Desktop\a2 i&v\edited code files\data\raw\BSL_Dataset\2_HAND_DATASET\T\3870.png,T,two_hand,"wrong_hand_count (detected 1, expected 2)"
C:\Users\singh\Desktop\a2 i&v\edited code files\data\raw\BSL_Dataset\2_HAND_DATASET\T\3875.png,T,two_hand,"wrong_hand_count (detected 1, expected 2)"
C:\Users\singh\Desktop\a2 i&v\edited code files\data\raw\BSL_Dataset\2_HAND_DATASET\T\3880.png,T,two_hand,"wrong_hand_count (detected 1, expected 2)"
C:\Users\singh\Desktop\a2 i&v\edited code files\data\raw\BSL_Dataset\2_HAND_DATASET\T\3895.png,T,two_hand,"wrong_hand_count (detected 1, expected 2)"
C:\Users\singh\Desktop\a2 i&v\edited code files\data\raw\BSL_Dataset\2_HAND_DATASET\T\3900.png,T,two_hand,"wrong_hand_count (detected 1, expected 2)"
C:\Users\singh\Desktop\a2 i&v\edited code files\data\raw\BSL_Dataset\2_HAND_DATASET\T\3910.png,T,two_hand,"wrong_hand_count (detected 1, expected 2)"
C:\Users\singh\Desktop\a2 i&v\edited code files\data\raw\BSL_Dataset\2_HAND_DATASET\T\3920.png,T,two_hand,"wrong_hand_count (detected 1, expected 2)"
C:\Users\singh\Desktop\a2 i&v\edited code files\data\raw\BSL_Dataset\2_HAND_DATASET\T\3925.png,T,two_hand,"wrong_hand_count (detected 1, expected 2)"
C:\Users\singh\Desktop\a2 i&v\edited code files\data\raw\BSL_Dataset\2_HAND_DATASET\T\3930.png,T,two_hand,"wrong_hand_count (detected 1, expected 2)"
C:\Users\singh\Desktop\a2 i&v\edited code files\data\raw\BSL_Dataset\2_HAND_DATASET\T\3935.png,T,two_hand,"wrong_hand_count (detected 1, expected 2)"
C:\Users\singh\Desktop\a2 i&v\edited code files\data\raw\BSL_Dataset\2_HAND_DATASET\T\3945.png,T,two_hand,"wrong_hand_count (detected 1, expected 2)"
C:\Users\singh\Desktop\a2 i&v\edited code files\data\raw\BSL_Dataset\2_HAND_DATASET\T\3950.png,T,two_hand,"wrong_hand_count (detected 1, expected 2)"
C:\Users\singh\Desktop\a2 i&v\edited code files\data\raw\BSL_Dataset\2_HAND_DATASET\T\3955.png,T,two_hand,"wrong_hand_count (detected 1, expected 2)"
C:\Users\singh\Desktop\a2 i&v\edited code files\data\raw\BSL_Dataset\2_HAND_DATASET\T\3960.png,T,two_hand,"wrong_hand_count (detected 1, expected 2)"
C:\Users\singh\Desktop\a2 i&v\edited code files\data\raw\BSL_Dataset\2_HAND_DATASET\T\3965.png,T,two_hand,"wrong_hand_count (detected 1, expected 2)"
C:\Users\singh\Desktop\a2 i&v\edited code files\data\raw\BSL_Dataset\2_HAND_DATASET\T\3970.png,T,two_hand,"wrong_hand_count (detected 1, expected 2)"
C:\Users\singh\Desktop\a2 i&v\edited code files\data\raw\BSL_Dataset\2_HAND_DATASET\T\3975.png,T,two_hand,"wrong_hand_count (detected 1, expected 2)"
C:\Users\singh\Desktop\a2 i&v\edited code files\data\raw\BSL_Dataset\2_HAND_DATASET\T\3980.png,T,two_hand,"wrong_hand_count (detected 1, expected 2)"
C:\Users\singh\Desktop\a2 i&v\edited code files\data\raw\BSL_Dataset\2_HAND_DATASET\T\3985.png,T,two_hand,"wrong_hand_count (detected 1, expected 2)"
C:\Users\singh\Desktop\a2 i&v\edited code files\data\raw\BSL_Dataset\2_HAND_DATASET\T\3990.png,T,two_hand,"wrong_hand_count (detected 1, expected 2)"
C:\Users\singh\Desktop\a2 i&v\edited code files\data\raw\BSL_Dataset\2_HAND_DATASET\T\3995.png,T,two_hand,"wrong_hand_count (detected 1, expected 2)"
C:\Users\singh\Desktop\a2 i&v\edited code files\data\raw\BSL_Dataset\2_HAND_DATASET\T\400.png,T,two_hand,"wrong_hand_count (detected 1, expected 2)"
C:\Users\singh\Desktop\a2 i&v\edited code files\data\raw\BSL_Dataset\2_HAND_DATASET\T\4000.png,T,two_hand,no_hands
C:\Users\singh\Desktop\a2 i&v\edited code files\data\raw\BSL_Dataset\2_HAND_DATASET\T\4005.png,T,two_hand,"wrong_hand_count (detected 1, expected 2)"
C:\Users\singh\Desktop\a2 i&v\edited code files\data\raw\BSL_Dataset\2_HAND_DATASET\T\4010.png,T,two_hand,"wrong_hand_count (detected 1, expected 2)"
C:\Users\singh\Desktop\a2 i&v\edited code files\data\raw\BSL_Dataset\2_HAND_DATASET\T\4015.png,T,two_hand,"wrong_hand_count (detected 1, expected 2)"
C:\Users\singh\Desktop\a2 i&v\edited code files\data\raw\BSL_Dataset\2_HAND_DATASET\T\4020.png,T,two_hand,"wrong_hand_count (detected 1, expected 2)"
C:\Users\singh\Desktop\a2 i&v\edited code files\data\raw\BSL_Dataset\2_HAND_DATASET\T\4025.png,T,two_hand,"wrong_hand_count (detected 1, expected 2)"
C:\Users\singh\Desktop\a2 i&v\edited code files\data\raw\BSL_Dataset\2_HAND_DATASET\T\4060.png,T,two_hand,"wrong_hand_count (detected 1, expected 2)"
C:\Users\singh\Desktop\a2 i&v\edited code files\data\raw\BSL_Dataset\2_HAND_DATASET\T\4115.png,T,two_hand,"wrong_hand_count (detected 1, expected 2)"
C:\Users\singh\Desktop\a2 i&v\edited code files\data\raw\BSL_Dataset\2_HAND_DATASET\T\4155.png,T,two_hand,"wrong_hand_count (detected 1, expected 2)"
C:\Users\singh\Desktop\a2 i&v\edited code files\data\raw\BSL_Dataset\2_HAND_DATASET\T\4195.png,T,two_hand,"wrong_hand_count (detected 1, expected 2)"
C:\Users\singh\Desktop\a2 i&v\edited code files\data\raw\BSL_Dataset\2_HAND_DATASET\T\4295.png,T,two_hand,"wrong_hand_count (detected 1, expected 2)"
C:\Users\singh\Desktop\a2 i&v\edited code files\data\raw\BSL_Dataset\2_HAND_DATASET\T\4355.png,T,two_hand,"wrong_hand_count (detected 1, expected 2)"
C:\Users\singh\Desktop\a2 i&v\edited code files\data\raw\BSL_Dataset\2_HAND_DATASET\T\4360.png,T,two_hand,"wrong_hand_count (detected 1, expected 2)"
C:\Users\singh\Desktop\a2 i&v\edited code files\data\raw\BSL_Dataset\2_HAND_DATASET\T\4365.png,T,two_hand,"wrong_hand_count (detected 1, expected 2)"
C:\Users\singh\Desktop\a2 i&v\edited code files\data\raw\BSL_Dataset\2_HAND_DATASET\T\4370.png,T,two_hand,"wrong_hand_count (detected 1, expected 2)"
C:\Users\singh\Desktop\a2 i&v\edited code files\data\raw\BSL_Dataset\2_HAND_DATASET\T\4375.png,T,two_hand,"wrong_hand_count (detected 1, expected 2)"
C:\Users\singh\Desktop\a2 i&v\edited code files\data\raw\BSL_Dataset\2_HAND_DATASET\T\4380.png,T,two_hand,"wrong_hand_count (detected 1, expected 2)"
C:\Users\singh\Desktop\a2 i&v\edited code files\data\raw\BSL_Dataset\2_HAND_DATASET\T\4400.png,T,two_hand,"wrong_hand_count (detected 1, expected 2)"
C:\Users\singh\Desktop\a2 i&v\edited code files\data\raw\BSL_Dataset\2_HAND_DATASET\T\4410.png,T,two_hand,no_hands
C:\Users\singh\Desktop\a2 i&v\edited code files\data\raw\BSL_Dataset\2_HAND_DATASET\T\4425.png,T,two_hand,"wrong_hand_count (detected 1, expected 2)"
C:\Users\singh\Desktop\a2 i&v\edited code files\data\raw\BSL_Dataset\2_HAND_DATASET\T\4430.png,T,two_hand,"wrong_hand_count (detected 1, expected 2)"
C:\Users\singh\Desktop\a2 i&v\edited code files\data\raw\BSL_Dataset\2_HAND_DATASET\T\4515.png,T,two_hand,"wrong_hand_count (detected 1, expected 2)"
C:\Users\singh\Desktop\a2 i&v\edited code files\data\raw\BSL_Dataset\2_HAND_DATASET\T\4525.png,T,two_hand,"wrong_hand_count (detected 1, expected 2)"
C:\Users\singh\Desktop\a2 i&v\edited code files\data\raw\BSL_Dataset\2_HAND_DATASET\T\4530.png,T,two_hand,"wrong_hand_count (detected 1, expected 2)"
C:\Users\singh\Desktop\a2 i&v\edited code files\data\raw\BSL_Dataset\2_HAND_DATASET\T\4565.png,T,two_hand,"wrong_hand_count (detected 1, expected 2)"
C:\Users\singh\Desktop\a2 i&v\edited code files\data\raw\BSL_Dataset\2_HAND_DATASET\T\4595.png,T,two_hand,"wrong_hand_count (detected 1, expected 2)"
C:\Users\singh\Desktop\a2 i&v\edited code files\data\raw\BSL_Dataset\2_HAND_DATASET\T\4600.png,T,two_hand,"wrong_hand_count (detected 1, expected 2)"
C:\Users\singh\Desktop\a2 i&v\edited code files\data\raw\BSL_Dataset\2_HAND_DATASET\T\4605.png,T,two_hand,"wrong_hand_count (detected 1, expected 2)"
C:\Users\singh\Desktop\a2 i&v\edited code files\data\raw\BSL_Dataset\2_HAND_DATASET\T\4610.png,T,two_hand,"wrong_hand_count (detected 1, expected 2)"
C:\Users\singh\Desktop\a2 i&v\edited code files\data\raw\BSL_Dataset\2_HAND_DATASET\T\4615.png,T,two_hand,"wrong_hand_count (detected 1, expected 2)"
C:\Users\singh\Desktop\a2 i&v\edited code files\data\raw\BSL_Dataset\2_HAND_DATASET\T\4620.png,T,two_hand,"wrong_hand_count (detected 1, expected 2)"
C:\Users\singh\Desktop\a2 i&v\edited code files\data\raw\BSL_Dataset\2_HAND_DATASET\T\4670.png,T,two_hand,"wrong_hand_count (detected 1, expected 2)"
C:\Users\singh\Desktop\a2 i&v\edited code files\data\raw\BSL_Dataset\2_HAND_DATASET\T\4675.png,T,two_hand,"wrong_hand_count (detected 1, expected 2)"
C:\Users\singh\Desktop\a2 i&v\edited code files\data\raw\BSL_Dataset\2_HAND_DATASET\T\4680.png,T,two_hand,"wrong_hand_count (detected 1, expected 2)"
C:\Users\singh\Desktop\a2 i&v\edited code files\data\raw\BSL_Dataset\2_HAND_DATASET\T\4685.png,T,two_hand,"wrong_hand_count (detected 1, expected 2)"
C:\Users\singh\Desktop\a2 i&v\edited code files\data\raw\BSL_Dataset\2_HAND_DATASET\T\4690.png,T,two_hand,"wrong_hand_count (detected 1, expected 2)"
C:\Users\singh\Desktop\a2 i&v\edited code files\data\raw\BSL_Dataset\2_HAND_DATASET\T\4695.png,T,two_hand,"wrong_hand_count (detected 1, expected 2)"
C:\Users\singh\Desktop\a2 i&v\edited code files\data\raw\BSL_Dataset\2_HAND_DATASET\T\4710.png,T,two_hand,"wrong_hand_count (detected 1, expected 2)"
C:\Users\singh\Desktop\a2 i&v\edited code files\data\raw\BSL_Dataset\2_HAND_DATASET\T\4725.png,T,two_hand,"wrong_hand_count (detected 1, expected 2)"
C:\Users\singh\Desktop\a2 i&v\edited code files\data\raw\BSL_Dataset\2_HAND_DATASET\T\4745.png,T,two_hand,"wrong_hand_count (detected 1, expected 2)"
C:\Users\singh\Desktop\a2 i&v\edited code files\data\raw\BSL_Dataset\2_HAND_DATASET\T\475.png,T,two_hand,"wrong_hand_count (detected 1, expected 2)"
C:\Users\singh\Desktop\a2 i&v\edited code files\data\raw\BSL_Dataset\2_HAND_DATASET\T\4750.png,T,two_hand,"wrong_hand_count (detected 1, expected 2)"
C:\Users\singh\Desktop\a2 i&v\edited code files\data\raw\BSL_Dataset\2_HAND_DATASET\T\4755.png,T,two_hand,"wrong_hand_count (detected 1, expected 2)"
C:\Users\singh\Desktop\a2 i&v\edited code files\data\raw\BSL_Dataset\2_HAND_DATASET\T\4760.png,T,two_hand,"wrong_hand_count (detected 1, expected 2)"
C:\Users\singh\Desktop\a2 i&v\edited code files\data\raw\BSL_Dataset\2_HAND_DATASET\T\4765.png,T,two_hand,"wrong_hand_count (detected 1, expected 2)"
C:\Users\singh\Desktop\a2 i&v\edited code files\data\raw\BSL_Dataset\2_HAND_DATASET\T\4815.png,T,two_hand,"wrong_hand_count (detected 1, expected 2)"
C:\Users\singh\Desktop\a2 i&v\edited code files\data\raw\BSL_Dataset\2_HAND_DATASET\T\4820.png,T,two_hand,"wrong_hand_count (detected 1, expected 2)"
C:\Users\singh\Desktop\a2 i&v\edited code files\data\raw\BSL_Dataset\2_HAND_DATASET\T\4825.png,T,two_hand,"wrong_hand_count (detected 1, expected 2)"
C:\Users\singh\Desktop\a2 i&v\edited code files\data\raw\BSL_Dataset\2_HAND_DATASET\T\4830.png,T,two_hand,"wrong_hand_count (detected 1, expected 2)"
C:\Users\singh\Desktop\a2 i&v\edited code files\data\raw\BSL_Dataset\2_HAND_DATASET\T\4835.png,T,two_hand,"wrong_hand_count (detected 1, expected 2)"
C:\Users\singh\Desktop\a2 i&v\edited code files\data\raw\BSL_Dataset\2_HAND_DATASET\T\4840.png,T,two_hand,"wrong_hand_count (detected 1, expected 2)"
C:\Users\singh\Desktop\a2 i&v\edited code files\data\raw\BSL_Dataset\2_HAND_DATASET\T\4865.png,T,two_hand,"wrong_hand_count (detected 1, expected 2)"
C:\Users\singh\Desktop\a2 i&v\edited code files\data\raw\BSL_Dataset\2_HAND_DATASET\T\4890.png,T,two_hand,"wrong_hand_count (detected 1, expected 2)"
C:\Users\singh\Desktop\a2 i&v\edited code files\data\raw\BSL_Dataset\2_HAND_DATASET\T\4895.png,T,two_hand,"wrong_hand_count (detected 1, expected 2)"
C:\Users\singh\Desktop\a2 i&v\edited code files\data\raw\BSL_Dataset\2_HAND_DATASET\T\4900.png,T,two_hand,"wrong_hand_count (detected 1, expected 2)"
C:\Users\singh\Desktop\a2 i&v\edited code files\data\raw\BSL_Dataset\2_HAND_DATASET\T\4905.png,T,two_hand,no_hands
C:\Users\singh\Desktop\a2 i&v\edited code files\data\raw\BSL_Dataset\2_HAND_DATASET\T\4910.png,T,two_hand,"wrong_hand_count (detected 1, expected 2)"
C:\Users\singh\Desktop\a2 i&v\edited code files\data\raw\BSL_Dataset\2_HAND_DATASET\T\4915.png,T,two_hand,"wrong_hand_count (detected 1, expected 2)"
C:\Users\singh\Desktop\a2 i&v\edited code files\data\raw\BSL_Dataset\2_HAND_DATASET\T\4960.png,T,two_hand,"wrong_hand_count (detected 1, expected 2)"
C:\Users\singh\Desktop\a2 i&v\edited code files\data\raw\BSL_Dataset\2_HAND_DATASET\T\4965.png,T,two_hand,"wrong_hand_count (detected 1, expected 2)"
C:\Users\singh\Desktop\a2 i&v\edited code files\data\raw\BSL_Dataset\2_HAND_DATASET\T\4975.png,T,two_hand,"wrong_hand_count (detected 1, expected 2)"
C:\Users\singh\Desktop\a2 i&v\edited code files\data\raw\BSL_Dataset\2_HAND_DATASET\T\4980.png,T,two_hand,"wrong_hand_count (detected 1, expected 2)"
C:\Users\singh\Desktop\a2 i&v\edited code files\data\raw\BSL_Dataset\2_HAND_DATASET\T\5.png,T,two_hand,"wrong_hand_count (detected 1, expected 2)"
C:\Users\singh\Desktop\a2 i&v\edited code files\data\raw\BSL_Dataset\2_HAND_DATASET\T\5000.png,T,two_hand,"wrong_hand_count (detected 1, expected 2)"
C:\Users\singh\Desktop\a2 i&v\edited code files\data\raw\BSL_Dataset\2_HAND_DATASET\T\530.png,T,two_hand,"wrong_hand_count (detected 1, expected 2)"
C:\Users\singh\Desktop\a2 i&v\edited code files\data\raw\BSL_Dataset\2_HAND_DATASET\T\645.png,T,two_hand,"wrong_hand_count (detected 1, expected 2)"
C:\Users\singh\Desktop\a2 i&v\edited code files\data\raw\BSL_Dataset\2_HAND_DATASET\T\705.png,T,two_hand,"wrong_hand_count (detected 1, expected 2)"
C:\Users\singh\Desktop\a2 i&v\edited code files\data\raw\BSL_Dataset\2_HAND_DATASET\T\815.png,T,two_hand,"wrong_hand_count (detected 1, expected 2)"
C:\Users\singh\Desktop\a2 i&v\edited code files\data\raw\BSL_Dataset\2_HAND_DATASET\T\820.png,T,two_hand,"wrong_hand_count (detected 1, expected 2)"
C:\Users\singh\Desktop\a2 i&v\edited code files\data\raw\BSL_Dataset\2_HAND_DATASET\T\85.png,T,two_hand,"wrong_hand_count (detected 1, expected 2)"
C:\Users\singh\Desktop\a2 i&v\edited code files\data\raw\BSL_Dataset\2_HAND_DATASET\T\875.png,T,two_hand,"wrong_hand_count (detected 1, expected 2)"
C:\Users\singh\Desktop\a2 i&v\edited code files\data\raw\BSL_Dataset\2_HAND_DATASET\T\930.png,T,two_hand,"wrong_hand_count (detected 1, expected 2)"
C:\Users\singh\Desktop\a2 i&v\edited code files\data\raw\BSL_Dataset\2_HAND_DATASET\T\990.png,T,two_hand,"wrong_hand_count (detected 1, expected 2)"
C:\Users\singh\Desktop\a2 i&v\edited code files\data\raw\BSL_Dataset\2_HAND_DATASET\U\1045.png,U,two_hand,"wrong_hand_count (detected 1, expected 2)"
C:\Users\singh\Desktop\a2 i&v\edited code files\data\raw\BSL_Dataset\2_HAND_DATASET\U\1055.png,U,two_hand,"wrong_hand_count (detected 1, expected 2)"
C:\Users\singh\Desktop\a2 i&v\edited code files\data\raw\BSL_Dataset\2_HAND_DATASET\U\1070.png,U,two_hand,"wrong_hand_count (detected 1, expected 2)"
C:\Users\singh\Desktop\a2 i&v\edited code files\data\raw\BSL_Dataset\2_HAND_DATASET\U\1115.png,U,two_hand,"wrong_hand_count (detected 1, expected 2)"
C:\Users\singh\Desktop\a2 i&v\edited code files\data\raw\BSL_Dataset\2_HAND_DATASET\U\1130.png,U,two_hand,"wrong_hand_count (detected 1, expected 2)"
C:\Users\singh\Desktop\a2 i&v\edited code files\data\raw\BSL_Dataset\2_HAND_DATASET\U\1140.png,U,two_hand,"wrong_hand_count (detected 1, expected 2)"
C:\Users\singh\Desktop\a2 i&v\edited code files\data\raw\BSL_Dataset\2_HAND_DATASET\U\115.png,U,two_hand,"wrong_hand_count (detected 1, expected 2)"
C:\Users\singh\Desktop\a2 i&v\edited code files\data\raw\BSL_Dataset\2_HAND_DATASET\U\1150.png,U,two_hand,"wrong_hand_count (detected 1, expected 2)"
C:\Users\singh\Desktop\a2 i&v\edited code files\data\raw\BSL_Dataset\2_HAND_DATASET\U\1155.png,U,two_hand,"wrong_hand_count (detected 1, expected 2)"
C:\Users\singh\Desktop\a2 i&v\edited code files\data\raw\BSL_Dataset\2_HAND_DATASET\U\1180.png,U,two_hand,"wrong_hand_count (detected 1, expected 2)"
C:\Users\singh\Desktop\a2 i&v\edited code files\data\raw\BSL_Dataset\2_HAND_DATASET\U\120.png,U,two_hand,"wrong_hand_count (detected 1, expected 2)"
C:\Users\singh\Desktop\a2 i&v\edited code files\data\raw\BSL_Dataset\2_HAND_DATASET\U\1205.png,U,two_hand,"wrong_hand_count (detected 1, expected 2)"
C:\Users\singh\Desktop\a2 i&v\edited code files\data\raw\BSL_Dataset\2_HAND_DATASET\U\1210.png,U,two_hand,"wrong_hand_count (detected 1, expected 2)"
C:\Users\singh\Desktop\a2 i&v\edited code files\data\raw\BSL_Dataset\2_HAND_DATASET\U\1265.png,U,two_hand,"wrong_hand_count (detected 1, expected 2)"
C:\Users\singh\Desktop\a2 i&v\edited code files\data\raw\BSL_Dataset\2_HAND_DATASET\U\1270.png,U,two_hand,"wrong_hand_count (detected 1, expected 2)"
C:\Users\singh\Desktop\a2 i&v\edited code files\data\raw\BSL_Dataset\2_HAND_DATASET\U\1285.png,U,two_hand,"wrong_hand_count (detected 1, expected 2)"
C:\Users\singh\Desktop\a2 i&v\edited code files\data\raw\BSL_Dataset\2_HAND_DATASET\U\1320.png,U,two_hand,"wrong_hand_count (detected 1, expected 2)"
C:\Users\singh\Desktop\a2 i&v\edited code files\data\raw\BSL_Dataset\2_HAND_DATASET\U\1325.png,U,two_hand,"wrong_hand_count (detected 1, expected 2)"
C:\Users\singh\Desktop\a2 i&v\edited code files\data\raw\BSL_Dataset\2_HAND_DATASET\U\1350.png,U,two_hand,"wrong_hand_count (detected 1, expected 2)"
C:\Users\singh\Desktop\a2 i&v\edited code files\data\raw\BSL_Dataset\2_HAND_DATASET\U\1395.png,U,two_hand,"wrong_hand_count (detected 1, expected 2)"
C:\Users\singh\Desktop\a2 i&v\edited code files\data\raw\BSL_Dataset\2_HAND_DATASET\U\1415.png,U,two_hand,"wrong_hand_count (detected 1, expected 2)"
C:\Users\singh\Desktop\a2 i&v\edited code files\data\raw\BSL_Dataset\2_HAND_DATASET\U\145.png,U,two_hand,"wrong_hand_count (detected 1, expected 2)"
C:\Users\singh\Desktop\a2 i&v\edited code files\data\raw\BSL_Dataset\2_HAND_DATASET\U\1495.png,U,two_hand,"wrong_hand_count (detected 1, expected 2)"
C:\Users\singh\Desktop\a2 i&v\edited code files\data\raw\BSL_Dataset\2_HAND_DATASET\U\1500.png,U,two_hand,"wrong_hand_count (detected 1, expected 2)"
C:\Users\singh\Desktop\a2 i&v\edited code files\data\raw\BSL_Dataset\2_HAND_DATASET\U\1510.png,U,two_hand,"wrong_hand_count (detected 1, expected 2)"
C:\Users\singh\Desktop\a2 i&v\edited code files\data\raw\BSL_Dataset\2_HAND_DATASET\U\155.png,U,two_hand,"wrong_hand_count (detected 1, expected 2)"
C:\Users\singh\Desktop\a2 i&v\edited code files\data\raw\BSL_Dataset\2_HAND_DATASET\U\1620.png,U,two_hand,"wrong_hand_count (detected 1, expected 2)"
C:\Users\singh\Desktop\a2 i&v\edited code files\data\raw\BSL_Dataset\2_HAND_DATASET\U\1630.png,U,two_hand,"wrong_hand_count (detected 1, expected 2)"
C:\Users\singh\Desktop\a2 i&v\edited code files\data\raw\BSL_Dataset\2_HAND_DATASET\U\1635.png,U,two_hand,"wrong_hand_count (detected 1, expected 2)"
C:\Users\singh\Desktop\a2 i&v\edited code files\data\raw\BSL_Dataset\2_HAND_DATASET\U\1640.png,U,two_hand,"wrong_hand_count (detected 1, expected 2)"
C:\Users\singh\Desktop\a2 i&v\edited code files\data\raw\BSL_Dataset\2_HAND_DATASET\U\165.png,U,two_hand,"wrong_hand_count (detected 1, expected 2)"
C:\Users\singh\Desktop\a2 i&v\edited code files\data\raw\BSL_Dataset\2_HAND_DATASET\U\1725.png,U,two_hand,"wrong_hand_count (detected 1, expected 2)"
C:\Users\singh\Desktop\a2 i&v\edited code files\data\raw\BSL_Dataset\2_HAND_DATASET\U\1730.png,U,two_hand,"wrong_hand_count (detected 1, expected 2)"
C:\Users\singh\Desktop\a2 i&v\edited code files\data\raw\BSL_Dataset\2_HAND_DATASET\U\1735.png,U,two_hand,"wrong_hand_count (detected 1, expected 2)"
C:\Users\singh\Desktop\a2 i&v\edited code files\data\raw\BSL_Dataset\2_HAND_DATASET\U\175.png,U,two_hand,"wrong_hand_count (detected 1, expected 2)"
C:\Users\singh\Desktop\a2 i&v\edited code files\data\raw\BSL_Dataset\2_HAND_DATASET\U\1750.png,U,two_hand,"wrong_hand_count (detected 1, expected 2)"
C:\Users\singh\Desktop\a2 i&v\edited code files\data\raw\BSL_Dataset\2_HAND_DATASET\U\180.png,U,two_hand,"wrong_hand_count (detected 1, expected 2)"
C:\Users\singh\Desktop\a2 i&v\edited code files\data\raw\BSL_Dataset\2_HAND_DATASET\U\1865.png,U,two_hand,"wrong_hand_count (detected 1, expected 2)"
C:\Users\singh\Desktop\a2 i&v\edited code files\data\raw\BSL_Dataset\2_HAND_DATASET\U\1870.png,U,two_hand,"wrong_hand_count (detected 1, expected 2)"
C:\Users\singh\Desktop\a2 i&v\edited code files\data\raw\BSL_Dataset\2_HAND_DATASET\U\1960.png,U,two_hand,"wrong_hand_count (detected 1, expected 2)"
C:\Users\singh\Desktop\a2 i&v\edited code files\data\raw\BSL_Dataset\2_HAND_DATASET\U\200.png,U,two_hand,"wrong_hand_count (detected 1, expected 2)"
C:\Users\singh\Desktop\a2 i&v\edited code files\data\raw\BSL_Dataset\2_HAND_DATASET\U\2010.png,U,two_hand,"wrong_hand_count (detected 1, expected 2)"
C:\Users\singh\Desktop\a2 i&v\edited code files\data\raw\BSL_Dataset\2_HAND_DATASET\U\2015.png,U,two_hand,"wrong_hand_count (detected 1, expected 2)"
C:\Users\singh\Desktop\a2 i&v\edited code files\data\raw\BSL_Dataset\2_HAND_DATASET\U\2020.png,U,two_hand,"wrong_hand_count (detected 1, expected 2)"
C:\Users\singh\Desktop\a2 i&v\edited code files\data\raw\BSL_Dataset\2_HAND_DATASET\U\205.png,U,two_hand,"wrong_hand_count (detected 1, expected 2)"
C:\Users\singh\Desktop\a2 i&v\edited code files\data\raw\BSL_Dataset\2_HAND_DATASET\U\2050.png,U,two_hand,"wrong_hand_count (detected 1, expected 2)"
C:\Users\singh\Desktop\a2 i&v\edited code files\data\raw\BSL_Dataset\2_HAND_DATASET\U\2055.png,U,two_hand,"wrong_hand_count (detected 1, expected 2)"
C:\Users\singh\Desktop\a2 i&v\edited code files\data\raw\BSL_Dataset\2_HAND_DATASET\U\2065.png,U,two_hand,"wrong_hand_count (detected 1, expected 2)"
C:\Users\singh\Desktop\a2 i&v\edited code files\data\raw\BSL_Dataset\2_HAND_DATASET\U\2080.png,U,two_hand,"wrong_hand_count (detected 1, expected 2)"
C:\Users\singh\Desktop\a2 i&v\edited code files\data\raw\BSL_Dataset\2_HAND_DATASET\U\2085.png,U,two_hand,"wrong_hand_count (detected 1, expected 2)"
C:\Users\singh\Desktop\a2 i&v\edited code files\data\raw\BSL_Dataset\2_HAND_DATASET\U\2090.png,U,two_hand,"wrong_hand_count (detected 1, expected 2)"
C:\Users\singh\Desktop\a2 i&v\edited code files\data\raw\BSL_Dataset\2_HAND_DATASET\U\2095.png,U,two_hand,"wrong_hand_count (detected 1, expected 2)"
C:\Users\singh\Desktop\a2 i&v\edited code files\data\raw\BSL_Dataset\2_HAND_DATASET\U\2100.png,U,two_hand,no_hands
C:\Users\singh\Desktop\a2 i&v\edited code files\data\raw\BSL_Dataset\2_HAND_DATASET\U\2105.png,U,two_hand,"wrong_hand_count (detected 1, expected 2)"
C:\Users\singh\Desktop\a2 i&v\edited code files\data\raw\BSL_Dataset\2_HAND_DATASET\U\2110.png,U,two_hand,no_hands
C:\Users\singh\Desktop\a2 i&v\edited code files\data\raw\BSL_Dataset\2_HAND_DATASET\U\2140.png,U,two_hand,"wrong_hand_count (detected 1, expected 2)"
C:\Users\singh\Desktop\a2 i&v\edited code files\data\raw\BSL_Dataset\2_HAND_DATASET\U\2160.png,U,two_hand,"wrong_hand_count (detected 1, expected 2)"
C:\Users\singh\Desktop\a2 i&v\edited code files\data\raw\BSL_Dataset\2_HAND_DATASET\U\2175.png,U,two_hand,"wrong_hand_count (detected 1, expected 2)"
C:\Users\singh\Desktop\a2 i&v\edited code files\data\raw\BSL_Dataset\2_HAND_DATASET\U\2205.png,U,two_hand,"wrong_hand_count (detected 1, expected 2)"
C:\Users\singh\Desktop\a2 i&v\edited code files\data\raw\BSL_Dataset\2_HAND_DATASET\U\2210.png,U,two_hand,"wrong_hand_count (detected 1, expected 2)"
C:\Users\singh\Desktop\a2 i&v\edited code files\data\raw\BSL_Dataset\2_HAND_DATASET\U\2215.png,U,two_hand,"wrong_hand_count (detected 1, expected 2)"
C:\Users\singh\Desktop\a2 i&v\edited code files\data\raw\BSL_Dataset\2_HAND_DATASET\U\2220.png,U,two_hand,"wrong_hand_count (detected 1, expected 2)"
C:\Users\singh\Desktop\a2 i&v\edited code files\data\raw\BSL_Dataset\2_HAND_DATASET\U\2225.png,U,two_hand,"wrong_hand_count (detected 1, expected 2)"
C:\Users\singh\Desktop\a2 i&v\edited code files\data\raw\BSL_Dataset\2_HAND_DATASET\U\2230.png,U,two_hand,"wrong_hand_count (detected 1, expected 2)"
C:\Users\singh\Desktop\a2 i&v\edited code files\data\raw\BSL_Dataset\2_HAND_DATASET\U\2275.png,U,two_hand,"wrong_hand_count (detected 1, expected 2)"
C:\Users\singh\Desktop\a2 i&v\edited code files\data\raw\BSL_Dataset\2_HAND_DATASET\U\2280.png,U,two_hand,"wrong_hand_count (detected 1, expected 2)"
C:\Users\singh\Desktop\a2 i&v\edited code files\data\raw\BSL_Dataset\2_HAND_DATASET\U\2290.png,U,two_hand,"wrong_hand_count (detected 1, expected 2)"
C:\Users\singh\Desktop\a2 i&v\edited code files\data\raw\BSL_Dataset\2_HAND_DATASET\U\230.png,U,two_hand,"wrong_hand_count (detected 1, expected 2)"
C:\Users\singh\Desktop\a2 i&v\edited code files\data\raw\BSL_Dataset\2_HAND_DATASET\U\2300.png,U,two_hand,no_hands
C:\Users\singh\Desktop\a2 i&v\edited code files\data\raw\BSL_Dataset\2_HAND_DATASET\U\2315.png,U,two_hand,"wrong_hand_count (detected 1, expected 2)"
C:\Users\singh\Desktop\a2 i&v\edited code files\data\raw\BSL_Dataset\2_HAND_DATASET\U\2320.png,U,two_hand,"wrong_hand_count (detected 1, expected 2)"
C:\Users\singh\Desktop\a2 i&v\edited code files\data\raw\BSL_Dataset\2_HAND_DATASET\U\2325.png,U,two_hand,"wrong_hand_count (detected 1, expected 2)"
C:\Users\singh\Desktop\a2 i&v\edited code files\data\raw\BSL_Dataset\2_HAND_DATASET\U\2330.png,U,two_hand,no_hands
C:\Users\singh\Desktop\a2 i&v\edited code files\data\raw\BSL_Dataset\2_HAND_DATASET\U\2335.png,U,two_hand,"wrong_hand_count (detected 1, expected 2)"
C:\Users\singh\Desktop\a2 i&v\edited code files\data\raw\BSL_Dataset\2_HAND_DATASET\U\2345.png,U,two_hand,"wrong_hand_count (detected 1, expected 2)"
C:\Users\singh\Desktop\a2 i&v\edited code files\data\raw\BSL_Dataset\2_HAND_DATASET\U\235.png,U,two_hand,"wrong_hand_count (detected 1, expected 2)"
C:\Users\singh\Desktop\a2 i&v\edited code files\data\raw\BSL_Dataset\2_HAND_DATASET\U\2355.png,U,two_hand,"wrong_hand_count (detected 1, expected 2)"
C:\Users\singh\Desktop\a2 i&v\edited code files\data\raw\BSL_Dataset\2_HAND_DATASET\U\2360.png,U,two_hand,"wrong_hand_count (detected 1, expected 2)"
C:\Users\singh\Desktop\a2 i&v\edited code files\data\raw\BSL_Dataset\2_HAND_DATASET\U\2370.png,U,two_hand,"wrong_hand_count (detected 1, expected 2)"
C:\Users\singh\Desktop\a2 i&v\edited code files\data\raw\BSL_Dataset\2_HAND_DATASET\U\2380.png,U,two_hand,"wrong_hand_count (detected 1, expected 2)"
C:\Users\singh\Desktop\a2 i&v\edited code files\data\raw\BSL_Dataset\2_HAND_DATASET\U\2390.png,U,two_hand,"wrong_hand_count (detected 1, expected 2)"
C:\Users\singh\Desktop\a2 i&v\edited code files\data\raw\BSL_Dataset\2_HAND_DATASET\U\2410.png,U,two_hand,"wrong_hand_count (detected 1, expected 2)"
C:\Users\singh\Desktop\a2 i&v\edited code files\data\raw\BSL_Dataset\2_HAND_DATASET\U\2420.png,U,two_hand,"wrong_hand_count (detected 1, expected 2)"
C:\Users\singh\Desktop\a2 i&v\edited code files\data\raw\BSL_Dataset\2_HAND_DATASET\U\2425.png,U,two_hand,"wrong_hand_count (detected 1, expected 2)"
C:\Users\singh\Desktop\a2 i&v\edited code files\data\raw\BSL_Dataset\2_HAND_DATASET\U\2430.png,U,two_hand,"wrong_hand_count (detected 1, expected 2)"
C:\Users\singh\Desktop\a2 i&v\edited code files\data\raw\BSL_Dataset\2_HAND_DATASET\U\2435.png,U,two_hand,no_hands
C:\Users\singh\Desktop\a2 i&v\edited code files\data\raw\BSL_Dataset\2_HAND_DATASET\U\2445.png,U,two_hand,"wrong_hand_count (detected 1, expected 2)"
C:\Users\singh\Desktop\a2 i&v\edited code files\data\raw\BSL_Dataset\2_HAND_DATASET\U\2450.png,U,two_hand,no_hands
C:\Users\singh\Desktop\a2 i&v\edited code files\data\raw\BSL_Dataset\2_HAND_DATASET\U\2455.png,U,two_hand,"wrong_hand_count (detected 1, expected 2)"
C:\Users\singh\Desktop\a2 i&v\edited code files\data\raw\BSL_Dataset\2_HAND_DATASET\U\2485.png,U,two_hand,"wrong_hand_count (detected 1, expected 2)"
C:\Users\singh\Desktop\a2 i&v\edited code files\data\raw\BSL_Dataset\2_HAND_DATASET\U\25.png,U,two_hand,"wrong_hand_count (detected 1, expected 2)"
C:\Users\singh\Desktop\a2 i&v\edited code files\data\raw\BSL_Dataset\2_HAND_DATASET\U\250.png,U,two_hand,"wrong_hand_count (detected 1, expected 2)"
C:\Users\singh\Desktop\a2 i&v\edited code files\data\raw\BSL_Dataset\2_HAND_DATASET\U\2505.png,U,two_hand,"wrong_hand_count (detected 1, expected 2)"
C:\Users\singh\Desktop\a2 i&v\edited code files\data\raw\BSL_Dataset\2_HAND_DATASET\U\2525.png,U,two_hand,"wrong_hand_count (detected 1, expected 2)"
C:\Users\singh\Desktop\a2 i&v\edited code files\data\raw\BSL_Dataset\2_HAND_DATASET\U\2530.png,U,two_hand,"wrong_hand_count (detected 1, expected 2)"
C:\Users\singh\Desktop\a2 i&v\edited code files\data\raw\BSL_Dataset\2_HAND_DATASET\U\2535.png,U,two_hand,no_hands
C:\Users\singh\Desktop\a2 i&v\edited code files\data\raw\BSL_Dataset\2_HAND_DATASET\U\2540.png,U,two_hand,"wrong_hand_count (detected 1, expected 2)"
C:\Users\singh\Desktop\a2 i&v\edited code files\data\raw\BSL_Dataset\2_HAND_DATASET\U\2545.png,U,two_hand,no_hands
C:\Users\singh\Desktop\a2 i&v\edited code files\data\raw\BSL_Dataset\2_HAND_DATASET\U\255.png,U,two_hand,no_hands
C:\Users\singh\Desktop\a2 i&v\edited code files\data\raw\BSL_Dataset\2_HAND_DATASET\U\2550.png,U,two_hand,"wrong_hand_count (detected 1, expected 2)"
C:\Users\singh\Desktop\a2 i&v\edited code files\data\raw\BSL_Dataset\2_HAND_DATASET\U\2555.png,U,two_hand,"wrong_hand_count (detected 1, expected 2)"
C:\Users\singh\Desktop\a2 i&v\edited code files\data\raw\BSL_Dataset\2_HAND_DATASET\U\2560.png,U,two_hand,"wrong_hand_count (detected 1, expected 2)"
C:\Users\singh\Desktop\a2 i&v\edited code files\data\raw\BSL_Dataset\2_HAND_DATASET\U\2570.png,U,two_hand,"wrong_hand_count (detected 1, expected 2)"
C:\Users\singh\Desktop\a2 i&v\edited code files\data\raw\BSL_Dataset\2_HAND_DATASET\U\2590.png,U,two_hand,"wrong_hand_count (detected 1, expected 2)"
C:\Users\singh\Desktop\a2 i&v\edited code files\data\raw\BSL_Dataset\2_HAND_DATASET\U\2595.png,U,two_hand,"wrong_hand_count (detected 1, expected 2)"
C:\Users\singh\Desktop\a2 i&v\edited code files\data\raw\BSL_Dataset\2_HAND_DATASET\U\2650.png,U,two_hand,"wrong_hand_count (detected 1, expected 2)"
C:\Users\singh\Desktop\a2 i&v\edited code files\data\raw\BSL_Dataset\2_HAND_DATASET\U\2655.png,U,two_hand,"wrong_hand_count (detected 1, expected 2)"
C:\Users\singh\Desktop\a2 i&v\edited code files\data\raw\BSL_Dataset\2_HAND_DATASET\U\2660.png,U,two_hand,"wrong_hand_count (detected 1, expected 2)"
C:\Users\singh\Desktop\a2 i&v\edited code files\data\raw\BSL_Dataset\2_HAND_DATASET\U\2665.png,U,two_hand,"wrong_hand_count (detected 1, expected 2)"
C:\Users\singh\Desktop\a2 i&v\edited code files\data\raw\BSL_Dataset\2_HAND_DATASET\U\2680.png,U,two_hand,"wrong_hand_count (detected 1, expected 2)"
C:\Users\singh\Desktop\a2 i&v\edited code files\data\raw\BSL_Dataset\2_HAND_DATASET\U\2695.png,U,two_hand,"wrong_hand_count (detected 1, expected 2)"
C:\Users\singh\Desktop\a2 i&v\edited code files\data\raw\BSL_Dataset\2_HAND_DATASET\U\2715.png,U,two_hand,"wrong_hand_count (detected 1, expected 2)"
C:\Users\singh\Desktop\a2 i&v\edited code files\data\raw\BSL_Dataset\2_HAND_DATASET\U\2735.png,U,two_hand,"wrong_hand_count (detected 1, expected 2)"
C:\Users\singh\Desktop\a2 i&v\edited code files\data\raw\BSL_Dataset\2_HAND_DATASET\U\2760.png,U,two_hand,"wrong_hand_count (detected 1, expected 2)"
C:\Users\singh\Desktop\a2 i&v\edited code files\data\raw\BSL_Dataset\2_HAND_DATASET\U\2765.png,U,two_hand,"wrong_hand_count (detected 1, expected 2)"
C:\Users\singh\Desktop\a2 i&v\edited code files\data\raw\BSL_Dataset\2_HAND_DATASET\U\2770.png,U,two_hand,"wrong_hand_count (detected 1, expected 2)"
C:\Users\singh\Desktop\a2 i&v\edited code files\data\raw\BSL_Dataset\2_HAND_DATASET\U\2775.png,U,two_hand,"wrong_hand_count (detected 1, expected 2)"
C:\Users\singh\Desktop\a2 i&v\edited code files\data\raw\BSL_Dataset\2_HAND_DATASET\U\2780.png,U,two_hand,"wrong_hand_count (detected 1, expected 2)"
C:\Users\singh\Desktop\a2 i&v\edited code files\data\raw\BSL_Dataset\2_HAND_DATASET\U\2785.png,U,two_hand,"wrong_hand_count (detected 1, expected 2)"
C:\Users\singh\Desktop\a2 i&v\edited code files\data\raw\BSL_Dataset\2_HAND_DATASET\U\2790.png,U,two_hand,"wrong_hand_count (detected 1, expected 2)"
C:\Users\singh\Desktop\a2 i&v\edited code files\data\raw\BSL_Dataset\2_HAND_DATASET\U\2810.png,U,two_hand,"wrong_hand_count (detected 1, expected 2)"
C:\Users\singh\Desktop\a2 i&v\edited code files\data\raw\BSL_Dataset\2_HAND_DATASET\U\2815.png,U,two_hand,"wrong_hand_count (detected 1, expected 2)"
C:\Users\singh\Desktop\a2 i&v\edited code files\data\raw\BSL_Dataset\2_HAND_DATASET\U\285.png,U,two_hand,"wrong_hand_count (detected 1, expected 2)"
C:\Users\singh\Desktop\a2 i&v\edited code files\data\raw\BSL_Dataset\2_HAND_DATASET\U\2865.png,U,two_hand,"wrong_hand_count (detected 1, expected 2)"
C:\Users\singh\Desktop\a2 i&v\edited code files\data\raw\BSL_Dataset\2_HAND_DATASET\U\2870.png,U,two_hand,"wrong_hand_count (detected 1, expected 2)"
C:\Users\singh\Desktop\a2 i&v\edited code files\data\raw\BSL_Dataset\2_HAND_DATASET\U\2875.png,U,two_hand,"wrong_hand_count (detected 1, expected 2)"
C:\Users\singh\Desktop\a2 i&v\edited code files\data\raw\BSL_Dataset\2_HAND_DATASET\U\2880.png,U,two_hand,"wrong_hand_count (detected 1, expected 2)"
C:\Users\singh\Desktop\a2 i&v\edited code files\data\raw\BSL_Dataset\2_HAND_DATASET\U\2885.png,U,two_hand,"wrong_hand_count (detected 1, expected 2)"
C:\Users\singh\Desktop\a2 i&v\edited code files\data\raw\BSL_Dataset\2_HAND_DATASET\U\2890.png,U,two_hand,"wrong_hand_count (detected 1, expected 2)"
C:\Users\singh\Desktop\a2 i&v\edited code files\data\raw\BSL_Dataset\2_HAND_DATASET\U\2895.png,U,two_hand,"wrong_hand_count (detected 1, expected 2)"
C:\Users\singh\Desktop\a2 i&v\edited code files\data\raw\BSL_Dataset\2_HAND_DATASET\U\290.png,U,two_hand,no_hands
C:\Users\singh\Desktop\a2 i&v\edited code files\data\raw\BSL_Dataset\2_HAND_DATASET\U\2900.png,U,two_hand,"wrong_hand_count (detected 1, expected 2)"
C:\Users\singh\Desktop\a2 i&v\edited code files\data\raw\BSL_Dataset\2_HAND_DATASET\U\2905.png,U,two_hand,"wrong_hand_count (detected 1, expected 2)"
C:\Users\singh\Desktop\a2 i&v\edited code files\data\raw\BSL_Dataset\2_HAND_DATASET\U\2910.png,U,two_hand,"wrong_hand_count (detected 1, expected 2)"
C:\Users\singh\Desktop\a2 i&v\edited code files\data\raw\BSL_Dataset\2_HAND_DATASET\U\2930.png,U,two_hand,"wrong_hand_count (detected 1, expected 2)"
C:\Users\singh\Desktop\a2 i&v\edited code files\data\raw\BSL_Dataset\2_HAND_DATASET\U\2980.png,U,two_hand,"wrong_hand_count (detected 1, expected 2)"
C:\Users\singh\Desktop\a2 i&v\edited code files\data\raw\BSL_Dataset\2_HAND_DATASET\U\2990.png,U,two_hand,"wrong_hand_count (detected 1, expected 2)"
C:\Users\singh\Desktop\a2 i&v\edited code files\data\raw\BSL_Dataset\2_HAND_DATASET\U\300.png,U,two_hand,"wrong_hand_count (detected 1, expected 2)"
C:\Users\singh\Desktop\a2 i&v\edited code files\data\raw\BSL_Dataset\2_HAND_DATASET\U\3010.png,U,two_hand,no_hands
C:\Users\singh\Desktop\a2 i&v\edited code files\data\raw\BSL_Dataset\2_HAND_DATASET\U\3065.png,U,two_hand,"wrong_hand_count (detected 1, expected 2)"
C:\Users\singh\Desktop\a2 i&v\edited code files\data\raw\BSL_Dataset\2_HAND_DATASET\U\3105.png,U,two_hand,"wrong_hand_count (detected 1, expected 2)"
C:\Users\singh\Desktop\a2 i&v\edited code files\data\raw\BSL_Dataset\2_HAND_DATASET\U\3110.png,U,two_hand,"wrong_hand_count (detected 1, expected 2)"
C:\Users\singh\Desktop\a2 i&v\edited code files\data\raw\BSL_Dataset\2_HAND_DATASET\U\3115.png,U,two_hand,"wrong_hand_count (detected 1, expected 2)"
C:\Users\singh\Desktop\a2 i&v\edited code files\data\raw\BSL_Dataset\2_HAND_DATASET\U\3120.png,U,two_hand,"wrong_hand_count (detected 1, expected 2)"
C:\Users\singh\Desktop\a2 i&v\edited code files\data\raw\BSL_Dataset\2_HAND_DATASET\U\3205.png,U,two_hand,"wrong_hand_count (detected 1, expected 2)"
C:\Users\singh\Desktop\a2 i&v\edited code files\data\raw\BSL_Dataset\2_HAND_DATASET\U\3225.png,U,two_hand,"wrong_hand_count (detected 1, expected 2)"
C:\Users\singh\Desktop\a2 i&v\edited code files\data\raw\BSL_Dataset\2_HAND_DATASET\U\3230.png,U,two_hand,"wrong_hand_count (detected 1, expected 2)"
C:\Users\singh\Desktop\a2 i&v\edited code files\data\raw\BSL_Dataset\2_HAND_DATASET\U\3235.png,U,two_hand,"wrong_hand_count (detected 1, expected 2)"
C:\Users\singh\Desktop\a2 i&v\edited code files\data\raw\BSL_Dataset\2_HAND_DATASET\U\3240.png,U,two_hand,"wrong_hand_count (detected 1, expected 2)"
C:\Users\singh\Desktop\a2 i&v\edited code files\data\raw\BSL_Dataset\2_HAND_DATASET\U\3245.png,U,two_hand,"wrong_hand_count (detected 1, expected 2)"
C:\Users\singh\Desktop\a2 i&v\edited code files\data\raw\BSL_Dataset\2_HAND_DATASET\U\3250.png,U,two_hand,"wrong_hand_count (detected 1, expected 2)"
C:\Users\singh\Desktop\a2 i&v\edited code files\data\raw\BSL_Dataset\2_HAND_DATASET\U\3295.png,U,two_hand,"wrong_hand_count (detected 1, expected 2)"
C:\Users\singh\Desktop\a2 i&v\edited code files\data\raw\BSL_Dataset\2_HAND_DATASET\U\330.png,U,two_hand,"wrong_hand_count (detected 1, expected 2)"
C:\Users\singh\Desktop\a2 i&v\edited code files\data\raw\BSL_Dataset\2_HAND_DATASET\U\3320.png,U,two_hand,"wrong_hand_count (detected 1, expected 2)"
C:\Users\singh\Desktop\a2 i&v\edited code files\data\raw\BSL_Dataset\2_HAND_DATASET\U\3340.png,U,two_hand,"wrong_hand_count (detected 1, expected 2)"
C:\Users\singh\Desktop\a2 i&v\edited code files\data\raw\BSL_Dataset\2_HAND_DATASET\U\3345.png,U,two_hand,"wrong_hand_count (detected 1, expected 2)"
C:\Users\singh\Desktop\a2 i&v\edited code files\data\raw\BSL_Dataset\2_HAND_DATASET\U\3350.png,U,two_hand,"wrong_hand_count (detected 1, expected 2)"
C:\Users\singh\Desktop\a2 i&v\edited code files\data\raw\BSL_Dataset\2_HAND_DATASET\U\3355.png,U,two_hand,"wrong_hand_count (detected 1, expected 2)"
C:\Users\singh\Desktop\a2 i&v\edited code files\data\raw\BSL_Dataset\2_HAND_DATASET\U\3360.png,U,two_hand,"wrong_hand_count (detected 1, expected 2)"
C:\Users\singh\Desktop\a2 i&v\edited code files\data\raw\BSL_Dataset\2_HAND_DATASET\U\340.png,U,two_hand,"wrong_hand_count (detected 1, expected 2)"
C:\Users\singh\Desktop\a2 i&v\edited code files\data\raw\BSL_Dataset\2_HAND_DATASET\U\3410.png,U,two_hand,"wrong_hand_count (detected 1, expected 2)"
C:\Users\singh\Desktop\a2 i&v\edited code files\data\raw\BSL_Dataset\2_HAND_DATASET\U\3420.png,U,two_hand,"wrong_hand_count (detected 1, expected 2)"
C:\Users\singh\Desktop\a2 i&v\edited code files\data\raw\BSL_Dataset\2_HAND_DATASET\U\3465.png,U,two_hand,"wrong_hand_count (detected 1, expected 2)"
C:\Users\singh\Desktop\a2 i&v\edited code files\data\raw\BSL_Dataset\2_HAND_DATASET\U\3485.png,U,two_hand,"wrong_hand_count (detected 1, expected 2)"
C:\Users\singh\Desktop\a2 i&v\edited code files\data\raw\BSL_Dataset\2_HAND_DATASET\U\350.png,U,two_hand,"wrong_hand_count (detected 1, expected 2)"
C:\Users\singh\Desktop\a2 i&v\edited code files\data\raw\BSL_Dataset\2_HAND_DATASET\U\355.png,U,two_hand,"wrong_hand_count (detected 1, expected 2)"
C:\Users\singh\Desktop\a2 i&v\edited code files\data\raw\BSL_Dataset\2_HAND_DATASET\U\3550.png,U,two_hand,"wrong_hand_count (detected 1, expected 2)"
C:\Users\singh\Desktop\a2 i&v\edited code files\data\raw\BSL_Dataset\2_HAND_DATASET\U\3580.png,U,two_hand,"wrong_hand_count (detected 1, expected 2)"
C:\Users\singh\Desktop\a2 i&v\edited code files\data\raw\BSL_Dataset\2_HAND_DATASET\U\370.png,U,two_hand,"wrong_hand_count (detected 1, expected 2)"
C:\Users\singh\Desktop\a2 i&v\edited code files\data\raw\BSL_Dataset\2_HAND_DATASET\U\3730.png,U,two_hand,"wrong_hand_count (detected 1, expected 2)"
C:\Users\singh\Desktop\a2 i&v\edited code files\data\raw\BSL_Dataset\2_HAND_DATASET\U\3740.png,U,two_hand,"wrong_hand_count (detected 1, expected 2)"
C:\Users\singh\Desktop\a2 i&v\edited code files\data\raw\BSL_Dataset\2_HAND_DATASET\U\3775.png,U,two_hand,"wrong_hand_count (detected 1, expected 2)"
C:\Users\singh\Desktop\a2 i&v\edited code files\data\raw\BSL_Dataset\2_HAND_DATASET\U\3780.png,U,two_hand,"wrong_hand_count (detected 1, expected 2)"
C:\Users\singh\Desktop\a2 i&v\edited code files\data\raw\BSL_Dataset\2_HAND_DATASET\U\3795.png,U,two_hand,"wrong_hand_count (detected 1, expected 2)"
C:\Users\singh\Desktop\a2 i&v\edited code files\data\raw\BSL_Dataset\2_HAND_DATASET\U\380.png,U,two_hand,"wrong_hand_count (detected 1, expected 2)"
C:\Users\singh\Desktop\a2 i&v\edited code files\data\raw\BSL_Dataset\2_HAND_DATASET\U\3800.png,U,two_hand,"wrong_hand_count (detected 1, expected 2)"
C:\Users\singh\Desktop\a2 i&v\edited code files\data\raw\BSL_Dataset\2_HAND_DATASET\U\3810.png,U,two_hand,"wrong_hand_count (detected 1, expected 2)"
C:\Users\singh\Desktop\a2 i&v\edited code files\data\raw\BSL_Dataset\2_HAND_DATASET\U\385.png,U,two_hand,"wrong_hand_count (detected 1, expected 2)"
C:\Users\singh\Desktop\a2 i&v\edited code files\data\raw\BSL_Dataset\2_HAND_DATASET\U\3855.png,U,two_hand,"wrong_hand_count (detected 1, expected 2)"
C:\Users\singh\Desktop\a2 i&v\edited code files\data\raw\BSL_Dataset\2_HAND_DATASET\U\3885.png,U,two_hand,"wrong_hand_count (detected 1, expected 2)"
C:\Users\singh\Desktop\a2 i&v\edited code files\data\raw\BSL_Dataset\2_HAND_DATASET\U\3890.png,U,two_hand,"wrong_hand_count (detected 1, expected 2)"
C:\Users\singh\Desktop\a2 i&v\edited code files\data\raw\BSL_Dataset\2_HAND_DATASET\U\3925.png,U,two_hand,"wrong_hand_count (detected 1, expected 2)"
C:\Users\singh\Desktop\a2 i&v\edited code files\data\raw\BSL_Dataset\2_HAND_DATASET\U\3945.png,U,two_hand,"wrong_hand_count (detected 1, expected 2)"
C:\Users\singh\Desktop\a2 i&v\edited code files\data\raw\BSL_Dataset\2_HAND_DATASET\U\400.png,U,two_hand,"wrong_hand_count (detected 1, expected 2)"
C:\Users\singh\Desktop\a2 i&v\edited code files\data\raw\BSL_Dataset\2_HAND_DATASET\U\4005.png,U,two_hand,"wrong_hand_count (detected 1, expected 2)"
C:\Users\singh\Desktop\a2 i&v\edited code files\data\raw\BSL_Dataset\2_HAND_DATASET\U\4015.png,U,two_hand,"wrong_hand_count (detected 1, expected 2)"
C:\Users\singh\Desktop\a2 i&v\edited code files\data\raw\BSL_Dataset\2_HAND_DATASET\U\4020.png,U,two_hand,"wrong_hand_count (detected 1, expected 2)"
C:\Users\singh\Desktop\a2 i&v\edited code files\data\raw\BSL_Dataset\2_HAND_DATASET\U\4035.png,U,two_hand,"wrong_hand_count (detected 1, expected 2)"
C:\Users\singh\Desktop\a2 i&v\edited code files\data\raw\BSL_Dataset\2_HAND_DATASET\U\4045.png,U,two_hand,"wrong_hand_count (detected 1, expected 2)"
C:\Users\singh\Desktop\a2 i&v\edited code files\data\raw\BSL_Dataset\2_HAND_DATASET\U\4050.png,U,two_hand,"wrong_hand_count (detected 1, expected 2)"
C:\Users\singh\Desktop\a2 i&v\edited code files\data\raw\BSL_Dataset\2_HAND_DATASET\U\4055.png,U,two_hand,"wrong_hand_count (detected 1, expected 2)"
C:\Users\singh\Desktop\a2 i&v\edited code files\data\raw\BSL_Dataset\2_HAND_DATASET\U\410.png,U,two_hand,"wrong_hand_count (detected 1, expected 2)"
C:\Users\singh\Desktop\a2 i&v\edited code files\data\raw\BSL_Dataset\2_HAND_DATASET\U\4110.png,U,two_hand,"wrong_hand_count (detected 1, expected 2)"
C:\Users\singh\Desktop\a2 i&v\edited code files\data\raw\BSL_Dataset\2_HAND_DATASET\U\4115.png,U,two_hand,"wrong_hand_count (detected 1, expected 2)"
C:\Users\singh\Desktop\a2 i&v\edited code files\data\raw\BSL_Dataset\2_HAND_DATASET\U\4125.png,U,two_hand,no_hands
C:\Users\singh\Desktop\a2 i&v\edited code files\data\raw\BSL_Dataset\2_HAND_DATASET\U\4130.png,U,two_hand,"wrong_hand_count (detected 1, expected 2)"
C:\Users\singh\Desktop\a2 i&v\edited code files\data\raw\BSL_Dataset\2_HAND_DATASET\U\4135.png,U,two_hand,no_hands
C:\Users\singh\Desktop\a2 i&v\edited code files\data\raw\BSL_Dataset\2_HAND_DATASET\U\4140.png,U,two_hand,"wrong_hand_count (detected 1, expected 2)"
C:\Users\singh\Desktop\a2 i&v\edited code files\data\raw\BSL_Dataset\2_HAND_DATASET\U\415.png,U,two_hand,"wrong_hand_count (detected 1, expected 2)"
C:\Users\singh\Desktop\a2 i&v\edited code files\data\raw\BSL_Dataset\2_HAND_DATASET\U\4155.png,U,two_hand,"wrong_hand_count (detected 1, expected 2)"
C:\Users\singh\Desktop\a2 i&v\edited code files\data\raw\BSL_Dataset\2_HAND_DATASET\U\4160.png,U,two_hand,"wrong_hand_count (detected 1, expected 2)"
C:\Users\singh\Desktop\a2 i&v\edited code files\data\raw\BSL_Dataset\2_HAND_DATASET\U\4165.png,U,two_hand,"wrong_hand_count (detected 1, expected 2)"
C:\Users\singh\Desktop\a2 i&v\edited code files\data\raw\BSL_Dataset\2_HAND_DATASET\U\4175.png,U,two_hand,"wrong_hand_count (detected 1, expected 2)"
C:\Users\singh\Desktop\a2 i&v\edited code files\data\raw\BSL_Dataset\2_HAND_DATASET\U\4180.png,U,two_hand,"wrong_hand_count (detected 1, expected 2)"
C:\Users\singh\Desktop\a2 i&v\edited code files\data\raw\BSL_Dataset\2_HAND_DATASET\U\4195.png,U,two_hand,"wrong_hand_count (detected 1, expected 2)"
C:\Users\singh\Desktop\a2 i&v\edited code files\data\raw\BSL_Dataset\2_HAND_DATASET\U\4200.png,U,two_hand,"wrong_hand_count (detected 1, expected 2)"
C:\Users\singh\Desktop\a2 i&v\edited code files\data\raw\BSL_Dataset\2_HAND_DATASET\U\4205.png,U,two_hand,"wrong_hand_count (detected 1, expected 2)"
C:\Users\singh\Desktop\a2 i&v\edited code files\data\raw\BSL_Dataset\2_HAND_DATASET\U\4210.png,U,two_hand,"wrong_hand_count (detected 1, expected 2)"
C:\Users\singh\Desktop\a2 i&v\edited code files\data\raw\BSL_Dataset\2_HAND_DATASET\U\4215.png,U,two_hand,no_hands
C:\Users\singh\Desktop\a2 i&v\edited code files\data\raw\BSL_Dataset\2_HAND_DATASET\U\4220.png,U,two_hand,"wrong_hand_count (detected 1, expected 2)"
C:\Users\singh\Desktop\a2 i&v\edited code files\data\raw\BSL_Dataset\2_HAND_DATASET\U\4230.png,U,two_hand,"wrong_hand_count (detected 1, expected 2)"
C:\Users\singh\Desktop\a2 i&v\edited code files\data\raw\BSL_Dataset\2_HAND_DATASET\U\4240.png,U,two_hand,"wrong_hand_count (detected 1, expected 2)"
C:\Users\singh\Desktop\a2 i&v\edited code files\data\raw\BSL_Dataset\2_HAND_DATASET\U\4245.png,U,two_hand,"wrong_hand_count (detected 1, expected 2)"
C:\Users\singh\Desktop\a2 i&v\edited code files\data\raw\BSL_Dataset\2_HAND_DATASET\U\425.png,U,two_hand,"wrong_hand_count (detected 1, expected 2)"
C:\Users\singh\Desktop\a2 i&v\edited code files\data\raw\BSL_Dataset\2_HAND_DATASET\U\4255.png,U,two_hand,no_hands
C:\Users\singh\Desktop\a2 i&v\edited code files\data\raw\BSL_Dataset\2_HAND_DATASET\U\4290.png,U,two_hand,"wrong_hand_count (detected 1, expected 2)"
C:\Users\singh\Desktop\a2 i&v\edited code files\data\raw\BSL_Dataset\2_HAND_DATASET\U\4295.png,U,two_hand,"wrong_hand_count (detected 1, expected 2)"
C:\Users\singh\Desktop\a2 i&v\edited code files\data\raw\BSL_Dataset\2_HAND_DATASET\U\430.png,U,two_hand,"wrong_hand_count (detected 1, expected 2)"
C:\Users\singh\Desktop\a2 i&v\edited code files\data\raw\BSL_Dataset\2_HAND_DATASET\U\4300.png,U,two_hand,"wrong_hand_count (detected 1, expected 2)"
C:\Users\singh\Desktop\a2 i&v\edited code files\data\raw\BSL_Dataset\2_HAND_DATASET\U\4305.png,U,two_hand,"wrong_hand_count (detected 1, expected 2)"
C:\Users\singh\Desktop\a2 i&v\edited code files\data\raw\BSL_Dataset\2_HAND_DATASET\U\4335.png,U,two_hand,"wrong_hand_count (detected 1, expected 2)"
C:\Users\singh\Desktop\a2 i&v\edited code files\data\raw\BSL_Dataset\2_HAND_DATASET\U\435.png,U,two_hand,"wrong_hand_count (detected 1, expected 2)"
C:\Users\singh\Desktop\a2 i&v\edited code files\data\raw\BSL_Dataset\2_HAND_DATASET\U\4365.png,U,two_hand,"wrong_hand_count (detected 1, expected 2)"
C:\Users\singh\Desktop\a2 i&v\edited code files\data\raw\BSL_Dataset\2_HAND_DATASET\U\4370.png,U,two_hand,"wrong_hand_count (detected 1, expected 2)"
C:\Users\singh\Desktop\a2 i&v\edited code files\data\raw\BSL_Dataset\2_HAND_DATASET\U\4375.png,U,two_hand,"wrong_hand_count (detected 1, expected 2)"
C:\Users\singh\Desktop\a2 i&v\edited code files\data\raw\BSL_Dataset\2_HAND_DATASET\U\4380.png,U,two_hand,"wrong_hand_count (detected 1, expected 2)"
C:\Users\singh\Desktop\a2 i&v\edited code files\data\raw\BSL_Dataset\2_HAND_DATASET\U\4385.png,U,two_hand,"wrong_hand_count (detected 1, expected 2)"
C:\Users\singh\Desktop\a2 i&v\edited code files\data\raw\BSL_Dataset\2_HAND_DATASET\U\4435.png,U,two_hand,"wrong_hand_count (detected 1, expected 2)"
C:\Users\singh\Desktop\a2 i&v\edited code files\data\raw\BSL_Dataset\2_HAND_DATASET\U\4440.png,U,two_hand,"wrong_hand_count (detected 1, expected 2)"
C:\Users\singh\Desktop\a2 i&v\edited code files\data\raw\BSL_Dataset\2_HAND_DATASET\U\4445.png,U,two_hand,"wrong_hand_count (detected 1, expected 2)"
C:\Users\singh\Desktop\a2 i&v\edited code files\data\raw\BSL_Dataset\2_HAND_DATASET\U\4450.png,U,two_hand,"wrong_hand_count (detected 1, expected 2)"
C:\Users\singh\Desktop\a2 i&v\edited code files\data\raw\BSL_Dataset\2_HAND_DATASET\U\4455.png,U,two_hand,"wrong_hand_count (detected 1, expected 2)"
C:\Users\singh\Desktop\a2 i&v\edited code files\data\raw\BSL_Dataset\2_HAND_DATASET\U\4460.png,U,two_hand,"wrong_hand_count (detected 1, expected 2)"
C:\Users\singh\Desktop\a2 i&v\edited code files\data\raw\BSL_Dataset\2_HAND_DATASET\U\4465.png,U,two_hand,"wrong_hand_count (detected 1, expected 2)"
C:\Users\singh\Desktop\a2 i&v\edited code files\data\raw\BSL_Dataset\2_HAND_DATASET\U\4470.png,U,two_hand,"wrong_hand_count (detected 1, expected 2)"
C:\Users\singh\Desktop\a2 i&v\edited code files\data\raw\BSL_Dataset\2_HAND_DATASET\U\4480.png,U,two_hand,"wrong_hand_count (detected 1, expected 2)"
C:\Users\singh\Desktop\a2 i&v\edited code files\data\raw\BSL_Dataset\2_HAND_DATASET\U\4490.png,U,two_hand,"wrong_hand_count (detected 1, expected 2)"
C:\Users\singh\Desktop\a2 i&v\edited code files\data\raw\BSL_Dataset\2_HAND_DATASET\U\4495.png,U,two_hand,"wrong_hand_count (detected 1, expected 2)"
C:\Users\singh\Desktop\a2 i&v\edited code files\data\raw\BSL_Dataset\2_HAND_DATASET\U\45.png,U,two_hand,"wrong_hand_count (detected 1, expected 2)"
C:\Users\singh\Desktop\a2 i&v\edited code files\data\raw\BSL_Dataset\2_HAND_DATASET\U\450.png,U,two_hand,"wrong_hand_count (detected 1, expected 2)"
C:\Users\singh\Desktop\a2 i&v\edited code files\data\raw\BSL_Dataset\2_HAND_DATASET\U\4505.png,U,two_hand,"wrong_hand_count (detected 1, expected 2)"
C:\Users\singh\Desktop\a2 i&v\edited code files\data\raw\BSL_Dataset\2_HAND_DATASET\U\4510.png,U,two_hand,"wrong_hand_count (detected 1, expected 2)"
C:\Users\singh\Desktop\a2 i&v\edited code files\data\raw\BSL_Dataset\2_HAND_DATASET\U\4515.png,U,two_hand,"wrong_hand_count (detected 1, expected 2)"
C:\Users\singh\Desktop\a2 i&v\edited code files\data\raw\BSL_Dataset\2_HAND_DATASET\U\4520.png,U,two_hand,"wrong_hand_count (detected 1, expected 2)"
C:\Users\singh\Desktop\a2 i&v\edited code files\data\raw\BSL_Dataset\2_HAND_DATASET\U\4525.png,U,two_hand,"wrong_hand_count (detected 1, expected 2)"
C:\Users\singh\Desktop\a2 i&v\edited code files\data\raw\BSL_Dataset\2_HAND_DATASET\U\4530.png,U,two_hand,"wrong_hand_count (detected 1, expected 2)"
C:\Users\singh\Desktop\a2 i&v\edited code files\data\raw\BSL_Dataset\2_HAND_DATASET\U\4535.png,U,two_hand,"wrong_hand_count (detected 1, expected 2)"
C:\Users\singh\Desktop\a2 i&v\edited code files\data\raw\BSL_Dataset\2_HAND_DATASET\U\4585.png,U,two_hand,"wrong_hand_count (detected 1, expected 2)"
C:\Users\singh\Desktop\a2 i&v\edited code files\data\raw\BSL_Dataset\2_HAND_DATASET\U\4590.png,U,two_hand,"wrong_hand_count (detected 1, expected 2)"
C:\Users\singh\Desktop\a2 i&v\edited code files\data\raw\BSL_Dataset\2_HAND_DATASET\U\4595.png,U,two_hand,"wrong_hand_count (detected 1, expected 2)"
C:\Users\singh\Desktop\a2 i&v\edited code files\data\raw\BSL_Dataset\2_HAND_DATASET\U\4600.png,U,two_hand,"wrong_hand_count (detected 1, expected 2)"
C:\Users\singh\Desktop\a2 i&v\edited code files\data\raw\BSL_Dataset\2_HAND_DATASET\U\4605.png,U,two_hand,"wrong_hand_count (detected 1, expected 2)"
C:\Users\singh\Desktop\a2 i&v\edited code files\data\raw\BSL_Dataset\2_HAND_DATASET\U\4615.png,U,two_hand,"wrong_hand_count (detected 1, expected 2)"
C:\Users\singh\Desktop\a2 i&v\edited code files\data\raw\BSL_Dataset\2_HAND_DATASET\U\4620.png,U,two_hand,"wrong_hand_count (detected 1, expected 2)"
C:\Users\singh\Desktop\a2 i&v\edited code files\data\raw\BSL_Dataset\2_HAND_DATASET\U\4645.png,U,two_hand,"wrong_hand_count (detected 1, expected 2)"
C:\Users\singh\Desktop\a2 i&v\edited code files\data\raw\BSL_Dataset\2_HAND_DATASET\U\4655.png,U,two_hand,"wrong_hand_count (detected 1, expected 2)"
C:\Users\singh\Desktop\a2 i&v\edited code files\data\raw\BSL_Dataset\2_HAND_DATASET\U\4660.png,U,two_hand,"wrong_hand_count (detected 1, expected 2)"
C:\Users\singh\Desktop\a2 i&v\edited code files\data\raw\BSL_Dataset\2_HAND_DATASET\U\4665.png,U,two_hand,"wrong_hand_count (detected 1, expected 2)"
C:\Users\singh\Desktop\a2 i&v\edited code files\data\raw\BSL_Dataset\2_HAND_DATASET\U\470.png,U,two_hand,"wrong_hand_count (detected 1, expected 2)"
C:\Users\singh\Desktop\a2 i&v\edited code files\data\raw\BSL_Dataset\2_HAND_DATASET\U\4710.png,U,two_hand,"wrong_hand_count (detected 1, expected 2)"
C:\Users\singh\Desktop\a2 i&v\edited code files\data\raw\BSL_Dataset\2_HAND_DATASET\U\4715.png,U,two_hand,"wrong_hand_count (detected 1, expected 2)"
C:\Users\singh\Desktop\a2 i&v\edited code files\data\raw\BSL_Dataset\2_HAND_DATASET\U\4720.png,U,two_hand,"wrong_hand_count (detected 1, expected 2)"
C:\Users\singh\Desktop\a2 i&v\edited code files\data\raw\BSL_Dataset\2_HAND_DATASET\U\4725.png,U,two_hand,"wrong_hand_count (detected 1, expected 2)"
C:\Users\singh\Desktop\a2 i&v\edited code files\data\raw\BSL_Dataset\2_HAND_DATASET\U\4730.png,U,two_hand,"wrong_hand_count (detected 1, expected 2)"
C:\Users\singh\Desktop\a2 i&v\edited code files\data\raw\BSL_Dataset\2_HAND_DATASET\U\4745.png,U,two_hand,"wrong_hand_count (detected 1, expected 2)"
C:\Users\singh\Desktop\a2 i&v\edited code files\data\raw\BSL_Dataset\2_HAND_DATASET\U\4775.png,U,two_hand,"wrong_hand_count (detected 1, expected 2)"
C:\Users\singh\Desktop\a2 i&v\edited code files\data\raw\BSL_Dataset\2_HAND_DATASET\U\4780.png,U,two_hand,"wrong_hand_count (detected 1, expected 2)"
C:\Users\singh\Desktop\a2 i&v\edited code files\data\raw\BSL_Dataset\2_HAND_DATASET\U\4785.png,U,two_hand,"wrong_hand_count (detected 1, expected 2)"
C:\Users\singh\Desktop\a2 i&v\edited code files\data\raw\BSL_Dataset\2_HAND_DATASET\U\4790.png,U,two_hand,"wrong_hand_count (detected 1, expected 2)"
C:\Users\singh\Desktop\a2 i&v\edited code files\data\raw\BSL_Dataset\2_HAND_DATASET\U\4795.png,U,two_hand,"wrong_hand_count (detected 1, expected 2)"
C:\Users\singh\Desktop\a2 i&v\edited code files\data\raw\BSL_Dataset\2_HAND_DATASET\U\4800.png,U,two_hand,"wrong_hand_count (detected 1, expected 2)"
C:\Users\singh\Desktop\a2 i&v\edited code files\data\raw\BSL_Dataset\2_HAND_DATASET\U\4810.png,U,two_hand,"wrong_hand_count (detected 1, expected 2)"
C:\Users\singh\Desktop\a2 i&v\edited code files\data\raw\BSL_Dataset\2_HAND_DATASET\U\4815.png,U,two_hand,"wrong_hand_count (detected 1, expected 2)"
C:\Users\singh\Desktop\a2 i&v\edited code files\data\raw\BSL_Dataset\2_HAND_DATASET\U\4825.png,U,two_hand,"wrong_hand_count (detected 1, expected 2)"
C:\Users\singh\Desktop\a2 i&v\edited code files\data\raw\BSL_Dataset\2_HAND_DATASET\U\4835.png,U,two_hand,"wrong_hand_count (detected 1, expected 2)"
C:\Users\singh\Desktop\a2 i&v\edited code files\data\raw\BSL_Dataset\2_HAND_DATASET\U\4840.png,U,two_hand,"wrong_hand_count (detected 1, expected 2)"
C:\Users\singh\Desktop\a2 i&v\edited code files\data\raw\BSL_Dataset\2_HAND_DATASET\U\4855.png,U,two_hand,"wrong_hand_count (detected 1, expected 2)"
C:\Users\singh\Desktop\a2 i&v\edited code files\data\raw\BSL_Dataset\2_HAND_DATASET\U\4860.png,U,two_hand,"wrong_hand_count (detected 1, expected 2)"
C:\Users\singh\Desktop\a2 i&v\edited code files\data\raw\BSL_Dataset\2_HAND_DATASET\U\4865.png,U,two_hand,"wrong_hand_count (detected 1, expected 2)"
C:\Users\singh\Desktop\a2 i&v\edited code files\data\raw\BSL_Dataset\2_HAND_DATASET\U\4870.png,U,two_hand,"wrong_hand_count (detected 1, expected 2)"
C:\Users\singh\Desktop\a2 i&v\edited code files\data\raw\BSL_Dataset\2_HAND_DATASET\U\4880.png,U,two_hand,"wrong_hand_count (detected 1, expected 2)"
C:\Users\singh\Desktop\a2 i&v\edited code files\data\raw\BSL_Dataset\2_HAND_DATASET\U\4885.png,U,two_hand,"wrong_hand_count (detected 1, expected 2)"
C:\Users\singh\Desktop\a2 i&v\edited code files\data\raw\BSL_Dataset\2_HAND_DATASET\U\490.png,U,two_hand,"wrong_hand_count (detected 1, expected 2)"
C:\Users\singh\Desktop\a2 i&v\edited code files\data\raw\BSL_Dataset\2_HAND_DATASET\U\4900.png,U,two_hand,no_hands
C:\Users\singh\Desktop\a2 i&v\edited code files\data\raw\BSL_Dataset\2_HAND_DATASET\U\4905.png,U,two_hand,"wrong_hand_count (detected 1, expected 2)"
C:\Users\singh\Desktop\a2 i&v\edited code files\data\raw\BSL_Dataset\2_HAND_DATASET\U\4915.png,U,two_hand,"wrong_hand_count (detected 1, expected 2)"
C:\Users\singh\Desktop\a2 i&v\edited code files\data\raw\BSL_Dataset\2_HAND_DATASET\U\4920.png,U,two_hand,"wrong_hand_count (detected 1, expected 2)"
C:\Users\singh\Desktop\a2 i&v\edited code files\data\raw\BSL_Dataset\2_HAND_DATASET\U\4925.png,U,two_hand,"wrong_hand_count (detected 1, expected 2)"
C:\Users\singh\Desktop\a2 i&v\edited code files\data\raw\BSL_Dataset\2_HAND_DATASET\U\4930.png,U,two_hand,"wrong_hand_count (detected 1, expected 2)"
C:\Users\singh\Desktop\a2 i&v\edited code files\data\raw\BSL_Dataset\2_HAND_DATASET\U\4935.png,U,two_hand,"wrong_hand_count (detected 1, expected 2)"
C:\Users\singh\Desktop\a2 i&v\edited code files\data\raw\BSL_Dataset\2_HAND_DATASET\U\4940.png,U,two_hand,"wrong_hand_count (detected 1, expected 2)"
C:\Users\singh\Desktop\a2 i&v\edited code files\data\raw\BSL_Dataset\2_HAND_DATASET\U\4945.png,U,two_hand,"wrong_hand_count (detected 1, expected 2)"
C:\Users\singh\Desktop\a2 i&v\edited code files\data\raw\BSL_Dataset\2_HAND_DATASET\U\495.png,U,two_hand,"wrong_hand_count (detected 1, expected 2)"
C:\Users\singh\Desktop\a2 i&v\edited code files\data\raw\BSL_Dataset\2_HAND_DATASET\U\4950.png,U,two_hand,"wrong_hand_count (detected 1, expected 2)"
C:\Users\singh\Desktop\a2 i&v\edited code files\data\raw\BSL_Dataset\2_HAND_DATASET\U\4955.png,U,two_hand,"wrong_hand_count (detected 1, expected 2)"
C:\Users\singh\Desktop\a2 i&v\edited code files\data\raw\BSL_Dataset\2_HAND_DATASET\U\4960.png,U,two_hand,"wrong_hand_count (detected 1, expected 2)"
C:\Users\singh\Desktop\a2 i&v\edited code files\data\raw\BSL_Dataset\2_HAND_DATASET\U\4965.png,U,two_hand,"wrong_hand_count (detected 1, expected 2)"
C:\Users\singh\Desktop\a2 i&v\edited code files\data\raw\BSL_Dataset\2_HAND_DATASET\U\4970.png,U,two_hand,no_hands
C:\Users\singh\Desktop\a2 i&v\edited code files\data\raw\BSL_Dataset\2_HAND_DATASET\U\4975.png,U,two_hand,"wrong_hand_count (detected 1, expected 2)"
C:\Users\singh\Desktop\a2 i&v\edited code files\data\raw\BSL_Dataset\2_HAND_DATASET\U\4980.png,U,two_hand,"wrong_hand_count (detected 1, expected 2)"
C:\Users\singh\Desktop\a2 i&v\edited code files\data\raw\BSL_Dataset\2_HAND_DATASET\U\4985.png,U,two_hand,"wrong_hand_count (detected 1, expected 2)"
C:\Users\singh\Desktop\a2 i&v\edited code files\data\raw\BSL_Dataset\2_HAND_DATASET\U\4990.png,U,two_hand,"wrong_hand_count (detected 1, expected 2)"
C:\Users\singh\Desktop\a2 i&v\edited code files\data\raw\BSL_Dataset\2_HAND_DATASET\U\4995.png,U,two_hand,"wrong_hand_count (detected 1, expected 2)"
C:\Users\singh\Desktop\a2 i&v\edited code files\data\raw\BSL_Dataset\2_HAND_DATASET\U\5000.png,U,two_hand,"wrong_hand_count (detected 1, expected 2)"
C:\Users\singh\Desktop\a2 i&v\edited code files\data\raw\BSL_Dataset\2_HAND_DATASET\U\525.png,U,two_hand,"wrong_hand_count (detected 1, expected 2)"
C:\Users\singh\Desktop\a2 i&v\edited code files\data\raw\BSL_Dataset\2_HAND_DATASET\U\530.png,U,two_hand,"wrong_hand_count (detected 1, expected 2)"
C:\Users\singh\Desktop\a2 i&v\edited code files\data\raw\BSL_Dataset\2_HAND_DATASET\U\535.png,U,two_hand,"wrong_hand_count (detected 1, expected 2)"
C:\Users\singh\Desktop\a2 i&v\edited code files\data\raw\BSL_Dataset\2_HAND_DATASET\U\550.png,U,two_hand,"wrong_hand_count (detected 1, expected 2)"
C:\Users\singh\Desktop\a2 i&v\edited code files\data\raw\BSL_Dataset\2_HAND_DATASET\U\555.png,U,two_hand,"wrong_hand_count (detected 1, expected 2)"
C:\Users\singh\Desktop\a2 i&v\edited code files\data\raw\BSL_Dataset\2_HAND_DATASET\U\560.png,U,two_hand,"wrong_hand_count (detected 1, expected 2)"
C:\Users\singh\Desktop\a2 i&v\edited code files\data\raw\BSL_Dataset\2_HAND_DATASET\U\565.png,U,two_hand,"wrong_hand_count (detected 1, expected 2)"
C:\Users\singh\Desktop\a2 i&v\edited code files\data\raw\BSL_Dataset\2_HAND_DATASET\U\585.png,U,two_hand,"wrong_hand_count (detected 1, expected 2)"
C:\Users\singh\Desktop\a2 i&v\edited code files\data\raw\BSL_Dataset\2_HAND_DATASET\U\590.png,U,two_hand,no_hands
C:\Users\singh\Desktop\a2 i&v\edited code files\data\raw\BSL_Dataset\2_HAND_DATASET\U\595.png,U,two_hand,"wrong_hand_count (detected 1, expected 2)"
C:\Users\singh\Desktop\a2 i&v\edited code files\data\raw\BSL_Dataset\2_HAND_DATASET\U\60.png,U,two_hand,"wrong_hand_count (detected 1, expected 2)"
C:\Users\singh\Desktop\a2 i&v\edited code files\data\raw\BSL_Dataset\2_HAND_DATASET\U\610.png,U,two_hand,"wrong_hand_count (detected 1, expected 2)"
C:\Users\singh\Desktop\a2 i&v\edited code files\data\raw\BSL_Dataset\2_HAND_DATASET\U\615.png,U,two_hand,"wrong_hand_count (detected 1, expected 2)"
C:\Users\singh\Desktop\a2 i&v\edited code files\data\raw\BSL_Dataset\2_HAND_DATASET\U\620.png,U,two_hand,"wrong_hand_count (detected 1, expected 2)"
C:\Users\singh\Desktop\a2 i&v\edited code files\data\raw\BSL_Dataset\2_HAND_DATASET\U\625.png,U,two_hand,no_hands
C:\Users\singh\Desktop\a2 i&v\edited code files\data\raw\BSL_Dataset\2_HAND_DATASET\U\655.png,U,two_hand,"wrong_hand_count (detected 1, expected 2)"
C:\Users\singh\Desktop\a2 i&v\edited code files\data\raw\BSL_Dataset\2_HAND_DATASET\U\665.png,U,two_hand,"wrong_hand_count (detected 1, expected 2)"
C:\Users\singh\Desktop\a2 i&v\edited code files\data\raw\BSL_Dataset\2_HAND_DATASET\U\670.png,U,two_hand,no_hands
C:\Users\singh\Desktop\a2 i&v\edited code files\data\raw\BSL_Dataset\2_HAND_DATASET\U\675.png,U,two_hand,"wrong_hand_count (detected 1, expected 2)"
C:\Users\singh\Desktop\a2 i&v\edited code files\data\raw\BSL_Dataset\2_HAND_DATASET\U\680.png,U,two_hand,"wrong_hand_count (detected 1, expected 2)"
C:\Users\singh\Desktop\a2 i&v\edited code files\data\raw\BSL_Dataset\2_HAND_DATASET\U\705.png,U,two_hand,"wrong_hand_count (detected 1, expected 2)"
C:\Users\singh\Desktop\a2 i&v\edited code files\data\raw\BSL_Dataset\2_HAND_DATASET\U\710.png,U,two_hand,"wrong_hand_count (detected 1, expected 2)"
C:\Users\singh\Desktop\a2 i&v\edited code files\data\raw\BSL_Dataset\2_HAND_DATASET\U\715.png,U,two_hand,"wrong_hand_count (detected 1, expected 2)"
C:\Users\singh\Desktop\a2 i&v\edited code files\data\raw\BSL_Dataset\2_HAND_DATASET\U\735.png,U,two_hand,"wrong_hand_count (detected 1, expected 2)"
C:\Users\singh\Desktop\a2 i&v\edited code files\data\raw\BSL_Dataset\2_HAND_DATASET\U\740.png,U,two_hand,"wrong_hand_count (detected 1, expected 2)"
C:\Users\singh\Desktop\a2 i&v\edited code files\data\raw\BSL_Dataset\2_HAND_DATASET\U\745.png,U,two_hand,"wrong_hand_count (detected 1, expected 2)"
C:\Users\singh\Desktop\a2 i&v\edited code files\data\raw\BSL_Dataset\2_HAND_DATASET\U\750.png,U,two_hand,"wrong_hand_count (detected 1, expected 2)"
C:\Users\singh\Desktop\a2 i&v\edited code files\data\raw\BSL_Dataset\2_HAND_DATASET\U\755.png,U,two_hand,"wrong_hand_count (detected 1, expected 2)"
C:\Users\singh\Desktop\a2 i&v\edited code files\data\raw\BSL_Dataset\2_HAND_DATASET\U\770.png,U,two_hand,"wrong_hand_count (detected 1, expected 2)"
C:\Users\singh\Desktop\a2 i&v\edited code files\data\raw\BSL_Dataset\2_HAND_DATASET\U\775.png,U,two_hand,"wrong_hand_count (detected 1, expected 2)"
C:\Users\singh\Desktop\a2 i&v\edited code files\data\raw\BSL_Dataset\2_HAND_DATASET\U\780.png,U,two_hand,"wrong_hand_count (detected 1, expected 2)"
C:\Users\singh\Desktop\a2 i&v\edited code files\data\raw\BSL_Dataset\2_HAND_DATASET\U\785.png,U,two_hand,"wrong_hand_count (detected 1, expected 2)"
C:\Users\singh\Desktop\a2 i&v\edited code files\data\raw\BSL_Dataset\2_HAND_DATASET\U\795.png,U,two_hand,"wrong_hand_count (detected 1, expected 2)"
C:\Users\singh\Desktop\a2 i&v\edited code files\data\raw\BSL_Dataset\2_HAND_DATASET\U\835.png,U,two_hand,"wrong_hand_count (detected 1, expected 2)"
C:\Users\singh\Desktop\a2 i&v\edited code files\data\raw\BSL_Dataset\2_HAND_DATASET\U\845.png,U,two_hand,"wrong_hand_count (detected 1, expected 2)"
C:\Users\singh\Desktop\a2 i&v\edited code files\data\raw\BSL_Dataset\2_HAND_DATASET\U\865.png,U,two_hand,"wrong_hand_count (detected 1, expected 2)"
C:\Users\singh\Desktop\a2 i&v\edited code files\data\raw\BSL_Dataset\2_HAND_DATASET\U\90.png,U,two_hand,"wrong_hand_count (detected 1, expected 2)"
C:\Users\singh\Desktop\a2 i&v\edited code files\data\raw\BSL_Dataset\2_HAND_DATASET\U\900.png,U,two_hand,"wrong_hand_count (detected 1, expected 2)"
C:\Users\singh\Desktop\a2 i&v\edited code files\data\raw\BSL_Dataset\2_HAND_DATASET\U\925.png,U,two_hand,"wrong_hand_count (detected 1, expected 2)"
C:\Users\singh\Desktop\a2 i&v\edited code files\data\raw\BSL_Dataset\2_HAND_DATASET\U\930.png,U,two_hand,"wrong_hand_count (detected 1, expected 2)"
C:\Users\singh\Desktop\a2 i&v\edited code files\data\raw\BSL_Dataset\2_HAND_DATASET\U\935.png,U,two_hand,"wrong_hand_count (detected 1, expected 2)"
C:\Users\singh\Desktop\a2 i&v\edited code files\data\raw\BSL_Dataset\2_HAND_DATASET\U\940.png,U,two_hand,"wrong_hand_count (detected 1, expected 2)"
C:\Users\singh\Desktop\a2 i&v\edited code files\data\raw\BSL_Dataset\2_HAND_DATASET\U\970.png,U,two_hand,"wrong_hand_count (detected 1, expected 2)"
C:\Users\singh\Desktop\a2 i&v\edited code files\data\raw\BSL_Dataset\2_HAND_DATASET\U\990.png,U,two_hand,"wrong_hand_count (detected 1, expected 2)"
C:\Users\singh\Desktop\a2 i&v\edited code files\data\raw\BSL_Dataset\2_HAND_DATASET\U\995.png,U,two_hand,no_hands
C:\Users\singh\Desktop\a2 i&v\edited code files\data\raw\BSL_Dataset\2_HAND_DATASET\V\100.png,V,two_hand,"wrong_hand_count (detected 1, expected 2)"
C:\Users\singh\Desktop\a2 i&v\edited code files\data\raw\BSL_Dataset\2_HAND_DATASET\V\1000.png,V,two_hand,"wrong_hand_count (detected 1, expected 2)"
C:\Users\singh\Desktop\a2 i&v\edited code files\data\raw\BSL_Dataset\2_HAND_DATASET\V\1015.png,V,two_hand,"wrong_hand_count (detected 1, expected 2)"
C:\Users\singh\Desktop\a2 i&v\edited code files\data\raw\BSL_Dataset\2_HAND_DATASET\V\105.png,V,two_hand,"wrong_hand_count (detected 1, expected 2)"
C:\Users\singh\Desktop\a2 i&v\edited code files\data\raw\BSL_Dataset\2_HAND_DATASET\V\110.png,V,two_hand,"wrong_hand_count (detected 1, expected 2)"
C:\Users\singh\Desktop\a2 i&v\edited code files\data\raw\BSL_Dataset\2_HAND_DATASET\V\1105.png,V,two_hand,"wrong_hand_count (detected 1, expected 2)"
C:\Users\singh\Desktop\a2 i&v\edited code files\data\raw\BSL_Dataset\2_HAND_DATASET\V\115.png,V,two_hand,"wrong_hand_count (detected 1, expected 2)"
C:\Users\singh\Desktop\a2 i&v\edited code files\data\raw\BSL_Dataset\2_HAND_DATASET\V\1160.png,V,two_hand,"wrong_hand_count (detected 1, expected 2)"
C:\Users\singh\Desktop\a2 i&v\edited code files\data\raw\BSL_Dataset\2_HAND_DATASET\V\1170.png,V,two_hand,"wrong_hand_count (detected 1, expected 2)"
C:\Users\singh\Desktop\a2 i&v\edited code files\data\raw\BSL_Dataset\2_HAND_DATASET\V\1185.png,V,two_hand,"wrong_hand_count (detected 1, expected 2)"
C:\Users\singh\Desktop\a2 i&v\edited code files\data\raw\BSL_Dataset\2_HAND_DATASET\V\1190.png,V,two_hand,"wrong_hand_count (detected 1, expected 2)"
C:\Users\singh\Desktop\a2 i&v\edited code files\data\raw\BSL_Dataset\2_HAND_DATASET\V\1210.png,V,two_hand,"wrong_hand_count (detected 1, expected 2)"
C:\Users\singh\Desktop\a2 i&v\edited code files\data\raw\BSL_Dataset\2_HAND_DATASET\V\1215.png,V,two_hand,"wrong_hand_count (detected 1, expected 2)"
C:\Users\singh\Desktop\a2 i&v\edited code files\data\raw\BSL_Dataset\2_HAND_DATASET\V\1235.png,V,two_hand,"wrong_hand_count (detected 1, expected 2)"
C:\Users\singh\Desktop\a2 i&v\edited code files\data\raw\BSL_Dataset\2_HAND_DATASET\V\1240.png,V,two_hand,"wrong_hand_count (detected 1, expected 2)"
C:\Users\singh\Desktop\a2 i&v\edited code files\data\raw\BSL_Dataset\2_HAND_DATASET\V\1245.png,V,two_hand,"wrong_hand_count (detected 1, expected 2)"
C:\Users\singh\Desktop\a2 i&v\edited code files\data\raw\BSL_Dataset\2_HAND_DATASET\V\1260.png,V,two_hand,"wrong_hand_count (detected 1, expected 2)"
C:\Users\singh\Desktop\a2 i&v\edited code files\data\raw\BSL_Dataset\2_HAND_DATASET\V\1265.png,V,two_hand,"wrong_hand_count (detected 1, expected 2)"
C:\Users\singh\Desktop\a2 i&v\edited code files\data\raw\BSL_Dataset\2_HAND_DATASET\V\1275.png,V,two_hand,"wrong_hand_count (detected 1, expected 2)"
C:\Users\singh\Desktop\a2 i&v\edited code files\data\raw\BSL_Dataset\2_HAND_DATASET\V\1295.png,V,two_hand,"wrong_hand_count (detected 1, expected 2)"
C:\Users\singh\Desktop\a2 i&v\edited code files\data\raw\BSL_Dataset\2_HAND_DATASET\V\130.png,V,two_hand,"wrong_hand_count (detected 1, expected 2)"
C:\Users\singh\Desktop\a2 i&v\edited code files\data\raw\BSL_Dataset\2_HAND_DATASET\V\1330.png,V,two_hand,"wrong_hand_count (detected 1, expected 2)"
C:\Users\singh\Desktop\a2 i&v\edited code files\data\raw\BSL_Dataset\2_HAND_DATASET\V\1340.png,V,two_hand,"wrong_hand_count (detected 1, expected 2)"
C:\Users\singh\Desktop\a2 i&v\edited code files\data\raw\BSL_Dataset\2_HAND_DATASET\V\1370.png,V,two_hand,"wrong_hand_count (detected 1, expected 2)"
C:\Users\singh\Desktop\a2 i&v\edited code files\data\raw\BSL_Dataset\2_HAND_DATASET\V\1390.png,V,two_hand,"wrong_hand_count (detected 1, expected 2)"
C:\Users\singh\Desktop\a2 i&v\edited code files\data\raw\BSL_Dataset\2_HAND_DATASET\V\1395.png,V,two_hand,"wrong_hand_count (detected 1, expected 2)"
C:\Users\singh\Desktop\a2 i&v\edited code files\data\raw\BSL_Dataset\2_HAND_DATASET\V\140.png,V,two_hand,"wrong_hand_count (detected 1, expected 2)"
C:\Users\singh\Desktop\a2 i&v\edited code files\data\raw\BSL_Dataset\2_HAND_DATASET\V\1440.png,V,two_hand,"wrong_hand_count (detected 1, expected 2)"
C:\Users\singh\Desktop\a2 i&v\edited code files\data\raw\BSL_Dataset\2_HAND_DATASET\V\145.png,V,two_hand,"wrong_hand_count (detected 1, expected 2)"
C:\Users\singh\Desktop\a2 i&v\edited code files\data\raw\BSL_Dataset\2_HAND_DATASET\V\1470.png,V,two_hand,"wrong_hand_count (detected 1, expected 2)"
C:\Users\singh\Desktop\a2 i&v\edited code files\data\raw\BSL_Dataset\2_HAND_DATASET\V\1475.png,V,two_hand,"wrong_hand_count (detected 1, expected 2)"
C:\Users\singh\Desktop\a2 i&v\edited code files\data\raw\BSL_Dataset\2_HAND_DATASET\V\1480.png,V,two_hand,"wrong_hand_count (detected 1, expected 2)"
C:\Users\singh\Desktop\a2 i&v\edited code files\data\raw\BSL_Dataset\2_HAND_DATASET\V\1485.png,V,two_hand,"wrong_hand_count (detected 1, expected 2)"
C:\Users\singh\Desktop\a2 i&v\edited code files\data\raw\BSL_Dataset\2_HAND_DATASET\V\1495.png,V,two_hand,"wrong_hand_count (detected 1, expected 2)"
C:\Users\singh\Desktop\a2 i&v\edited code files\data\raw\BSL_Dataset\2_HAND_DATASET\V\150.png,V,two_hand,"wrong_hand_count (detected 1, expected 2)"
C:\Users\singh\Desktop\a2 i&v\edited code files\data\raw\BSL_Dataset\2_HAND_DATASET\V\1525.png,V,two_hand,"wrong_hand_count (detected 1, expected 2)"
C:\Users\singh\Desktop\a2 i&v\edited code files\data\raw\BSL_Dataset\2_HAND_DATASET\V\1540.png,V,two_hand,"wrong_hand_count (detected 1, expected 2)"
C:\Users\singh\Desktop\a2 i&v\edited code files\data\raw\BSL_Dataset\2_HAND_DATASET\V\1545.png,V,two_hand,"wrong_hand_count (detected 1, expected 2)"
C:\Users\singh\Desktop\a2 i&v\edited code files\data\raw\BSL_Dataset\2_HAND_DATASET\V\155.png,V,two_hand,"wrong_hand_count (detected 1, expected 2)"
C:\Users\singh\Desktop\a2 i&v\edited code files\data\raw\BSL_Dataset\2_HAND_DATASET\V\1570.png,V,two_hand,"wrong_hand_count (detected 1, expected 2)"
C:\Users\singh\Desktop\a2 i&v\edited code files\data\raw\BSL_Dataset\2_HAND_DATASET\V\1575.png,V,two_hand,"wrong_hand_count (detected 1, expected 2)"
C:\Users\singh\Desktop\a2 i&v\edited code files\data\raw\BSL_Dataset\2_HAND_DATASET\V\160.png,V,two_hand,"wrong_hand_count (detected 1, expected 2)"
C:\Users\singh\Desktop\a2 i&v\edited code files\data\raw\BSL_Dataset\2_HAND_DATASET\V\1605.png,V,two_hand,"wrong_hand_count (detected 1, expected 2)"
C:\Users\singh\Desktop\a2 i&v\edited code files\data\raw\BSL_Dataset\2_HAND_DATASET\V\1610.png,V,two_hand,"wrong_hand_count (detected 1, expected 2)"
C:\Users\singh\Desktop\a2 i&v\edited code files\data\raw\BSL_Dataset\2_HAND_DATASET\V\165.png,V,two_hand,"wrong_hand_count (detected 1, expected 2)"
C:\Users\singh\Desktop\a2 i&v\edited code files\data\raw\BSL_Dataset\2_HAND_DATASET\V\1680.png,V,two_hand,"wrong_hand_count (detected 1, expected 2)"
C:\Users\singh\Desktop\a2 i&v\edited code files\data\raw\BSL_Dataset\2_HAND_DATASET\V\1695.png,V,two_hand,"wrong_hand_count (detected 1, expected 2)"
C:\Users\singh\Desktop\a2 i&v\edited code files\data\raw\BSL_Dataset\2_HAND_DATASET\V\1705.png,V,two_hand,"wrong_hand_count (detected 1, expected 2)"
C:\Users\singh\Desktop\a2 i&v\edited code files\data\raw\BSL_Dataset\2_HAND_DATASET\V\1710.png,V,two_hand,"wrong_hand_count (detected 1, expected 2)"
C:\Users\singh\Desktop\a2 i&v\edited code files\data\raw\BSL_Dataset\2_HAND_DATASET\V\1730.png,V,two_hand,"wrong_hand_count (detected 1, expected 2)"
C:\Users\singh\Desktop\a2 i&v\edited code files\data\raw\BSL_Dataset\2_HAND_DATASET\V\1735.png,V,two_hand,"wrong_hand_count (detected 1, expected 2)"
C:\Users\singh\Desktop\a2 i&v\edited code files\data\raw\BSL_Dataset\2_HAND_DATASET\V\1780.png,V,two_hand,"wrong_hand_count (detected 1, expected 2)"
C:\Users\singh\Desktop\a2 i&v\edited code files\data\raw\BSL_Dataset\2_HAND_DATASET\V\1785.png,V,two_hand,"wrong_hand_count (detected 1, expected 2)"
C:\Users\singh\Desktop\a2 i&v\edited code files\data\raw\BSL_Dataset\2_HAND_DATASET\V\180.png,V,two_hand,"wrong_hand_count (detected 1, expected 2)"
C:\Users\singh\Desktop\a2 i&v\edited code files\data\raw\BSL_Dataset\2_HAND_DATASET\V\1800.png,V,two_hand,"wrong_hand_count (detected 1, expected 2)"
C:\Users\singh\Desktop\a2 i&v\edited code files\data\raw\BSL_Dataset\2_HAND_DATASET\V\185.png,V,two_hand,"wrong_hand_count (detected 1, expected 2)"
C:\Users\singh\Desktop\a2 i&v\edited code files\data\raw\BSL_Dataset\2_HAND_DATASET\V\190.png,V,two_hand,"wrong_hand_count (detected 1, expected 2)"
C:\Users\singh\Desktop\a2 i&v\edited code files\data\raw\BSL_Dataset\2_HAND_DATASET\V\1915.png,V,two_hand,"wrong_hand_count (detected 1, expected 2)"
C:\Users\singh\Desktop\a2 i&v\edited code files\data\raw\BSL_Dataset\2_HAND_DATASET\V\1920.png,V,two_hand,"wrong_hand_count (detected 1, expected 2)"
C:\Users\singh\Desktop\a2 i&v\edited code files\data\raw\BSL_Dataset\2_HAND_DATASET\V\1940.png,V,two_hand,"wrong_hand_count (detected 1, expected 2)"
C:\Users\singh\Desktop\a2 i&v\edited code files\data\raw\BSL_Dataset\2_HAND_DATASET\V\195.png,V,two_hand,"wrong_hand_count (detected 1, expected 2)"
C:\Users\singh\Desktop\a2 i&v\edited code files\data\raw\BSL_Dataset\2_HAND_DATASET\V\1995.png,V,two_hand,"wrong_hand_count (detected 1, expected 2)"
C:\Users\singh\Desktop\a2 i&v\edited code files\data\raw\BSL_Dataset\2_HAND_DATASET\V\200.png,V,two_hand,"wrong_hand_count (detected 1, expected 2)"
C:\Users\singh\Desktop\a2 i&v\edited code files\data\raw\BSL_Dataset\2_HAND_DATASET\V\2035.png,V,two_hand,"wrong_hand_count (detected 1, expected 2)"
C:\Users\singh\Desktop\a2 i&v\edited code files\data\raw\BSL_Dataset\2_HAND_DATASET\V\205.png,V,two_hand,"wrong_hand_count (detected 1, expected 2)"
C:\Users\singh\Desktop\a2 i&v\edited code files\data\raw\BSL_Dataset\2_HAND_DATASET\V\2090.png,V,two_hand,"wrong_hand_count (detected 1, expected 2)"
C:\Users\singh\Desktop\a2 i&v\edited code files\data\raw\BSL_Dataset\2_HAND_DATASET\V\210.png,V,two_hand,"wrong_hand_count (detected 1, expected 2)"
C:\Users\singh\Desktop\a2 i&v\edited code files\data\raw\BSL_Dataset\2_HAND_DATASET\V\2135.png,V,two_hand,"wrong_hand_count (detected 1, expected 2)"
C:\Users\singh\Desktop\a2 i&v\edited code files\data\raw\BSL_Dataset\2_HAND_DATASET\V\215.png,V,two_hand,"wrong_hand_count (detected 1, expected 2)"
C:\Users\singh\Desktop\a2 i&v\edited code files\data\raw\BSL_Dataset\2_HAND_DATASET\V\2170.png,V,two_hand,"wrong_hand_count (detected 1, expected 2)"
C:\Users\singh\Desktop\a2 i&v\edited code files\data\raw\BSL_Dataset\2_HAND_DATASET\V\2265.png,V,two_hand,"wrong_hand_count (detected 1, expected 2)"
C:\Users\singh\Desktop\a2 i&v\edited code files\data\raw\BSL_Dataset\2_HAND_DATASET\V\2270.png,V,two_hand,"wrong_hand_count (detected 1, expected 2)"
C:\Users\singh\Desktop\a2 i&v\edited code files\data\raw\BSL_Dataset\2_HAND_DATASET\V\2275.png,V,two_hand,"wrong_hand_count (detected 1, expected 2)"
C:\Users\singh\Desktop\a2 i&v\edited code files\data\raw\BSL_Dataset\2_HAND_DATASET\V\2280.png,V,two_hand,"wrong_hand_count (detected 1, expected 2)"
C:\Users\singh\Desktop\a2 i&v\edited code files\data\raw\BSL_Dataset\2_HAND_DATASET\V\2295.png,V,two_hand,"wrong_hand_count (detected 1, expected 2)"
C:\Users\singh\Desktop\a2 i&v\edited code files\data\raw\BSL_Dataset\2_HAND_DATASET\V\2350.png,V,two_hand,"wrong_hand_count (detected 1, expected 2)"
C:\Users\singh\Desktop\a2 i&v\edited code files\data\raw\BSL_Dataset\2_HAND_DATASET\V\2370.png,V,two_hand,"wrong_hand_count (detected 1, expected 2)"
C:\Users\singh\Desktop\a2 i&v\edited code files\data\raw\BSL_Dataset\2_HAND_DATASET\V\2380.png,V,two_hand,"wrong_hand_count (detected 1, expected 2)"
C:\Users\singh\Desktop\a2 i&v\edited code files\data\raw\BSL_Dataset\2_HAND_DATASET\V\2385.png,V,two_hand,"wrong_hand_count (detected 1, expected 2)"
C:\Users\singh\Desktop\a2 i&v\edited code files\data\raw\BSL_Dataset\2_HAND_DATASET\V\2390.png,V,two_hand,"wrong_hand_count (detected 1, expected 2)"
C:\Users\singh\Desktop\a2 i&v\edited code files\data\raw\BSL_Dataset\2_HAND_DATASET\V\2395.png,V,two_hand,"wrong_hand_count (detected 1, expected 2)"
C:\Users\singh\Desktop\a2 i&v\edited code files\data\raw\BSL_Dataset\2_HAND_DATASET\V\240.png,V,two_hand,"wrong_hand_count (detected 1, expected 2)"
C:\Users\singh\Desktop\a2 i&v\edited code files\data\raw\BSL_Dataset\2_HAND_DATASET\V\2400.png,V,two_hand,"wrong_hand_count (detected 1, expected 2)"
C:\Users\singh\Desktop\a2 i&v\edited code files\data\raw\BSL_Dataset\2_HAND_DATASET\V\2405.png,V,two_hand,"wrong_hand_count (detected 1, expected 2)"
C:\Users\singh\Desktop\a2 i&v\edited code files\data\raw\BSL_Dataset\2_HAND_DATASET\V\245.png,V,two_hand,"wrong_hand_count (detected 1, expected 2)"
C:\Users\singh\Desktop\a2 i&v\edited code files\data\raw\BSL_Dataset\2_HAND_DATASET\V\2460.png,V,two_hand,"wrong_hand_count (detected 1, expected 2)"
C:\Users\singh\Desktop\a2 i&v\edited code files\data\raw\BSL_Dataset\2_HAND_DATASET\V\2470.png,V,two_hand,"wrong_hand_count (detected 1, expected 2)"
C:\Users\singh\Desktop\a2 i&v\edited code files\data\raw\BSL_Dataset\2_HAND_DATASET\V\2475.png,V,two_hand,"wrong_hand_count (detected 1, expected 2)"
C:\Users\singh\Desktop\a2 i&v\edited code files\data\raw\BSL_Dataset\2_HAND_DATASET\V\2480.png,V,two_hand,"wrong_hand_count (detected 1, expected 2)"
C:\Users\singh\Desktop\a2 i&v\edited code files\data\raw\BSL_Dataset\2_HAND_DATASET\V\2485.png,V,two_hand,"wrong_hand_count (detected 1, expected 2)"
C:\Users\singh\Desktop\a2 i&v\edited code files\data\raw\BSL_Dataset\2_HAND_DATASET\V\2490.png,V,two_hand,"wrong_hand_count (detected 1, expected 2)"
C:\Users\singh\Desktop\a2 i&v\edited code files\data\raw\BSL_Dataset\2_HAND_DATASET\V\2495.png,V,two_hand,"wrong_hand_count (detected 1, expected 2)"
C:\Users\singh\Desktop\a2 i&v\edited code files\data\raw\BSL_Dataset\2_HAND_DATASET\V\250.png,V,two_hand,"wrong_hand_count (detected 1, expected 2)"
C:\Users\singh\Desktop\a2 i&v\edited code files\data\raw\BSL_Dataset\2_HAND_DATASET\V\2500.png,V,two_hand,"wrong_hand_count (detected 1, expected 2)"
C:\Users\singh\Desktop\a2 i&v\edited code files\data\raw\BSL_Dataset\2_HAND_DATASET\V\2505.png,V,two_hand,"wrong_hand_count (detected 1, expected 2)"
C:\Users\singh\Desktop\a2 i&v\edited code files\data\raw\BSL_Dataset\2_HAND_DATASET\V\2510.png,V,two_hand,"wrong_hand_count (detected 1, expected 2)"
C:\Users\singh\Desktop\a2 i&v\edited code files\data\raw\BSL_Dataset\2_HAND_DATASET\V\2515.png,V,two_hand,"wrong_hand_count (detected 1, expected 2)"
C:\Users\singh\Desktop\a2 i&v\edited code files\data\raw\BSL_Dataset\2_HAND_DATASET\V\255.png,V,two_hand,"wrong_hand_count (detected 1, expected 2)"
C:\Users\singh\Desktop\a2 i&v\edited code files\data\raw\BSL_Dataset\2_HAND_DATASET\V\2565.png,V,two_hand,"wrong_hand_count (detected 1, expected 2)"
C:\Users\singh\Desktop\a2 i&v\edited code files\data\raw\BSL_Dataset\2_HAND_DATASET\V\2575.png,V,two_hand,"wrong_hand_count (detected 1, expected 2)"
C:\Users\singh\Desktop\a2 i&v\edited code files\data\raw\BSL_Dataset\2_HAND_DATASET\V\2580.png,V,two_hand,"wrong_hand_count (detected 1, expected 2)"
C:\Users\singh\Desktop\a2 i&v\edited code files\data\raw\BSL_Dataset\2_HAND_DATASET\V\2585.png,V,two_hand,"wrong_hand_count (detected 1, expected 2)"
C:\Users\singh\Desktop\a2 i&v\edited code files\data\raw\BSL_Dataset\2_HAND_DATASET\V\2590.png,V,two_hand,"wrong_hand_count (detected 1, expected 2)"
C:\Users\singh\Desktop\a2 i&v\edited code files\data\raw\BSL_Dataset\2_HAND_DATASET\V\2595.png,V,two_hand,"wrong_hand_count (detected 1, expected 2)"
C:\Users\singh\Desktop\a2 i&v\edited code files\data\raw\BSL_Dataset\2_HAND_DATASET\V\260.png,V,two_hand,"wrong_hand_count (detected 1, expected 2)"
C:\Users\singh\Desktop\a2 i&v\edited code files\data\raw\BSL_Dataset\2_HAND_DATASET\V\2600.png,V,two_hand,"wrong_hand_count (detected 1, expected 2)"
C:\Users\singh\Desktop\a2 i&v\edited code files\data\raw\BSL_Dataset\2_HAND_DATASET\V\2605.png,V,two_hand,"wrong_hand_count (detected 1, expected 2)"
C:\Users\singh\Desktop\a2 i&v\edited code files\data\raw\BSL_Dataset\2_HAND_DATASET\V\2615.png,V,two_hand,"wrong_hand_count (detected 1, expected 2)"
C:\Users\singh\Desktop\a2 i&v\edited code files\data\raw\BSL_Dataset\2_HAND_DATASET\V\2620.png,V,two_hand,"wrong_hand_count (detected 1, expected 2)"
C:\Users\singh\Desktop\a2 i&v\edited code files\data\raw\BSL_Dataset\2_HAND_DATASET\V\265.png,V,two_hand,"wrong_hand_count (detected 1, expected 2)"
C:\Users\singh\Desktop\a2 i&v\edited code files\data\raw\BSL_Dataset\2_HAND_DATASET\V\2685.png,V,two_hand,"wrong_hand_count (detected 1, expected 2)"
C:\Users\singh\Desktop\a2 i&v\edited code files\data\raw\BSL_Dataset\2_HAND_DATASET\V\2690.png,V,two_hand,"wrong_hand_count (detected 1, expected 2)"
C:\Users\singh\Desktop\a2 i&v\edited code files\data\raw\BSL_Dataset\2_HAND_DATASET\V\2695.png,V,two_hand,"wrong_hand_count (detected 1, expected 2)"
C:\Users\singh\Desktop\a2 i&v\edited code files\data\raw\BSL_Dataset\2_HAND_DATASET\V\270.png,V,two_hand,"wrong_hand_count (detected 1, expected 2)"
C:\Users\singh\Desktop\a2 i&v\edited code files\data\raw\BSL_Dataset\2_HAND_DATASET\V\2700.png,V,two_hand,"wrong_hand_count (detected 1, expected 2)"
C:\Users\singh\Desktop\a2 i&v\edited code files\data\raw\BSL_Dataset\2_HAND_DATASET\V\2705.png,V,two_hand,"wrong_hand_count (detected 1, expected 2)"
C:\Users\singh\Desktop\a2 i&v\edited code files\data\raw\BSL_Dataset\2_HAND_DATASET\V\2710.png,V,two_hand,"wrong_hand_count (detected 1, expected 2)"
C:\Users\singh\Desktop\a2 i&v\edited code files\data\raw\BSL_Dataset\2_HAND_DATASET\V\2720.png,V,two_hand,"wrong_hand_count (detected 1, expected 2)"
C:\Users\singh\Desktop\a2 i&v\edited code files\data\raw\BSL_Dataset\2_HAND_DATASET\V\2780.png,V,two_hand,"wrong_hand_count (detected 1, expected 2)"
C:\Users\singh\Desktop\a2 i&v\edited code files\data\raw\BSL_Dataset\2_HAND_DATASET\V\2785.png,V,two_hand,"wrong_hand_count (detected 1, expected 2)"
C:\Users\singh\Desktop\a2 i&v\edited code files\data\raw\BSL_Dataset\2_HAND_DATASET\V\2795.png,V,two_hand,"wrong_hand_count (detected 1, expected 2)"
C:\Users\singh\Desktop\a2 i&v\edited code files\data\raw\BSL_Dataset\2_HAND_DATASET\V\280.png,V,two_hand,"wrong_hand_count (detected 1, expected 2)"
C:\Users\singh\Desktop\a2 i&v\edited code files\data\raw\BSL_Dataset\2_HAND_DATASET\V\2800.png,V,two_hand,"wrong_hand_count (detected 1, expected 2)"
C:\Users\singh\Desktop\a2 i&v\edited code files\data\raw\BSL_Dataset\2_HAND_DATASET\V\2805.png,V,two_hand,"wrong_hand_count (detected 1, expected 2)"
C:\Users\singh\Desktop\a2 i&v\edited code files\data\raw\BSL_Dataset\2_HAND_DATASET\V\2810.png,V,two_hand,"wrong_hand_count (detected 1, expected 2)"
C:\Users\singh\Desktop\a2 i&v\edited code files\data\raw\BSL_Dataset\2_HAND_DATASET\V\2815.png,V,two_hand,"wrong_hand_count (detected 1, expected 2)"
C:\Users\singh\Desktop\a2 i&v\edited code files\data\raw\BSL_Dataset\2_HAND_DATASET\V\2820.png,V,two_hand,"wrong_hand_count (detected 1, expected 2)"
C:\Users\singh\Desktop\a2 i&v\edited code files\data\raw\BSL_Dataset\2_HAND_DATASET\V\2825.png,V,two_hand,"wrong_hand_count (detected 1, expected 2)"
C:\Users\singh\Desktop\a2 i&v\edited code files\data\raw\BSL_Dataset\2_HAND_DATASET\V\2830.png,V,two_hand,"wrong_hand_count (detected 1, expected 2)"
C:\Users\singh\Desktop\a2 i&v\edited code files\data\raw\BSL_Dataset\2_HAND_DATASET\V\285.png,V,two_hand,"wrong_hand_count (detected 1, expected 2)"
C:\Users\singh\Desktop\a2 i&v\edited code files\data\raw\BSL_Dataset\2_HAND_DATASET\V\2870.png,V,two_hand,"wrong_hand_count (detected 1, expected 2)"
C:\Users\singh\Desktop\a2 i&v\edited code files\data\raw\BSL_Dataset\2_HAND_DATASET\V\2885.png,V,two_hand,"wrong_hand_count (detected 1, expected 2)"
C:\Users\singh\Desktop\a2 i&v\edited code files\data\raw\BSL_Dataset\2_HAND_DATASET\V\2890.png,V,two_hand,"wrong_hand_count (detected 1, expected 2)"
C:\Users\singh\Desktop\a2 i&v\edited code files\data\raw\BSL_Dataset\2_HAND_DATASET\V\2895.png,V,two_hand,"wrong_hand_count (detected 1, expected 2)"
C:\Users\singh\Desktop\a2 i&v\edited code files\data\raw\BSL_Dataset\2_HAND_DATASET\V\2900.png,V,two_hand,"wrong_hand_count (detected 1, expected 2)"
C:\Users\singh\Desktop\a2 i&v\edited code files\data\raw\BSL_Dataset\2_HAND_DATASET\V\2905.png,V,two_hand,"wrong_hand_count (detected 1, expected 2)"
C:\Users\singh\Desktop\a2 i&v\edited code files\data\raw\BSL_Dataset\2_HAND_DATASET\V\2910.png,V,two_hand,"wrong_hand_count (detected 1, expected 2)"
C:\Users\singh\Desktop\a2 i&v\edited code files\data\raw\BSL_Dataset\2_HAND_DATASET\V\2915.png,V,two_hand,"wrong_hand_count (detected 1, expected 2)"
C:\Users\singh\Desktop\a2 i&v\edited code files\data\raw\BSL_Dataset\2_HAND_DATASET\V\2920.png,V,two_hand,"wrong_hand_count (detected 1, expected 2)"
C:\Users\singh\Desktop\a2 i&v\edited code files\data\raw\BSL_Dataset\2_HAND_DATASET\V\2925.png,V,two_hand,"wrong_hand_count (detected 1, expected 2)"
C:\Users\singh\Desktop\a2 i&v\edited code files\data\raw\BSL_Dataset\2_HAND_DATASET\V\2930.png,V,two_hand,"wrong_hand_count (detected 1, expected 2)"
C:\Users\singh\Desktop\a2 i&v\edited code files\data\raw\BSL_Dataset\2_HAND_DATASET\V\295.png,V,two_hand,"wrong_hand_count (detected 1, expected 2)"
C:\Users\singh\Desktop\a2 i&v\edited code files\data\raw\BSL_Dataset\2_HAND_DATASET\V\2980.png,V,two_hand,"wrong_hand_count (detected 1, expected 2)"
C:\Users\singh\Desktop\a2 i&v\edited code files\data\raw\BSL_Dataset\2_HAND_DATASET\V\2985.png,V,two_hand,"wrong_hand_count (detected 1, expected 2)"
C:\Users\singh\Desktop\a2 i&v\edited code files\data\raw\BSL_Dataset\2_HAND_DATASET\V\30.png,V,two_hand,"wrong_hand_count (detected 1, expected 2)"
C:\Users\singh\Desktop\a2 i&v\edited code files\data\raw\BSL_Dataset\2_HAND_DATASET\V\300.png,V,two_hand,"wrong_hand_count (detected 1, expected 2)"
C:\Users\singh\Desktop\a2 i&v\edited code files\data\raw\BSL_Dataset\2_HAND_DATASET\V\3000.png,V,two_hand,"wrong_hand_count (detected 1, expected 2)"
C:\Users\singh\Desktop\a2 i&v\edited code files\data\raw\BSL_Dataset\2_HAND_DATASET\V\3005.png,V,two_hand,"wrong_hand_count (detected 1, expected 2)"
C:\Users\singh\Desktop\a2 i&v\edited code files\data\raw\BSL_Dataset\2_HAND_DATASET\V\3010.png,V,two_hand,"wrong_hand_count (detected 1, expected 2)"
C:\Users\singh\Desktop\a2 i&v\edited code files\data\raw\BSL_Dataset\2_HAND_DATASET\V\3015.png,V,two_hand,"wrong_hand_count (detected 1, expected 2)"
C:\Users\singh\Desktop\a2 i&v\edited code files\data\raw\BSL_Dataset\2_HAND_DATASET\V\3020.png,V,two_hand,"wrong_hand_count (detected 1, expected 2)"
C:\Users\singh\Desktop\a2 i&v\edited code files\data\raw\BSL_Dataset\2_HAND_DATASET\V\3025.png,V,two_hand,"wrong_hand_count (detected 1, expected 2)"
C:\Users\singh\Desktop\a2 i&v\edited code files\data\raw\BSL_Dataset\2_HAND_DATASET\V\3030.png,V,two_hand,"wrong_hand_count (detected 1, expected 2)"
C:\Users\singh\Desktop\a2 i&v\edited code files\data\raw\BSL_Dataset\2_HAND_DATASET\V\3035.png,V,two_hand,"wrong_hand_count (detected 1, expected 2)"
C:\Users\singh\Desktop\a2 i&v\edited code files\data\raw\BSL_Dataset\2_HAND_DATASET\V\305.png,V,two_hand,"wrong_hand_count (detected 1, expected 2)"
C:\Users\singh\Desktop\a2 i&v\edited code files\data\raw\BSL_Dataset\2_HAND_DATASET\V\3080.png,V,two_hand,"wrong_hand_count (detected 1, expected 2)"
C:\Users\singh\Desktop\a2 i&v\edited code files\data\raw\BSL_Dataset\2_HAND_DATASET\V\3090.png,V,two_hand,"wrong_hand_count (detected 1, expected 2)"
C:\Users\singh\Desktop\a2 i&v\edited code files\data\raw\BSL_Dataset\2_HAND_DATASET\V\3095.png,V,two_hand,"wrong_hand_count (detected 1, expected 2)"
C:\Users\singh\Desktop\a2 i&v\edited code files\data\raw\BSL_Dataset\2_HAND_DATASET\V\310.png,V,two_hand,"wrong_hand_count (detected 1, expected 2)"
C:\Users\singh\Desktop\a2 i&v\edited code files\data\raw\BSL_Dataset\2_HAND_DATASET\V\3100.png,V,two_hand,"wrong_hand_count (detected 1, expected 2)"
C:\Users\singh\Desktop\a2 i&v\edited code files\data\raw\BSL_Dataset\2_HAND_DATASET\V\3105.png,V,two_hand,"wrong_hand_count (detected 1, expected 2)"
C:\Users\singh\Desktop\a2 i&v\edited code files\data\raw\BSL_Dataset\2_HAND_DATASET\V\3110.png,V,two_hand,"wrong_hand_count (detected 1, expected 2)"
C:\Users\singh\Desktop\a2 i&v\edited code files\data\raw\BSL_Dataset\2_HAND_DATASET\V\3115.png,V,two_hand,"wrong_hand_count (detected 1, expected 2)"
C:\Users\singh\Desktop\a2 i&v\edited code files\data\raw\BSL_Dataset\2_HAND_DATASET\V\3120.png,V,two_hand,"wrong_hand_count (detected 1, expected 2)"
C:\Users\singh\Desktop\a2 i&v\edited code files\data\raw\BSL_Dataset\2_HAND_DATASET\V\3125.png,V,two_hand,"wrong_hand_count (detected 1, expected 2)"
C:\Users\singh\Desktop\a2 i&v\edited code files\data\raw\BSL_Dataset\2_HAND_DATASET\V\3130.png,V,two_hand,"wrong_hand_count (detected 1, expected 2)"
C:\Users\singh\Desktop\a2 i&v\edited code files\data\raw\BSL_Dataset\2_HAND_DATASET\V\3135.png,V,two_hand,"wrong_hand_count (detected 1, expected 2)"
C:\Users\singh\Desktop\a2 i&v\edited code files\data\raw\BSL_Dataset\2_HAND_DATASET\V\3140.png,V,two_hand,"wrong_hand_count (detected 1, expected 2)"
C:\Users\singh\Desktop\a2 i&v\edited code files\data\raw\BSL_Dataset\2_HAND_DATASET\V\3145.png,V,two_hand,"wrong_hand_count (detected 1, expected 2)"
C:\Users\singh\Desktop\a2 i&v\edited code files\data\raw\BSL_Dataset\2_HAND_DATASET\V\315.png,V,two_hand,"wrong_hand_count (detected 1, expected 2)"
C:\Users\singh\Desktop\a2 i&v\edited code files\data\raw\BSL_Dataset\2_HAND_DATASET\V\3155.png,V,two_hand,"wrong_hand_count (detected 1, expected 2)"
C:\Users\singh\Desktop\a2 i&v\edited code files\data\raw\BSL_Dataset\2_HAND_DATASET\V\3165.png,V,two_hand,"wrong_hand_count (detected 1, expected 2)"
C:\Users\singh\Desktop\a2 i&v\edited code files\data\raw\BSL_Dataset\2_HAND_DATASET\V\3175.png,V,two_hand,"wrong_hand_count (detected 1, expected 2)"
C:\Users\singh\Desktop\a2 i&v\edited code files\data\raw\BSL_Dataset\2_HAND_DATASET\V\3180.png,V,two_hand,"wrong_hand_count (detected 1, expected 2)"
C:\Users\singh\Desktop\a2 i&v\edited code files\data\raw\BSL_Dataset\2_HAND_DATASET\V\320.png,V,two_hand,"wrong_hand_count (detected 1, expected 2)"
C:\Users\singh\Desktop\a2 i&v\edited code files\data\raw\BSL_Dataset\2_HAND_DATASET\V\3220.png,V,two_hand,"wrong_hand_count (detected 1, expected 2)"
C:\Users\singh\Desktop\a2 i&v\edited code files\data\raw\BSL_Dataset\2_HAND_DATASET\V\3225.png,V,two_hand,"wrong_hand_count (detected 1, expected 2)"
C:\Users\singh\Desktop\a2 i&v\edited code files\data\raw\BSL_Dataset\2_HAND_DATASET\V\3230.png,V,two_hand,"wrong_hand_count (detected 1, expected 2)"
C:\Users\singh\Desktop\a2 i&v\edited code files\data\raw\BSL_Dataset\2_HAND_DATASET\V\3235.png,V,two_hand,no_hands
C:\Users\singh\Desktop\a2 i&v\edited code files\data\raw\BSL_Dataset\2_HAND_DATASET\V\3240.png,V,two_hand,"wrong_hand_count (detected 1, expected 2)"
C:\Users\singh\Desktop\a2 i&v\edited code files\data\raw\BSL_Dataset\2_HAND_DATASET\V\3245.png,V,two_hand,"wrong_hand_count (detected 1, expected 2)"
C:\Users\singh\Desktop\a2 i&v\edited code files\data\raw\BSL_Dataset\2_HAND_DATASET\V\325.png,V,two_hand,"wrong_hand_count (detected 1, expected 2)"
C:\Users\singh\Desktop\a2 i&v\edited code files\data\raw\BSL_Dataset\2_HAND_DATASET\V\3255.png,V,two_hand,"wrong_hand_count (detected 1, expected 2)"
C:\Users\singh\Desktop\a2 i&v\edited code files\data\raw\BSL_Dataset\2_HAND_DATASET\V\3290.png,V,two_hand,"wrong_hand_count (detected 1, expected 2)"
C:\Users\singh\Desktop\a2 i&v\edited code files\data\raw\BSL_Dataset\2_HAND_DATASET\V\330.png,V,two_hand,"wrong_hand_count (detected 1, expected 2)"
C:\Users\singh\Desktop\a2 i&v\edited code files\data\raw\BSL_Dataset\2_HAND_DATASET\V\3315.png,V,two_hand,"wrong_hand_count (detected 1, expected 2)"
C:\Users\singh\Desktop\a2 i&v\edited code files\data\raw\BSL_Dataset\2_HAND_DATASET\V\3320.png,V,two_hand,"wrong_hand_count (detected 1, expected 2)"
C:\Users\singh\Desktop\a2 i&v\edited code files\data\raw\BSL_Dataset\2_HAND_DATASET\V\3325.png,V,two_hand,"wrong_hand_count (detected 1, expected 2)"
C:\Users\singh\Desktop\a2 i&v\edited code files\data\raw\BSL_Dataset\2_HAND_DATASET\V\3330.png,V,two_hand,"wrong_hand_count (detected 1, expected 2)"
C:\Users\singh\Desktop\a2 i&v\edited code files\data\raw\BSL_Dataset\2_HAND_DATASET\V\3335.png,V,two_hand,"wrong_hand_count (detected 1, expected 2)"
C:\Users\singh\Desktop\a2 i&v\edited code files\data\raw\BSL_Dataset\2_HAND_DATASET\V\3340.png,V,two_hand,"wrong_hand_count (detected 1, expected 2)"
C:\Users\singh\Desktop\a2 i&v\edited code files\data\raw\BSL_Dataset\2_HAND_DATASET\V\3345.png,V,two_hand,"wrong_hand_count (detected 1, expected 2)"
C:\Users\singh\Desktop\a2 i&v\edited code files\data\raw\BSL_Dataset\2_HAND_DATASET\V\3350.png,V,two_hand,"wrong_hand_count (detected 1, expected 2)"
C:\Users\singh\Desktop\a2 i&v\edited code files\data\raw\BSL_Dataset\2_HAND_DATASET\V\3355.png,V,two_hand,"wrong_hand_count (detected 1, expected 2)"
C:\Users\singh\Desktop\a2 i&v\edited code files\data\raw\BSL_Dataset\2_HAND_DATASET\V\340.png,V,two_hand,"wrong_hand_count (detected 1, expected 2)"
C:\Users\singh\Desktop\a2 i&v\edited code files\data\raw\BSL_Dataset\2_HAND_DATASET\V\3420.png,V,two_hand,"wrong_hand_count (detected 1, expected 2)"
C:\Users\singh\Desktop\a2 i&v\edited code files\data\raw\BSL_Dataset\2_HAND_DATASET\V\3425.png,V,two_hand,"wrong_hand_count (detected 1, expected 2)"
C:\Users\singh\Desktop\a2 i&v\edited code files\data\raw\BSL_Dataset\2_HAND_DATASET\V\3430.png,V,two_hand,"wrong_hand_count (detected 1, expected 2)"
C:\Users\singh\Desktop\a2 i&v\edited code files\data\raw\BSL_Dataset\2_HAND_DATASET\V\3435.png,V,two_hand,"wrong_hand_count (detected 1, expected 2)"
C:\Users\singh\Desktop\a2 i&v\edited code files\data\raw\BSL_Dataset\2_HAND_DATASET\V\3440.png,V,two_hand,"wrong_hand_count (detected 1, expected 2)"
C:\Users\singh\Desktop\a2 i&v\edited code files\data\raw\BSL_Dataset\2_HAND_DATASET\V\3445.png,V,two_hand,"wrong_hand_count (detected 1, expected 2)"
C:\Users\singh\Desktop\a2 i&v\edited code files\data\raw\BSL_Dataset\2_HAND_DATASET\V\345.png,V,two_hand,"wrong_hand_count (detected 1, expected 2)"
C:\Users\singh\Desktop\a2 i&v\edited code files\data\raw\BSL_Dataset\2_HAND_DATASET\V\3450.png,V,two_hand,"wrong_hand_count (detected 1, expected 2)"
C:\Users\singh\Desktop\a2 i&v\edited code files\data\raw\BSL_Dataset\2_HAND_DATASET\V\3455.png,V,two_hand,"wrong_hand_count (detected 1, expected 2)"
C:\Users\singh\Desktop\a2 i&v\edited code files\data\raw\BSL_Dataset\2_HAND_DATASET\V\3460.png,V,two_hand,"wrong_hand_count (detected 1, expected 2)"
C:\Users\singh\Desktop\a2 i&v\edited code files\data\raw\BSL_Dataset\2_HAND_DATASET\V\35.png,V,two_hand,"wrong_hand_count (detected 1, expected 2)"
C:\Users\singh\Desktop\a2 i&v\edited code files\data\raw\BSL_Dataset\2_HAND_DATASET\V\350.png,V,two_hand,"wrong_hand_count (detected 1, expected 2)"
C:\Users\singh\Desktop\a2 i&v\edited code files\data\raw\BSL_Dataset\2_HAND_DATASET\V\3535.png,V,two_hand,"wrong_hand_count (detected 1, expected 2)"
C:\Users\singh\Desktop\a2 i&v\edited code files\data\raw\BSL_Dataset\2_HAND_DATASET\V\3540.png,V,two_hand,"wrong_hand_count (detected 1, expected 2)"
C:\Users\singh\Desktop\a2 i&v\edited code files\data\raw\BSL_Dataset\2_HAND_DATASET\V\3545.png,V,two_hand,"wrong_hand_count (detected 1, expected 2)"
C:\Users\singh\Desktop\a2 i&v\edited code files\data\raw\BSL_Dataset\2_HAND_DATASET\V\355.png,V,two_hand,"wrong_hand_count (detected 1, expected 2)"
C:\Users\singh\Desktop\a2 i&v\edited code files\data\raw\BSL_Dataset\2_HAND_DATASET\V\3550.png,V,two_hand,"wrong_hand_count (detected 1, expected 2)"
C:\Users\singh\Desktop\a2 i&v\edited code files\data\raw\BSL_Dataset\2_HAND_DATASET\V\3555.png,V,two_hand,"wrong_hand_count (detected 1, expected 2)"
C:\Users\singh\Desktop\a2 i&v\edited code files\data\raw\BSL_Dataset\2_HAND_DATASET\V\3560.png,V,two_hand,"wrong_hand_count (detected 1, expected 2)"
C:\Users\singh\Desktop\a2 i&v\edited code files\data\raw\BSL_Dataset\2_HAND_DATASET\V\3565.png,V,two_hand,"wrong_hand_count (detected 1, expected 2)"
C:\Users\singh\Desktop\a2 i&v\edited code files\data\raw\BSL_Dataset\2_HAND_DATASET\V\3570.png,V,two_hand,"wrong_hand_count (detected 1, expected 2)"
C:\Users\singh\Desktop\a2 i&v\edited code files\data\raw\BSL_Dataset\2_HAND_DATASET\V\3575.png,V,two_hand,"wrong_hand_count (detected 1, expected 2)"
C:\Users\singh\Desktop\a2 i&v\edited code files\data\raw\BSL_Dataset\2_HAND_DATASET\V\3580.png,V,two_hand,"wrong_hand_count (detected 1, expected 2)"
C:\Users\singh\Desktop\a2 i&v\edited code files\data\raw\BSL_Dataset\2_HAND_DATASET\V\360.png,V,two_hand,"wrong_hand_count (detected 1, expected 2)"
C:\Users\singh\Desktop\a2 i&v\edited code files\data\raw\BSL_Dataset\2_HAND_DATASET\V\3640.png,V,two_hand,"wrong_hand_count (detected 1, expected 2)"
C:\Users\singh\Desktop\a2 i&v\edited code files\data\raw\BSL_Dataset\2_HAND_DATASET\V\3645.png,V,two_hand,"wrong_hand_count (detected 1, expected 2)"
C:\Users\singh\Desktop\a2 i&v\edited code files\data\raw\BSL_Dataset\2_HAND_DATASET\V\365.png,V,two_hand,"wrong_hand_count (detected 1, expected 2)"
C:\Users\singh\Desktop\a2 i&v\edited code files\data\raw\BSL_Dataset\2_HAND_DATASET\V\3650.png,V,two_hand,"wrong_hand_count (detected 1, expected 2)"
C:\Users\singh\Desktop\a2 i&v\edited code files\data\raw\BSL_Dataset\2_HAND_DATASET\V\3655.png,V,two_hand,"wrong_hand_count (detected 1, expected 2)"
C:\Users\singh\Desktop\a2 i&v\edited code files\data\raw\BSL_Dataset\2_HAND_DATASET\V\3660.png,V,two_hand,"wrong_hand_count (detected 1, expected 2)"
C:\Users\singh\Desktop\a2 i&v\edited code files\data\raw\BSL_Dataset\2_HAND_DATASET\V\3665.png,V,two_hand,"wrong_hand_count (detected 1, expected 2)"
C:\Users\singh\Desktop\a2 i&v\edited code files\data\raw\BSL_Dataset\2_HAND_DATASET\V\3670.png,V,two_hand,"wrong_hand_count (detected 1, expected 2)"
C:\Users\singh\Desktop\a2 i&v\edited code files\data\raw\BSL_Dataset\2_HAND_DATASET\V\3675.png,V,two_hand,"wrong_hand_count (detected 1, expected 2)"
C:\Users\singh\Desktop\a2 i&v\edited code files\data\raw\BSL_Dataset\2_HAND_DATASET\V\3680.png,V,two_hand,"wrong_hand_count (detected 1, expected 2)"
C:\Users\singh\Desktop\a2 i&v\edited code files\data\raw\BSL_Dataset\2_HAND_DATASET\V\3685.png,V,two_hand,"wrong_hand_count (detected 1, expected 2)"
C:\Users\singh\Desktop\a2 i&v\edited code files\data\raw\BSL_Dataset\2_HAND_DATASET\V\370.png,V,two_hand,"wrong_hand_count (detected 1, expected 2)"
C:\Users\singh\Desktop\a2 i&v\edited code files\data\raw\BSL_Dataset\2_HAND_DATASET\V\375.png,V,two_hand,"wrong_hand_count (detected 1, expected 2)"
C:\Users\singh\Desktop\a2 i&v\edited code files\data\raw\BSL_Dataset\2_HAND_DATASET\V\3750.png,V,two_hand,"wrong_hand_count (detected 1, expected 2)"
C:\Users\singh\Desktop\a2 i&v\edited code files\data\raw\BSL_Dataset\2_HAND_DATASET\V\3755.png,V,two_hand,"wrong_hand_count (detected 1, expected 2)"
C:\Users\singh\Desktop\a2 i&v\edited code files\data\raw\BSL_Dataset\2_HAND_DATASET\V\3765.png,V,two_hand,"wrong_hand_count (detected 1, expected 2)"
C:\Users\singh\Desktop\a2 i&v\edited code files\data\raw\BSL_Dataset\2_HAND_DATASET\V\3775.png,V,two_hand,"wrong_hand_count (detected 1, expected 2)"
C:\Users\singh\Desktop\a2 i&v\edited code files\data\raw\BSL_Dataset\2_HAND_DATASET\V\3785.png,V,two_hand,"wrong_hand_count (detected 1, expected 2)"
C:\Users\singh\Desktop\a2 i&v\edited code files\data\raw\BSL_Dataset\2_HAND_DATASET\V\3790.png,V,two_hand,"wrong_hand_count (detected 1, expected 2)"
C:\Users\singh\Desktop\a2 i&v\edited code files\data\raw\BSL_Dataset\2_HAND_DATASET\V\380.png,V,two_hand,"wrong_hand_count (detected 1, expected 2)"
C:\Users\singh\Desktop\a2 i&v\edited code files\data\raw\BSL_Dataset\2_HAND_DATASET\V\3850.png,V,two_hand,"wrong_hand_count (detected 1, expected 2)"
C:\Users\singh\Desktop\a2 i&v\edited code files\data\raw\BSL_Dataset\2_HAND_DATASET\V\3870.png,V,two_hand,"wrong_hand_count (detected 1, expected 2)"
C:\Users\singh\Desktop\a2 i&v\edited code files\data\raw\BSL_Dataset\2_HAND_DATASET\V\3880.png,V,two_hand,"wrong_hand_count (detected 1, expected 2)"
C:\Users\singh\Desktop\a2 i&v\edited code files\data\raw\BSL_Dataset\2_HAND_DATASET\V\3885.png,V,two_hand,"wrong_hand_count (detected 1, expected 2)"
C:\Users\singh\Desktop\a2 i&v\edited code files\data\raw\BSL_Dataset\2_HAND_DATASET\V\3890.png,V,two_hand,"wrong_hand_count (detected 1, expected 2)"
C:\Users\singh\Desktop\a2 i&v\edited code files\data\raw\BSL_Dataset\2_HAND_DATASET\V\3895.png,V,two_hand,"wrong_hand_count (detected 1, expected 2)"
C:\Users\singh\Desktop\a2 i&v\edited code files\data\raw\BSL_Dataset\2_HAND_DATASET\V\3900.png,V,two_hand,"wrong_hand_count (detected 1, expected 2)"
C:\Users\singh\Desktop\a2 i&v\edited code files\data\raw\BSL_Dataset\2_HAND_DATASET\V\3905.png,V,two_hand,"wrong_hand_count (detected 1, expected 2)"
C:\Users\singh\Desktop\a2 i&v\edited code files\data\raw\BSL_Dataset\2_HAND_DATASET\V\3980.png,V,two_hand,"wrong_hand_count (detected 1, expected 2)"
C:\Users\singh\Desktop\a2 i&v\edited code files\data\raw\BSL_Dataset\2_HAND_DATASET\V\3985.png,V,two_hand,"wrong_hand_count (detected 1, expected 2)"
C:\Users\singh\Desktop\a2 i&v\edited code files\data\raw\BSL_Dataset\2_HAND_DATASET\V\3990.png,V,two_hand,"wrong_hand_count (detected 1, expected 2)"
C:\Users\singh\Desktop\a2 i&v\edited code files\data\raw\BSL_Dataset\2_HAND_DATASET\V\3995.png,V,two_hand,"wrong_hand_count (detected 1, expected 2)"
C:\Users\singh\Desktop\a2 i&v\edited code files\data\raw\BSL_Dataset\2_HAND_DATASET\V\40.png,V,two_hand,"wrong_hand_count (detected 1, expected 2)"
C:\Users\singh\Desktop\a2 i&v\edited code files\data\raw\BSL_Dataset\2_HAND_DATASET\V\400.png,V,two_hand,"wrong_hand_count (detected 1, expected 2)"
C:\Users\singh\Desktop\a2 i&v\edited code files\data\raw\BSL_Dataset\2_HAND_DATASET\V\4000.png,V,two_hand,"wrong_hand_count (detected 1, expected 2)"
C:\Users\singh\Desktop\a2 i&v\edited code files\data\raw\BSL_Dataset\2_HAND_DATASET\V\4025.png,V,two_hand,"wrong_hand_count (detected 1, expected 2)"
C:\Users\singh\Desktop\a2 i&v\edited code files\data\raw\BSL_Dataset\2_HAND_DATASET\V\4030.png,V,two_hand,"wrong_hand_count (detected 1, expected 2)"
C:\Users\singh\Desktop\a2 i&v\edited code files\data\raw\BSL_Dataset\2_HAND_DATASET\V\4040.png,V,two_hand,no_hands
C:\Users\singh\Desktop\a2 i&v\edited code files\data\raw\BSL_Dataset\2_HAND_DATASET\V\4045.png,V,two_hand,"wrong_hand_count (detected 1, expected 2)"
C:\Users\singh\Desktop\a2 i&v\edited code files\data\raw\BSL_Dataset\2_HAND_DATASET\V\405.png,V,two_hand,"wrong_hand_count (detected 1, expected 2)"
C:\Users\singh\Desktop\a2 i&v\edited code files\data\raw\BSL_Dataset\2_HAND_DATASET\V\4050.png,V,two_hand,"wrong_hand_count (detected 1, expected 2)"
C:\Users\singh\Desktop\a2 i&v\edited code files\data\raw\BSL_Dataset\2_HAND_DATASET\V\410.png,V,two_hand,"wrong_hand_count (detected 1, expected 2)"
C:\Users\singh\Desktop\a2 i&v\edited code files\data\raw\BSL_Dataset\2_HAND_DATASET\V\4100.png,V,two_hand,"wrong_hand_count (detected 1, expected 2)"
C:\Users\singh\Desktop\a2 i&v\edited code files\data\raw\BSL_Dataset\2_HAND_DATASET\V\4105.png,V,two_hand,no_hands
C:\Users\singh\Desktop\a2 i&v\edited code files\data\raw\BSL_Dataset\2_HAND_DATASET\V\4110.png,V,two_hand,"wrong_hand_count (detected 1, expected 2)"
C:\Users\singh\Desktop\a2 i&v\edited code files\data\raw\BSL_Dataset\2_HAND_DATASET\V\4120.png,V,two_hand,"wrong_hand_count (detected 1, expected 2)"
C:\Users\singh\Desktop\a2 i&v\edited code files\data\raw\BSL_Dataset\2_HAND_DATASET\V\4125.png,V,two_hand,"wrong_hand_count (detected 1, expected 2)"
C:\Users\singh\Desktop\a2 i&v\edited code files\data\raw\BSL_Dataset\2_HAND_DATASET\V\4180.png,V,two_hand,"wrong_hand_count (detected 1, expected 2)"
C:\Users\singh\Desktop\a2 i&v\edited code files\data\raw\BSL_Dataset\2_HAND_DATASET\V\4185.png,V,two_hand,"wrong_hand_count (detected 1, expected 2)"
C:\Users\singh\Desktop\a2 i&v\edited code files\data\raw\BSL_Dataset\2_HAND_DATASET\V\4195.png,V,two_hand,no_hands
C:\Users\singh\Desktop\a2 i&v\edited code files\data\raw\BSL_Dataset\2_HAND_DATASET\V\420.png,V,two_hand,"wrong_hand_count (detected 1, expected 2)"
C:\Users\singh\Desktop\a2 i&v\edited code files\data\raw\BSL_Dataset\2_HAND_DATASET\V\4225.png,V,two_hand,"wrong_hand_count (detected 1, expected 2)"
C:\Users\singh\Desktop\a2 i&v\edited code files\data\raw\BSL_Dataset\2_HAND_DATASET\V\425.png,V,two_hand,"wrong_hand_count (detected 1, expected 2)"
C:\Users\singh\Desktop\a2 i&v\edited code files\data\raw\BSL_Dataset\2_HAND_DATASET\V\4250.png,V,two_hand,"wrong_hand_count (detected 1, expected 2)"
C:\Users\singh\Desktop\a2 i&v\edited code files\data\raw\BSL_Dataset\2_HAND_DATASET\V\4255.png,V,two_hand,"wrong_hand_count (detected 1, expected 2)"
C:\Users\singh\Desktop\a2 i&v\edited code files\data\raw\BSL_Dataset\2_HAND_DATASET\V\4260.png,V,two_hand,"wrong_hand_count (detected 1, expected 2)"
C:\Users\singh\Desktop\a2 i&v\edited code files\data\raw\BSL_Dataset\2_HAND_DATASET\V\4270.png,V,two_hand,"wrong_hand_count (detected 1, expected 2)"
C:\Users\singh\Desktop\a2 i&v\edited code files\data\raw\BSL_Dataset\2_HAND_DATASET\V\430.png,V,two_hand,"wrong_hand_count (detected 1, expected 2)"
C:\Users\singh\Desktop\a2 i&v\edited code files\data\raw\BSL_Dataset\2_HAND_DATASET\V\4310.png,V,two_hand,"wrong_hand_count (detected 1, expected 2)"
C:\Users\singh\Desktop\a2 i&v\edited code files\data\raw\BSL_Dataset\2_HAND_DATASET\V\4325.png,V,two_hand,no_hands
C:\Users\singh\Desktop\a2 i&v\edited code files\data\raw\BSL_Dataset\2_HAND_DATASET\V\4340.png,V,two_hand,"wrong_hand_count (detected 1, expected 2)"
C:\Users\singh\Desktop\a2 i&v\edited code files\data\raw\BSL_Dataset\2_HAND_DATASET\V\435.png,V,two_hand,"wrong_hand_count (detected 1, expected 2)"
C:\Users\singh\Desktop\a2 i&v\edited code files\data\raw\BSL_Dataset\2_HAND_DATASET\V\4365.png,V,two_hand,"wrong_hand_count (detected 1, expected 2)"
C:\Users\singh\Desktop\a2 i&v\edited code files\data\raw\BSL_Dataset\2_HAND_DATASET\V\4370.png,V,two_hand,"wrong_hand_count (detected 1, expected 2)"
C:\Users\singh\Desktop\a2 i&v\edited code files\data\raw\BSL_Dataset\2_HAND_DATASET\V\4385.png,V,two_hand,"wrong_hand_count (detected 1, expected 2)"
C:\Users\singh\Desktop\a2 i&v\edited code files\data\raw\BSL_Dataset\2_HAND_DATASET\V\4390.png,V,two_hand,"wrong_hand_count (detected 1, expected 2)"
C:\Users\singh\Desktop\a2 i&v\edited code files\data\raw\BSL_Dataset\2_HAND_DATASET\V\4395.png,V,two_hand,"wrong_hand_count (detected 1, expected 2)"
C:\Users\singh\Desktop\a2 i&v\edited code files\data\raw\BSL_Dataset\2_HAND_DATASET\V\440.png,V,two_hand,"wrong_hand_count (detected 1, expected 2)"
C:\Users\singh\Desktop\a2 i&v\edited code files\data\raw\BSL_Dataset\2_HAND_DATASET\V\4400.png,V,two_hand,"wrong_hand_count (detected 1, expected 2)"
C:\Users\singh\Desktop\a2 i&v\edited code files\data\raw\BSL_Dataset\2_HAND_DATASET\V\4430.png,V,two_hand,"wrong_hand_count (detected 1, expected 2)"
C:\Users\singh\Desktop\a2 i&v\edited code files\data\raw\BSL_Dataset\2_HAND_DATASET\V\4440.png,V,two_hand,"wrong_hand_count (detected 1, expected 2)"
C:\Users\singh\Desktop\a2 i&v\edited code files\data\raw\BSL_Dataset\2_HAND_DATASET\V\4450.png,V,two_hand,"wrong_hand_count (detected 1, expected 2)"
C:\Users\singh\Desktop\a2 i&v\edited code files\data\raw\BSL_Dataset\2_HAND_DATASET\V\4460.png,V,two_hand,"wrong_hand_count (detected 1, expected 2)"
C:\Users\singh\Desktop\a2 i&v\edited code files\data\raw\BSL_Dataset\2_HAND_DATASET\V\45.png,V,two_hand,"wrong_hand_count (detected 1, expected 2)"
C:\Users\singh\Desktop\a2 i&v\edited code files\data\raw\BSL_Dataset\2_HAND_DATASET\V\4500.png,V,two_hand,"wrong_hand_count (detected 1, expected 2)"
C:\Users\singh\Desktop\a2 i&v\edited code files\data\raw\BSL_Dataset\2_HAND_DATASET\V\4510.png,V,two_hand,"wrong_hand_count (detected 1, expected 2)"
C:\Users\singh\Desktop\a2 i&v\edited code files\data\raw\BSL_Dataset\2_HAND_DATASET\V\4515.png,V,two_hand,"wrong_hand_count (detected 1, expected 2)"
C:\Users\singh\Desktop\a2 i&v\edited code files\data\raw\BSL_Dataset\2_HAND_DATASET\V\4520.png,V,two_hand,"wrong_hand_count (detected 1, expected 2)"
C:\Users\singh\Desktop\a2 i&v\edited code files\data\raw\BSL_Dataset\2_HAND_DATASET\V\4525.png,V,two_hand,no_hands
C:\Users\singh\Desktop\a2 i&v\edited code files\data\raw\BSL_Dataset\2_HAND_DATASET\V\4530.png,V,two_hand,"wrong_hand_count (detected 1, expected 2)"
C:\Users\singh\Desktop\a2 i&v\edited code files\data\raw\BSL_Dataset\2_HAND_DATASET\V\455.png,V,two_hand,"wrong_hand_count (detected 1, expected 2)"
C:\Users\singh\Desktop\a2 i&v\edited code files\data\raw\BSL_Dataset\2_HAND_DATASET\V\4555.png,V,two_hand,"wrong_hand_count (detected 1, expected 2)"
C:\Users\singh\Desktop\a2 i&v\edited code files\data\raw\BSL_Dataset\2_HAND_DATASET\V\4565.png,V,two_hand,"wrong_hand_count (detected 1, expected 2)"
C:\Users\singh\Desktop\a2 i&v\edited code files\data\raw\BSL_Dataset\2_HAND_DATASET\V\4575.png,V,two_hand,"wrong_hand_count (detected 1, expected 2)"
C:\Users\singh\Desktop\a2 i&v\edited code files\data\raw\BSL_Dataset\2_HAND_DATASET\V\4580.png,V,two_hand,no_hands
C:\Users\singh\Desktop\a2 i&v\edited code files\data\raw\BSL_Dataset\2_HAND_DATASET\V\4585.png,V,two_hand,"wrong_hand_count (detected 1, expected 2)"
C:\Users\singh\Desktop\a2 i&v\edited code files\data\raw\BSL_Dataset\2_HAND_DATASET\V\4590.png,V,two_hand,"wrong_hand_count (detected 1, expected 2)"
C:\Users\singh\Desktop\a2 i&v\edited code files\data\raw\BSL_Dataset\2_HAND_DATASET\V\460.png,V,two_hand,"wrong_hand_count (detected 1, expected 2)"
C:\Users\singh\Desktop\a2 i&v\edited code files\data\raw\BSL_Dataset\2_HAND_DATASET\V\4630.png,V,two_hand,"wrong_hand_count (detected 1, expected 2)"
C:\Users\singh\Desktop\a2 i&v\edited code files\data\raw\BSL_Dataset\2_HAND_DATASET\V\4635.png,V,two_hand,"wrong_hand_count (detected 1, expected 2)"
C:\Users\singh\Desktop\a2 i&v\edited code files\data\raw\BSL_Dataset\2_HAND_DATASET\V\4640.png,V,two_hand,"wrong_hand_count (detected 1, expected 2)"
C:\Users\singh\Desktop\a2 i&v\edited code files\data\raw\BSL_Dataset\2_HAND_DATASET\V\4645.png,V,two_hand,"wrong_hand_count (detected 1, expected 2)"
C:\Users\singh\Desktop\a2 i&v\edited code files\data\raw\BSL_Dataset\2_HAND_DATASET\V\465.png,V,two_hand,"wrong_hand_count (detected 1, expected 2)"
C:\Users\singh\Desktop\a2 i&v\edited code files\data\raw\BSL_Dataset\2_HAND_DATASET\V\4655.png,V,two_hand,"wrong_hand_count (detected 1, expected 2)"
C:\Users\singh\Desktop\a2 i&v\edited code files\data\raw\BSL_Dataset\2_HAND_DATASET\V\4660.png,V,two_hand,"wrong_hand_count (detected 1, expected 2)"
C:\Users\singh\Desktop\a2 i&v\edited code files\data\raw\BSL_Dataset\2_HAND_DATASET\V\4675.png,V,two_hand,"wrong_hand_count (detected 1, expected 2)"
C:\Users\singh\Desktop\a2 i&v\edited code files\data\raw\BSL_Dataset\2_HAND_DATASET\V\470.png,V,two_hand,"wrong_hand_count (detected 1, expected 2)"
C:\Users\singh\Desktop\a2 i&v\edited code files\data\raw\BSL_Dataset\2_HAND_DATASET\V\4710.png,V,two_hand,"wrong_hand_count (detected 1, expected 2)"
C:\Users\singh\Desktop\a2 i&v\edited code files\data\raw\BSL_Dataset\2_HAND_DATASET\V\4720.png,V,two_hand,"wrong_hand_count (detected 1, expected 2)"
C:\Users\singh\Desktop\a2 i&v\edited code files\data\raw\BSL_Dataset\2_HAND_DATASET\V\4725.png,V,two_hand,"wrong_hand_count (detected 1, expected 2)"
C:\Users\singh\Desktop\a2 i&v\edited code files\data\raw\BSL_Dataset\2_HAND_DATASET\V\475.png,V,two_hand,"wrong_hand_count (detected 1, expected 2)"
C:\Users\singh\Desktop\a2 i&v\edited code files\data\raw\BSL_Dataset\2_HAND_DATASET\V\4775.png,V,two_hand,no_hands
C:\Users\singh\Desktop\a2 i&v\edited code files\data\raw\BSL_Dataset\2_HAND_DATASET\V\4785.png,V,two_hand,"wrong_hand_count (detected 1, expected 2)"
C:\Users\singh\Desktop\a2 i&v\edited code files\data\raw\BSL_Dataset\2_HAND_DATASET\V\480.png,V,two_hand,"wrong_hand_count (detected 1, expected 2)"
C:\Users\singh\Desktop\a2 i&v\edited code files\data\raw\BSL_Dataset\2_HAND_DATASET\V\4825.png,V,two_hand,"wrong_hand_count (detected 1, expected 2)"
C:\Users\singh\Desktop\a2 i&v\edited code files\data\raw\BSL_Dataset\2_HAND_DATASET\V\4830.png,V,two_hand,"wrong_hand_count (detected 1, expected 2)"
C:\Users\singh\Desktop\a2 i&v\edited code files\data\raw\BSL_Dataset\2_HAND_DATASET\V\4835.png,V,two_hand,"wrong_hand_count (detected 1, expected 2)"
C:\Users\singh\Desktop\a2 i&v\edited code files\data\raw\BSL_Dataset\2_HAND_DATASET\V\4840.png,V,two_hand,"wrong_hand_count (detected 1, expected 2)"
C:\Users\singh\Desktop\a2 i&v\edited code files\data\raw\BSL_Dataset\2_HAND_DATASET\V\4850.png,V,two_hand,"wrong_hand_count (detected 1, expected 2)"
C:\Users\singh\Desktop\a2 i&v\edited code files\data\raw\BSL_Dataset\2_HAND_DATASET\V\4895.png,V,two_hand,"wrong_hand_count (detected 1, expected 2)"
C:\Users\singh\Desktop\a2 i&v\edited code files\data\raw\BSL_Dataset\2_HAND_DATASET\V\490.png,V,two_hand,"wrong_hand_count (detected 1, expected 2)"
C:\Users\singh\Desktop\a2 i&v\edited code files\data\raw\BSL_Dataset\2_HAND_DATASET\V\4900.png,V,two_hand,"wrong_hand_count (detected 1, expected 2)"
C:\Users\singh\Desktop\a2 i&v\edited code files\data\raw\BSL_Dataset\2_HAND_DATASET\V\4910.png,V,two_hand,"wrong_hand_count (detected 1, expected 2)"
C:\Users\singh\Desktop\a2 i&v\edited code files\data\raw\BSL_Dataset\2_HAND_DATASET\V\4915.png,V,two_hand,"wrong_hand_count (detected 1, expected 2)"
C:\Users\singh\Desktop\a2 i&v\edited code files\data\raw\BSL_Dataset\2_HAND_DATASET\V\4965.png,V,two_hand,"wrong_hand_count (detected 1, expected 2)"
C:\Users\singh\Desktop\a2 i&v\edited code files\data\raw\BSL_Dataset\2_HAND_DATASET\V\4970.png,V,two_hand,"wrong_hand_count (detected 1, expected 2)"
C:\Users\singh\Desktop\a2 i&v\edited code files\data\raw\BSL_Dataset\2_HAND_DATASET\V\4980.png,V,two_hand,no_hands
C:\Users\singh\Desktop\a2 i&v\edited code files\data\raw\BSL_Dataset\2_HAND_DATASET\V\50.png,V,two_hand,"wrong_hand_count (detected 1, expected 2)"
C:\Users\singh\Desktop\a2 i&v\edited code files\data\raw\BSL_Dataset\2_HAND_DATASET\V\500.png,V,two_hand,"wrong_hand_count (detected 1, expected 2)"
C:\Users\singh\Desktop\a2 i&v\edited code files\data\raw\BSL_Dataset\2_HAND_DATASET\V\510.png,V,two_hand,"wrong_hand_count (detected 1, expected 2)"
C:\Users\singh\Desktop\a2 i&v\edited code files\data\raw\BSL_Dataset\2_HAND_DATASET\V\515.png,V,two_hand,"wrong_hand_count (detected 1, expected 2)"
C:\Users\singh\Desktop\a2 i&v\edited code files\data\raw\BSL_Dataset\2_HAND_DATASET\V\520.png,V,two_hand,"wrong_hand_count (detected 1, expected 2)"
C:\Users\singh\Desktop\a2 i&v\edited code files\data\raw\BSL_Dataset\2_HAND_DATASET\V\525.png,V,two_hand,"wrong_hand_count (detected 1, expected 2)"
C:\Users\singh\Desktop\a2 i&v\edited code files\data\raw\BSL_Dataset\2_HAND_DATASET\V\530.png,V,two_hand,"wrong_hand_count (detected 1, expected 2)"
C:\Users\singh\Desktop\a2 i&v\edited code files\data\raw\BSL_Dataset\2_HAND_DATASET\V\535.png,V,two_hand,"wrong_hand_count (detected 1, expected 2)"
C:\Users\singh\Desktop\a2 i&v\edited code files\data\raw\BSL_Dataset\2_HAND_DATASET\V\540.png,V,two_hand,"wrong_hand_count (detected 1, expected 2)"
C:\Users\singh\Desktop\a2 i&v\edited code files\data\raw\BSL_Dataset\2_HAND_DATASET\V\545.png,V,two_hand,"wrong_hand_count (detected 1, expected 2)"
C:\Users\singh\Desktop\a2 i&v\edited code files\data\raw\BSL_Dataset\2_HAND_DATASET\V\55.png,V,two_hand,"wrong_hand_count (detected 1, expected 2)"
C:\Users\singh\Desktop\a2 i&v\edited code files\data\raw\BSL_Dataset\2_HAND_DATASET\V\550.png,V,two_hand,"wrong_hand_count (detected 1, expected 2)"
C:\Users\singh\Desktop\a2 i&v\edited code files\data\raw\BSL_Dataset\2_HAND_DATASET\V\555.png,V,two_hand,"wrong_hand_count (detected 1, expected 2)"
C:\Users\singh\Desktop\a2 i&v\edited code files\data\raw\BSL_Dataset\2_HAND_DATASET\V\560.png,V,two_hand,"wrong_hand_count (detected 1, expected 2)"
C:\Users\singh\Desktop\a2 i&v\edited code files\data\raw\BSL_Dataset\2_HAND_DATASET\V\565.png,V,two_hand,"wrong_hand_count (detected 1, expected 2)"
C:\Users\singh\Desktop\a2 i&v\edited code files\data\raw\BSL_Dataset\2_HAND_DATASET\V\570.png,V,two_hand,"wrong_hand_count (detected 1, expected 2)"
C:\Users\singh\Desktop\a2 i&v\edited code files\data\raw\BSL_Dataset\2_HAND_DATASET\V\575.png,V,two_hand,"wrong_hand_count (detected 1, expected 2)"
C:\Users\singh\Desktop\a2 i&v\edited code files\data\raw\BSL_Dataset\2_HAND_DATASET\V\580.png,V,two_hand,"wrong_hand_count (detected 1, expected 2)"
C:\Users\singh\Desktop\a2 i&v\edited code files\data\raw\BSL_Dataset\2_HAND_DATASET\V\585.png,V,two_hand,"wrong_hand_count (detected 1, expected 2)"
C:\Users\singh\Desktop\a2 i&v\edited code files\data\raw\BSL_Dataset\2_HAND_DATASET\V\595.png,V,two_hand,no_hands
C:\Users\singh\Desktop\a2 i&v\edited code files\data\raw\BSL_Dataset\2_HAND_DATASET\V\60.png,V,two_hand,"wrong_hand_count (detected 1, expected 2)"
C:\Users\singh\Desktop\a2 i&v\edited code files\data\raw\BSL_Dataset\2_HAND_DATASET\V\610.png,V,two_hand,"wrong_hand_count (detected 1, expected 2)"
C:\Users\singh\Desktop\a2 i&v\edited code files\data\raw\BSL_Dataset\2_HAND_DATASET\V\615.png,V,two_hand,"wrong_hand_count (detected 1, expected 2)"
C:\Users\singh\Desktop\a2 i&v\edited code files\data\raw\BSL_Dataset\2_HAND_DATASET\V\620.png,V,two_hand,"wrong_hand_count (detected 1, expected 2)"
C:\Users\singh\Desktop\a2 i&v\edited code files\data\raw\BSL_Dataset\2_HAND_DATASET\V\625.png,V,two_hand,"wrong_hand_count (detected 1, expected 2)"
C:\Users\singh\Desktop\a2 i&v\edited code files\data\raw\BSL_Dataset\2_HAND_DATASET\V\630.png,V,two_hand,"wrong_hand_count (detected 1, expected 2)"
C:\Users\singh\Desktop\a2 i&v\edited code files\data\raw\BSL_Dataset\2_HAND_DATASET\V\635.png,V,two_hand,"wrong_hand_count (detected 1, expected 2)"
C:\Users\singh\Desktop\a2 i&v\edited code files\data\raw\BSL_Dataset\2_HAND_DATASET\V\640.png,V,two_hand,no_hands
C:\Users\singh\Desktop\a2 i&v\edited code files\data\raw\BSL_Dataset\2_HAND_DATASET\V\645.png,V,two_hand,"wrong_hand_count (detected 1, expected 2)"
C:\Users\singh\Desktop\a2 i&v\edited code files\data\raw\BSL_Dataset\2_HAND_DATASET\V\65.png,V,two_hand,"wrong_hand_count (detected 1, expected 2)"
C:\Users\singh\Desktop\a2 i&v\edited code files\data\raw\BSL_Dataset\2_HAND_DATASET\V\650.png,V,two_hand,"wrong_hand_count (detected 1, expected 2)"
C:\Users\singh\Desktop\a2 i&v\edited code files\data\raw\BSL_Dataset\2_HAND_DATASET\V\670.png,V,two_hand,"wrong_hand_count (detected 1, expected 2)"
C:\Users\singh\Desktop\a2 i&v\edited code files\data\raw\BSL_Dataset\2_HAND_DATASET\V\675.png,V,two_hand,"wrong_hand_count (detected 1, expected 2)"
C:\Users\singh\Desktop\a2 i&v\edited code files\data\raw\BSL_Dataset\2_HAND_DATASET\V\680.png,V,two_hand,"wrong_hand_count (detected 1, expected 2)"
C:\Users\singh\Desktop\a2 i&v\edited code files\data\raw\BSL_Dataset\2_HAND_DATASET\V\685.png,V,two_hand,"wrong_hand_count (detected 1, expected 2)"
C:\Users\singh\Desktop\a2 i&v\edited code files\data\raw\BSL_Dataset\2_HAND_DATASET\V\690.png,V,two_hand,"wrong_hand_count (detected 1, expected 2)"
C:\Users\singh\Desktop\a2 i&v\edited code files\data\raw\BSL_Dataset\2_HAND_DATASET\V\695.png,V,two_hand,"wrong_hand_count (detected 1, expected 2)"
C:\Users\singh\Desktop\a2 i&v\edited code files\data\raw\BSL_Dataset\2_HAND_DATASET\V\700.png,V,two_hand,"wrong_hand_count (detected 1, expected 2)"
C:\Users\singh\Desktop\a2 i&v\edited code files\data\raw\BSL_Dataset\2_HAND_DATASET\V\715.png,V,two_hand,"wrong_hand_count (detected 1, expected 2)"
C:\Users\singh\Desktop\a2 i&v\edited code files\data\raw\BSL_Dataset\2_HAND_DATASET\V\720.png,V,two_hand,"wrong_hand_count (detected 1, expected 2)"
C:\Users\singh\Desktop\a2 i&v\edited code files\data\raw\BSL_Dataset\2_HAND_DATASET\V\725.png,V,two_hand,"wrong_hand_count (detected 1, expected 2)"
C:\Users\singh\Desktop\a2 i&v\edited code files\data\raw\BSL_Dataset\2_HAND_DATASET\V\730.png,V,two_hand,no_hands
C:\Users\singh\Desktop\a2 i&v\edited code files\data\raw\BSL_Dataset\2_HAND_DATASET\V\735.png,V,two_hand,"wrong_hand_count (detected 1, expected 2)"
C:\Users\singh\Desktop\a2 i&v\edited code files\data\raw\BSL_Dataset\2_HAND_DATASET\V\740.png,V,two_hand,"wrong_hand_count (detected 1, expected 2)"
C:\Users\singh\Desktop\a2 i&v\edited code files\data\raw\BSL_Dataset\2_HAND_DATASET\V\745.png,V,two_hand,"wrong_hand_count (detected 1, expected 2)"
C:\Users\singh\Desktop\a2 i&v\edited code files\data\raw\BSL_Dataset\2_HAND_DATASET\V\750.png,V,two_hand,"wrong_hand_count (detected 1, expected 2)"
C:\Users\singh\Desktop\a2 i&v\edited code files\data\raw\BSL_Dataset\2_HAND_DATASET\V\755.png,V,two_hand,"wrong_hand_count (detected 1, expected 2)"
C:\Users\singh\Desktop\a2 i&v\edited code files\data\raw\BSL_Dataset\2_HAND_DATASET\V\770.png,V,two_hand,"wrong_hand_count (detected 1, expected 2)"
C:\Users\singh\Desktop\a2 i&v\edited code files\data\raw\BSL_Dataset\2_HAND_DATASET\V\775.png,V,two_hand,"wrong_hand_count (detected 1, expected 2)"
C:\Users\singh\Desktop\a2 i&v\edited code files\data\raw\BSL_Dataset\2_HAND_DATASET\V\780.png,V,two_hand,"wrong_hand_count (detected 1, expected 2)"
C:\Users\singh\Desktop\a2 i&v\edited code files\data\raw\BSL_Dataset\2_HAND_DATASET\V\790.png,V,two_hand,"wrong_hand_count (detected 1, expected 2)"
C:\Users\singh\Desktop\a2 i&v\edited code files\data\raw\BSL_Dataset\2_HAND_DATASET\V\795.png,V,two_hand,"wrong_hand_count (detected 1, expected 2)"
C:\Users\singh\Desktop\a2 i&v\edited code files\data\raw\BSL_Dataset\2_HAND_DATASET\V\805.png,V,two_hand,"wrong_hand_count (detected 1, expected 2)"
C:\Users\singh\Desktop\a2 i&v\edited code files\data\raw\BSL_Dataset\2_HAND_DATASET\V\810.png,V,two_hand,"wrong_hand_count (detected 1, expected 2)"
C:\Users\singh\Desktop\a2 i&v\edited code files\data\raw\BSL_Dataset\2_HAND_DATASET\V\830.png,V,two_hand,"wrong_hand_count (detected 1, expected 2)"
C:\Users\singh\Desktop\a2 i&v\edited code files\data\raw\BSL_Dataset\2_HAND_DATASET\V\845.png,V,two_hand,"wrong_hand_count (detected 1, expected 2)"
C:\Users\singh\Desktop\a2 i&v\edited code files\data\raw\BSL_Dataset\2_HAND_DATASET\V\850.png,V,two_hand,"wrong_hand_count (detected 1, expected 2)"
C:\Users\singh\Desktop\a2 i&v\edited code files\data\raw\BSL_Dataset\2_HAND_DATASET\V\855.png,V,two_hand,"wrong_hand_count (detected 1, expected 2)"
C:\Users\singh\Desktop\a2 i&v\edited code files\data\raw\BSL_Dataset\2_HAND_DATASET\V\860.png,V,two_hand,"wrong_hand_count (detected 1, expected 2)"
C:\Users\singh\Desktop\a2 i&v\edited code files\data\raw\BSL_Dataset\2_HAND_DATASET\V\880.png,V,two_hand,"wrong_hand_count (detected 1, expected 2)"
C:\Users\singh\Desktop\a2 i&v\edited code files\data\raw\BSL_Dataset\2_HAND_DATASET\V\890.png,V,two_hand,"wrong_hand_count (detected 1, expected 2)"
C:\Users\singh\Desktop\a2 i&v\edited code files\data\raw\BSL_Dataset\2_HAND_DATASET\V\895.png,V,two_hand,"wrong_hand_count (detected 1, expected 2)"
C:\Users\singh\Desktop\a2 i&v\edited code files\data\raw\BSL_Dataset\2_HAND_DATASET\V\90.png,V,two_hand,"wrong_hand_count (detected 1, expected 2)"
C:\Users\singh\Desktop\a2 i&v\edited code files\data\raw\BSL_Dataset\2_HAND_DATASET\V\900.png,V,two_hand,"wrong_hand_count (detected 1, expected 2)"
C:\Users\singh\Desktop\a2 i&v\edited code files\data\raw\BSL_Dataset\2_HAND_DATASET\V\910.png,V,two_hand,"wrong_hand_count (detected 1, expected 2)"
C:\Users\singh\Desktop\a2 i&v\edited code files\data\raw\BSL_Dataset\2_HAND_DATASET\V\925.png,V,two_hand,"wrong_hand_count (detected 1, expected 2)"
C:\Users\singh\Desktop\a2 i&v\edited code files\data\raw\BSL_Dataset\2_HAND_DATASET\V\940.png,V,two_hand,no_hands
C:\Users\singh\Desktop\a2 i&v\edited code files\data\raw\BSL_Dataset\2_HAND_DATASET\V\95.png,V,two_hand,no_hands
C:\Users\singh\Desktop\a2 i&v\edited code files\data\raw\BSL_Dataset\2_HAND_DATASET\V\955.png,V,two_hand,"wrong_hand_count (detected 1, expected 2)"
C:\Users\singh\Desktop\a2 i&v\edited code files\data\raw\BSL_Dataset\2_HAND_DATASET\V\960.png,V,two_hand,"wrong_hand_count (detected 1, expected 2)"
C:\Users\singh\Desktop\a2 i&v\edited code files\data\raw\BSL_Dataset\2_HAND_DATASET\V\965.png,V,two_hand,"wrong_hand_count (detected 1, expected 2)"
C:\Users\singh\Desktop\a2 i&v\edited code files\data\raw\BSL_Dataset\2_HAND_DATASET\V\980.png,V,two_hand,"wrong_hand_count (detected 1, expected 2)"
C:\Users\singh\Desktop\a2 i&v\edited code files\data\raw\BSL_Dataset\2_HAND_DATASET\V\990.png,V,two_hand,"wrong_hand_count (detected 1, expected 2)"
C:\Users\singh\Desktop\a2 i&v\edited code files\data\raw\BSL_Dataset\2_HAND_DATASET\V\995.png,V,two_hand,"wrong_hand_count (detected 1, expected 2)"
C:\Users\singh\Desktop\a2 i&v\edited code files\data\raw\BSL_Dataset\2_HAND_DATASET\W\10.png,W,two_hand,"wrong_hand_count (detected 1, expected 2)"
C:\Users\singh\Desktop\a2 i&v\edited code files\data\raw\BSL_Dataset\2_HAND_DATASET\W\100.png,W,two_hand,"wrong_hand_count (detected 1, expected 2)"
C:\Users\singh\Desktop\a2 i&v\edited code files\data\raw\BSL_Dataset\2_HAND_DATASET\W\1000.png,W,two_hand,"wrong_hand_count (detected 1, expected 2)"
C:\Users\singh\Desktop\a2 i&v\edited code files\data\raw\BSL_Dataset\2_HAND_DATASET\W\1005.png,W,two_hand,"wrong_hand_count (detected 1, expected 2)"
C:\Users\singh\Desktop\a2 i&v\edited code files\data\raw\BSL_Dataset\2_HAND_DATASET\W\1020.png,W,two_hand,no_hands
C:\Users\singh\Desktop\a2 i&v\edited code files\data\raw\BSL_Dataset\2_HAND_DATASET\W\1025.png,W,two_hand,"wrong_hand_count (detected 1, expected 2)"
C:\Users\singh\Desktop\a2 i&v\edited code files\data\raw\BSL_Dataset\2_HAND_DATASET\W\1045.png,W,two_hand,"wrong_hand_count (detected 1, expected 2)"
C:\Users\singh\Desktop\a2 i&v\edited code files\data\raw\BSL_Dataset\2_HAND_DATASET\W\105.png,W,two_hand,"wrong_hand_count (detected 1, expected 2)"
C:\Users\singh\Desktop\a2 i&v\edited code files\data\raw\BSL_Dataset\2_HAND_DATASET\W\1055.png,W,two_hand,"wrong_hand_count (detected 1, expected 2)"
C:\Users\singh\Desktop\a2 i&v\edited code files\data\raw\BSL_Dataset\2_HAND_DATASET\W\1060.png,W,two_hand,no_hands
C:\Users\singh\Desktop\a2 i&v\edited code files\data\raw\BSL_Dataset\2_HAND_DATASET\W\1070.png,W,two_hand,no_hands
C:\Users\singh\Desktop\a2 i&v\edited code files\data\raw\BSL_Dataset\2_HAND_DATASET\W\1075.png,W,two_hand,"wrong_hand_count (detected 1, expected 2)"
C:\Users\singh\Desktop\a2 i&v\edited code files\data\raw\BSL_Dataset\2_HAND_DATASET\W\1080.png,W,two_hand,"wrong_hand_count (detected 1, expected 2)"
C:\Users\singh\Desktop\a2 i&v\edited code files\data\raw\BSL_Dataset\2_HAND_DATASET\W\1085.png,W,two_hand,"wrong_hand_count (detected 1, expected 2)"
C:\Users\singh\Desktop\a2 i&v\edited code files\data\raw\BSL_Dataset\2_HAND_DATASET\W\1090.png,W,two_hand,no_hands
C:\Users\singh\Desktop\a2 i&v\edited code files\data\raw\BSL_Dataset\2_HAND_DATASET\W\1095.png,W,two_hand,"wrong_hand_count (detected 1, expected 2)"
C:\Users\singh\Desktop\a2 i&v\edited code files\data\raw\BSL_Dataset\2_HAND_DATASET\W\110.png,W,two_hand,"wrong_hand_count (detected 1, expected 2)"
C:\Users\singh\Desktop\a2 i&v\edited code files\data\raw\BSL_Dataset\2_HAND_DATASET\W\1100.png,W,two_hand,"wrong_hand_count (detected 1, expected 2)"
C:\Users\singh\Desktop\a2 i&v\edited code files\data\raw\BSL_Dataset\2_HAND_DATASET\W\1105.png,W,two_hand,"wrong_hand_count (detected 1, expected 2)"
C:\Users\singh\Desktop\a2 i&v\edited code files\data\raw\BSL_Dataset\2_HAND_DATASET\W\1110.png,W,two_hand,"wrong_hand_count (detected 1, expected 2)"
C:\Users\singh\Desktop\a2 i&v\edited code files\data\raw\BSL_Dataset\2_HAND_DATASET\W\1115.png,W,two_hand,"wrong_hand_count (detected 1, expected 2)"
C:\Users\singh\Desktop\a2 i&v\edited code files\data\raw\BSL_Dataset\2_HAND_DATASET\W\1120.png,W,two_hand,"wrong_hand_count (detected 1, expected 2)"
C:\Users\singh\Desktop\a2 i&v\edited code files\data\raw\BSL_Dataset\2_HAND_DATASET\W\1125.png,W,two_hand,"wrong_hand_count (detected 1, expected 2)"
C:\Users\singh\Desktop\a2 i&v\edited code files\data\raw\BSL_Dataset\2_HAND_DATASET\W\1140.png,W,two_hand,"wrong_hand_count (detected 1, expected 2)"
C:\Users\singh\Desktop\a2 i&v\edited code files\data\raw\BSL_Dataset\2_HAND_DATASET\W\1145.png,W,two_hand,"wrong_hand_count (detected 1, expected 2)"
C:\Users\singh\Desktop\a2 i&v\edited code files\data\raw\BSL_Dataset\2_HAND_DATASET\W\115.png,W,two_hand,"wrong_hand_count (detected 1, expected 2)"
C:\Users\singh\Desktop\a2 i&v\edited code files\data\raw\BSL_Dataset\2_HAND_DATASET\W\1165.png,W,two_hand,"wrong_hand_count (detected 1, expected 2)"
C:\Users\singh\Desktop\a2 i&v\edited code files\data\raw\BSL_Dataset\2_HAND_DATASET\W\1170.png,W,two_hand,"wrong_hand_count (detected 1, expected 2)"
C:\Users\singh\Desktop\a2 i&v\edited code files\data\raw\BSL_Dataset\2_HAND_DATASET\W\1175.png,W,two_hand,"wrong_hand_count (detected 1, expected 2)"
C:\Users\singh\Desktop\a2 i&v\edited code files\data\raw\BSL_Dataset\2_HAND_DATASET\W\1185.png,W,two_hand,"wrong_hand_count (detected 1, expected 2)"
C:\Users\singh\Desktop\a2 i&v\edited code files\data\raw\BSL_Dataset\2_HAND_DATASET\W\1190.png,W,two_hand,"wrong_hand_count (detected 1, expected 2)"
C:\Users\singh\Desktop\a2 i&v\edited code files\data\raw\BSL_Dataset\2_HAND_DATASET\W\1195.png,W,two_hand,"wrong_hand_count (detected 1, expected 2)"
C:\Users\singh\Desktop\a2 i&v\edited code files\data\raw\BSL_Dataset\2_HAND_DATASET\W\120.png,W,two_hand,"wrong_hand_count (detected 1, expected 2)"
C:\Users\singh\Desktop\a2 i&v\edited code files\data\raw\BSL_Dataset\2_HAND_DATASET\W\1200.png,W,two_hand,"wrong_hand_count (detected 1, expected 2)"
C:\Users\singh\Desktop\a2 i&v\edited code files\data\raw\BSL_Dataset\2_HAND_DATASET\W\1205.png,W,two_hand,"wrong_hand_count (detected 1, expected 2)"
C:\Users\singh\Desktop\a2 i&v\edited code files\data\raw\BSL_Dataset\2_HAND_DATASET\W\1210.png,W,two_hand,"wrong_hand_count (detected 1, expected 2)"
C:\Users\singh\Desktop\a2 i&v\edited code files\data\raw\BSL_Dataset\2_HAND_DATASET\W\1215.png,W,two_hand,"wrong_hand_count (detected 1, expected 2)"
C:\Users\singh\Desktop\a2 i&v\edited code files\data\raw\BSL_Dataset\2_HAND_DATASET\W\1220.png,W,two_hand,no_hands
C:\Users\singh\Desktop\a2 i&v\edited code files\data\raw\BSL_Dataset\2_HAND_DATASET\W\1225.png,W,two_hand,"wrong_hand_count (detected 1, expected 2)"
C:\Users\singh\Desktop\a2 i&v\edited code files\data\raw\BSL_Dataset\2_HAND_DATASET\W\1230.png,W,two_hand,no_hands
C:\Users\singh\Desktop\a2 i&v\edited code files\data\raw\BSL_Dataset\2_HAND_DATASET\W\1235.png,W,two_hand,"wrong_hand_count (detected 1, expected 2)"
C:\Users\singh\Desktop\a2 i&v\edited code files\data\raw\BSL_Dataset\2_HAND_DATASET\W\1240.png,W,two_hand,"wrong_hand_count (detected 1, expected 2)"
C:\Users\singh\Desktop\a2 i&v\edited code files\data\raw\BSL_Dataset\2_HAND_DATASET\W\125.png,W,two_hand,"wrong_hand_count (detected 1, expected 2)"
C:\Users\singh\Desktop\a2 i&v\edited code files\data\raw\BSL_Dataset\2_HAND_DATASET\W\1250.png,W,two_hand,"wrong_hand_count (detected 1, expected 2)"
C:\Users\singh\Desktop\a2 i&v\edited code files\data\raw\BSL_Dataset\2_HAND_DATASET\W\1255.png,W,two_hand,"wrong_hand_count (detected 1, expected 2)"
C:\Users\singh\Desktop\a2 i&v\edited code files\data\raw\BSL_Dataset\2_HAND_DATASET\W\1260.png,W,two_hand,"wrong_hand_count (detected 1, expected 2)"
C:\Users\singh\Desktop\a2 i&v\edited code files\data\raw\BSL_Dataset\2_HAND_DATASET\W\1265.png,W,two_hand,"wrong_hand_count (detected 1, expected 2)"
C:\Users\singh\Desktop\a2 i&v\edited code files\data\raw\BSL_Dataset\2_HAND_DATASET\W\1270.png,W,two_hand,"wrong_hand_count (detected 1, expected 2)"
C:\Users\singh\Desktop\a2 i&v\edited code files\data\raw\BSL_Dataset\2_HAND_DATASET\W\1275.png,W,two_hand,no_hands
C:\Users\singh\Desktop\a2 i&v\edited code files\data\raw\BSL_Dataset\2_HAND_DATASET\W\1280.png,W,two_hand,no_hands
C:\Users\singh\Desktop\a2 i&v\edited code files\data\raw\BSL_Dataset\2_HAND_DATASET\W\1290.png,W,two_hand,"wrong_hand_count (detected 1, expected 2)"
C:\Users\singh\Desktop\a2 i&v\edited code files\data\raw\BSL_Dataset\2_HAND_DATASET\W\130.png,W,two_hand,"wrong_hand_count (detected 1, expected 2)"
C:\Users\singh\Desktop\a2 i&v\edited code files\data\raw\BSL_Dataset\2_HAND_DATASET\W\1300.png,W,two_hand,"wrong_hand_count (detected 1, expected 2)"
C:\Users\singh\Desktop\a2 i&v\edited code files\data\raw\BSL_Dataset\2_HAND_DATASET\W\1305.png,W,two_hand,"wrong_hand_count (detected 1, expected 2)"
C:\Users\singh\Desktop\a2 i&v\edited code files\data\raw\BSL_Dataset\2_HAND_DATASET\W\1310.png,W,two_hand,"wrong_hand_count (detected 1, expected 2)"
C:\Users\singh\Desktop\a2 i&v\edited code files\data\raw\BSL_Dataset\2_HAND_DATASET\W\1315.png,W,two_hand,"wrong_hand_count (detected 1, expected 2)"
C:\Users\singh\Desktop\a2 i&v\edited code files\data\raw\BSL_Dataset\2_HAND_DATASET\W\1320.png,W,two_hand,"wrong_hand_count (detected 1, expected 2)"
C:\Users\singh\Desktop\a2 i&v\edited code files\data\raw\BSL_Dataset\2_HAND_DATASET\W\1325.png,W,two_hand,"wrong_hand_count (detected 1, expected 2)"
C:\Users\singh\Desktop\a2 i&v\edited code files\data\raw\BSL_Dataset\2_HAND_DATASET\W\1330.png,W,two_hand,"wrong_hand_count (detected 1, expected 2)"
C:\Users\singh\Desktop\a2 i&v\edited code files\data\raw\BSL_Dataset\2_HAND_DATASET\W\1335.png,W,two_hand,"wrong_hand_count (detected 1, expected 2)"
C:\Users\singh\Desktop\a2 i&v\edited code files\data\raw\BSL_Dataset\2_HAND_DATASET\W\1340.png,W,two_hand,"wrong_hand_count (detected 1, expected 2)"
C:\Users\singh\Desktop\a2 i&v\edited code files\data\raw\BSL_Dataset\2_HAND_DATASET\W\1345.png,W,two_hand,"wrong_hand_count (detected 1, expected 2)"
C:\Users\singh\Desktop\a2 i&v\edited code files\data\raw\BSL_Dataset\2_HAND_DATASET\W\1350.png,W,two_hand,"wrong_hand_count (detected 1, expected 2)"
C:\Users\singh\Desktop\a2 i&v\edited code files\data\raw\BSL_Dataset\2_HAND_DATASET\W\1355.png,W,two_hand,"wrong_hand_count (detected 1, expected 2)"
C:\Users\singh\Desktop\a2 i&v\edited code files\data\raw\BSL_Dataset\2_HAND_DATASET\W\1360.png,W,two_hand,"wrong_hand_count (detected 1, expected 2)"
C:\Users\singh\Desktop\a2 i&v\edited code files\data\raw\BSL_Dataset\2_HAND_DATASET\W\1365.png,W,two_hand,"wrong_hand_count (detected 1, expected 2)"
C:\Users\singh\Desktop\a2 i&v\edited code files\data\raw\BSL_Dataset\2_HAND_DATASET\W\1370.png,W,two_hand,"wrong_hand_count (detected 1, expected 2)"
C:\Users\singh\Desktop\a2 i&v\edited code files\data\raw\BSL_Dataset\2_HAND_DATASET\W\140.png,W,two_hand,"wrong_hand_count (detected 1, expected 2)"
C:\Users\singh\Desktop\a2 i&v\edited code files\data\raw\BSL_Dataset\2_HAND_DATASET\W\1405.png,W,two_hand,"wrong_hand_count (detected 1, expected 2)"
C:\Users\singh\Desktop\a2 i&v\edited code files\data\raw\BSL_Dataset\2_HAND_DATASET\W\1410.png,W,two_hand,"wrong_hand_count (detected 1, expected 2)"
C:\Users\singh\Desktop\a2 i&v\edited code files\data\raw\BSL_Dataset\2_HAND_DATASET\W\1415.png,W,two_hand,"wrong_hand_count (detected 1, expected 2)"
C:\Users\singh\Desktop\a2 i&v\edited code files\data\raw\BSL_Dataset\2_HAND_DATASET\W\1420.png,W,two_hand,"wrong_hand_count (detected 1, expected 2)"
C:\Users\singh\Desktop\a2 i&v\edited code files\data\raw\BSL_Dataset\2_HAND_DATASET\W\1425.png,W,two_hand,"wrong_hand_count (detected 1, expected 2)"
C:\Users\singh\Desktop\a2 i&v\edited code files\data\raw\BSL_Dataset\2_HAND_DATASET\W\1430.png,W,two_hand,"wrong_hand_count (detected 1, expected 2)"
C:\Users\singh\Desktop\a2 i&v\edited code files\data\raw\BSL_Dataset\2_HAND_DATASET\W\1435.png,W,two_hand,"wrong_hand_count (detected 1, expected 2)"
C:\Users\singh\Desktop\a2 i&v\edited code files\data\raw\BSL_Dataset\2_HAND_DATASET\W\1440.png,W,two_hand,"wrong_hand_count (detected 1, expected 2)"
C:\Users\singh\Desktop\a2 i&v\edited code files\data\raw\BSL_Dataset\2_HAND_DATASET\W\1445.png,W,two_hand,"wrong_hand_count (detected 1, expected 2)"
C:\Users\singh\Desktop\a2 i&v\edited code files\data\raw\BSL_Dataset\2_HAND_DATASET\W\145.png,W,two_hand,"wrong_hand_count (detected 1, expected 2)"
C:\Users\singh\Desktop\a2 i&v\edited code files\data\raw\BSL_Dataset\2_HAND_DATASET\W\1455.png,W,two_hand,"wrong_hand_count (detected 1, expected 2)"
C:\Users\singh\Desktop\a2 i&v\edited code files\data\raw\BSL_Dataset\2_HAND_DATASET\W\1460.png,W,two_hand,"wrong_hand_count (detected 1, expected 2)"
C:\Users\singh\Desktop\a2 i&v\edited code files\data\raw\BSL_Dataset\2_HAND_DATASET\W\1465.png,W,two_hand,no_hands
C:\Users\singh\Desktop\a2 i&v\edited code files\data\raw\BSL_Dataset\2_HAND_DATASET\W\1470.png,W,two_hand,"wrong_hand_count (detected 1, expected 2)"
C:\Users\singh\Desktop\a2 i&v\edited code files\data\raw\BSL_Dataset\2_HAND_DATASET\W\1485.png,W,two_hand,"wrong_hand_count (detected 1, expected 2)"
C:\Users\singh\Desktop\a2 i&v\edited code files\data\raw\BSL_Dataset\2_HAND_DATASET\W\1490.png,W,two_hand,"wrong_hand_count (detected 1, expected 2)"
C:\Users\singh\Desktop\a2 i&v\edited code files\data\raw\BSL_Dataset\2_HAND_DATASET\W\15.png,W,two_hand,"wrong_hand_count (detected 1, expected 2)"
C:\Users\singh\Desktop\a2 i&v\edited code files\data\raw\BSL_Dataset\2_HAND_DATASET\W\150.png,W,two_hand,"wrong_hand_count (detected 1, expected 2)"
C:\Users\singh\Desktop\a2 i&v\edited code files\data\raw\BSL_Dataset\2_HAND_DATASET\W\1500.png,W,two_hand,no_hands
C:\Users\singh\Desktop\a2 i&v\edited code files\data\raw\BSL_Dataset\2_HAND_DATASET\W\1525.png,W,two_hand,no_hands
C:\Users\singh\Desktop\a2 i&v\edited code files\data\raw\BSL_Dataset\2_HAND_DATASET\W\1530.png,W,two_hand,"wrong_hand_count (detected 1, expected 2)"
C:\Users\singh\Desktop\a2 i&v\edited code files\data\raw\BSL_Dataset\2_HAND_DATASET\W\1535.png,W,two_hand,"wrong_hand_count (detected 1, expected 2)"
C:\Users\singh\Desktop\a2 i&v\edited code files\data\raw\BSL_Dataset\2_HAND_DATASET\W\1540.png,W,two_hand,"wrong_hand_count (detected 1, expected 2)"
C:\Users\singh\Desktop\a2 i&v\edited code files\data\raw\BSL_Dataset\2_HAND_DATASET\W\1545.png,W,two_hand,"wrong_hand_count (detected 1, expected 2)"
C:\Users\singh\Desktop\a2 i&v\edited code files\data\raw\BSL_Dataset\2_HAND_DATASET\W\155.png,W,two_hand,"wrong_hand_count (detected 1, expected 2)"
C:\Users\singh\Desktop\a2 i&v\edited code files\data\raw\BSL_Dataset\2_HAND_DATASET\W\1550.png,W,two_hand,"wrong_hand_count (detected 1, expected 2)"
C:\Users\singh\Desktop\a2 i&v\edited code files\data\raw\BSL_Dataset\2_HAND_DATASET\W\1555.png,W,two_hand,"wrong_hand_count (detected 1, expected 2)"
C:\Users\singh\Desktop\a2 i&v\edited code files\data\raw\BSL_Dataset\2_HAND_DATASET\W\1560.png,W,two_hand,"wrong_hand_count (detected 1, expected 2)"
C:\Users\singh\Desktop\a2 i&v\edited code files\data\raw\BSL_Dataset\2_HAND_DATASET\W\1565.png,W,two_hand,"wrong_hand_count (detected 1, expected 2)"
C:\Users\singh\Desktop\a2 i&v\edited code files\data\raw\BSL_Dataset\2_HAND_DATASET\W\1570.png,W,two_hand,"wrong_hand_count (detected 1, expected 2)"
C:\Users\singh\Desktop\a2 i&v\edited code files\data\raw\BSL_Dataset\2_HAND_DATASET\W\1575.png,W,two_hand,"wrong_hand_count (detected 1, expected 2)"
C:\Users\singh\Desktop\a2 i&v\edited code files\data\raw\BSL_Dataset\2_HAND_DATASET\W\1580.png,W,two_hand,"wrong_hand_count (detected 1, expected 2)"
C:\Users\singh\Desktop\a2 i&v\edited code files\data\raw\BSL_Dataset\2_HAND_DATASET\W\1595.png,W,two_hand,"wrong_hand_count (detected 1, expected 2)"
C:\Users\singh\Desktop\a2 i&v\edited code files\data\raw\BSL_Dataset\2_HAND_DATASET\W\160.png,W,two_hand,"wrong_hand_count (detected 1, expected 2)"
C:\Users\singh\Desktop\a2 i&v\edited code files\data\raw\BSL_Dataset\2_HAND_DATASET\W\1600.png,W,two_hand,"wrong_hand_count (detected 1, expected 2)"
C:\Users\singh\Desktop\a2 i&v\edited code files\data\raw\BSL_Dataset\2_HAND_DATASET\W\1605.png,W,two_hand,"wrong_hand_count (detected 1, expected 2)"
C:\Users\singh\Desktop\a2 i&v\edited code files\data\raw\BSL_Dataset\2_HAND_DATASET\W\1615.png,W,two_hand,"wrong_hand_count (detected 1, expected 2)"
C:\Users\singh\Desktop\a2 i&v\edited code files\data\raw\BSL_Dataset\2_HAND_DATASET\W\1640.png,W,two_hand,no_hands
C:\Users\singh\Desktop\a2 i&v\edited code files\data\raw\BSL_Dataset\2_HAND_DATASET\W\1645.png,W,two_hand,"wrong_hand_count (detected 1, expected 2)"
C:\Users\singh\Desktop\a2 i&v\edited code files\data\raw\BSL_Dataset\2_HAND_DATASET\W\165.png,W,two_hand,"wrong_hand_count (detected 1, expected 2)"
C:\Users\singh\Desktop\a2 i&v\edited code files\data\raw\BSL_Dataset\2_HAND_DATASET\W\1650.png,W,two_hand,"wrong_hand_count (detected 1, expected 2)"
C:\Users\singh\Desktop\a2 i&v\edited code files\data\raw\BSL_Dataset\2_HAND_DATASET\W\1655.png,W,two_hand,"wrong_hand_count (detected 1, expected 2)"
C:\Users\singh\Desktop\a2 i&v\edited code files\data\raw\BSL_Dataset\2_HAND_DATASET\W\1660.png,W,two_hand,"wrong_hand_count (detected 1, expected 2)"
C:\Users\singh\Desktop\a2 i&v\edited code files\data\raw\BSL_Dataset\2_HAND_DATASET\W\1665.png,W,two_hand,"wrong_hand_count (detected 1, expected 2)"
C:\Users\singh\Desktop\a2 i&v\edited code files\data\raw\BSL_Dataset\2_HAND_DATASET\W\1670.png,W,two_hand,"wrong_hand_count (detected 1, expected 2)"
C:\Users\singh\Desktop\a2 i&v\edited code files\data\raw\BSL_Dataset\2_HAND_DATASET\W\1675.png,W,two_hand,"wrong_hand_count (detected 1, expected 2)"
C:\Users\singh\Desktop\a2 i&v\edited code files\data\raw\BSL_Dataset\2_HAND_DATASET\W\1680.png,W,two_hand,"wrong_hand_count (detected 1, expected 2)"
C:\Users\singh\Desktop\a2 i&v\edited code files\data\raw\BSL_Dataset\2_HAND_DATASET\W\1685.png,W,two_hand,"wrong_hand_count (detected 1, expected 2)"
C:\Users\singh\Desktop\a2 i&v\edited code files\data\raw\BSL_Dataset\2_HAND_DATASET\W\1690.png,W,two_hand,no_hands
C:\Users\singh\Desktop\a2 i&v\edited code files\data\raw\BSL_Dataset\2_HAND_DATASET\W\1695.png,W,two_hand,"wrong_hand_count (detected 1, expected 2)"
C:\Users\singh\Desktop\a2 i&v\edited code files\data\raw\BSL_Dataset\2_HAND_DATASET\W\170.png,W,two_hand,"wrong_hand_count (detected 1, expected 2)"
C:\Users\singh\Desktop\a2 i&v\edited code files\data\raw\BSL_Dataset\2_HAND_DATASET\W\1705.png,W,two_hand,"wrong_hand_count (detected 1, expected 2)"
C:\Users\singh\Desktop\a2 i&v\edited code files\data\raw\BSL_Dataset\2_HAND_DATASET\W\1710.png,W,two_hand,"wrong_hand_count (detected 1, expected 2)"
C:\Users\singh\Desktop\a2 i&v\edited code files\data\raw\BSL_Dataset\2_HAND_DATASET\W\1720.png,W,two_hand,"wrong_hand_count (detected 1, expected 2)"
C:\Users\singh\Desktop\a2 i&v\edited code files\data\raw\BSL_Dataset\2_HAND_DATASET\W\1735.png,W,two_hand,"wrong_hand_count (detected 1, expected 2)"
C:\Users\singh\Desktop\a2 i&v\edited code files\data\raw\BSL_Dataset\2_HAND_DATASET\W\1740.png,W,two_hand,"wrong_hand_count (detected 1, expected 2)"
C:\Users\singh\Desktop\a2 i&v\edited code files\data\raw\BSL_Dataset\2_HAND_DATASET\W\1745.png,W,two_hand,no_hands
C:\Users\singh\Desktop\a2 i&v\edited code files\data\raw\BSL_Dataset\2_HAND_DATASET\W\175.png,W,two_hand,"wrong_hand_count (detected 1, expected 2)"
C:\Users\singh\Desktop\a2 i&v\edited code files\data\raw\BSL_Dataset\2_HAND_DATASET\W\1750.png,W,two_hand,"wrong_hand_count (detected 1, expected 2)"
C:\Users\singh\Desktop\a2 i&v\edited code files\data\raw\BSL_Dataset\2_HAND_DATASET\W\1755.png,W,two_hand,"wrong_hand_count (detected 1, expected 2)"
C:\Users\singh\Desktop\a2 i&v\edited code files\data\raw\BSL_Dataset\2_HAND_DATASET\W\1760.png,W,two_hand,"wrong_hand_count (detected 1, expected 2)"
C:\Users\singh\Desktop\a2 i&v\edited code files\data\raw\BSL_Dataset\2_HAND_DATASET\W\1765.png,W,two_hand,"wrong_hand_count (detected 1, expected 2)"
C:\Users\singh\Desktop\a2 i&v\edited code files\data\raw\BSL_Dataset\2_HAND_DATASET\W\1770.png,W,two_hand,"wrong_hand_count (detected 1, expected 2)"
C:\Users\singh\Desktop\a2 i&v\edited code files\data\raw\BSL_Dataset\2_HAND_DATASET\W\1775.png,W,two_hand,"wrong_hand_count (detected 1, expected 2)"
C:\Users\singh\Desktop\a2 i&v\edited code files\data\raw\BSL_Dataset\2_HAND_DATASET\W\1780.png,W,two_hand,"wrong_hand_count (detected 1, expected 2)"
C:\Users\singh\Desktop\a2 i&v\edited code files\data\raw\BSL_Dataset\2_HAND_DATASET\W\1785.png,W,two_hand,"wrong_hand_count (detected 1, expected 2)"
C:\Users\singh\Desktop\a2 i&v\edited code files\data\raw\BSL_Dataset\2_HAND_DATASET\W\1790.png,W,two_hand,"wrong_hand_count (detected 1, expected 2)"
C:\Users\singh\Desktop\a2 i&v\edited code files\data\raw\BSL_Dataset\2_HAND_DATASET\W\1795.png,W,two_hand,"wrong_hand_count (detected 1, expected 2)"
C:\Users\singh\Desktop\a2 i&v\edited code files\data\raw\BSL_Dataset\2_HAND_DATASET\W\180.png,W,two_hand,"wrong_hand_count (detected 1, expected 2)"
C:\Users\singh\Desktop\a2 i&v\edited code files\data\raw\BSL_Dataset\2_HAND_DATASET\W\1800.png,W,two_hand,no_hands
C:\Users\singh\Desktop\a2 i&v\edited code files\data\raw\BSL_Dataset\2_HAND_DATASET\W\1805.png,W,two_hand,"wrong_hand_count (detected 1, expected 2)"
C:\Users\singh\Desktop\a2 i&v\edited code files\data\raw\BSL_Dataset\2_HAND_DATASET\W\1860.png,W,two_hand,"wrong_hand_count (detected 1, expected 2)"
C:\Users\singh\Desktop\a2 i&v\edited code files\data\raw\BSL_Dataset\2_HAND_DATASET\W\1865.png,W,two_hand,"wrong_hand_count (detected 1, expected 2)"
C:\Users\singh\Desktop\a2 i&v\edited code files\data\raw\BSL_Dataset\2_HAND_DATASET\W\1870.png,W,two_hand,"wrong_hand_count (detected 1, expected 2)"
C:\Users\singh\Desktop\a2 i&v\edited code files\data\raw\BSL_Dataset\2_HAND_DATASET\W\1875.png,W,two_hand,"wrong_hand_count (detected 1, expected 2)"
C:\Users\singh\Desktop\a2 i&v\edited code files\data\raw\BSL_Dataset\2_HAND_DATASET\W\1880.png,W,two_hand,"wrong_hand_count (detected 1, expected 2)"
C:\Users\singh\Desktop\a2 i&v\edited code files\data\raw\BSL_Dataset\2_HAND_DATASET\W\1885.png,W,two_hand,"wrong_hand_count (detected 1, expected 2)"
C:\Users\singh\Desktop\a2 i&v\edited code files\data\raw\BSL_Dataset\2_HAND_DATASET\W\1890.png,W,two_hand,"wrong_hand_count (detected 1, expected 2)"
C:\Users\singh\Desktop\a2 i&v\edited code files\data\raw\BSL_Dataset\2_HAND_DATASET\W\1895.png,W,two_hand,"wrong_hand_count (detected 1, expected 2)"
C:\Users\singh\Desktop\a2 i&v\edited code files\data\raw\BSL_Dataset\2_HAND_DATASET\W\1900.png,W,two_hand,"wrong_hand_count (detected 1, expected 2)"
C:\Users\singh\Desktop\a2 i&v\edited code files\data\raw\BSL_Dataset\2_HAND_DATASET\W\1905.png,W,two_hand,"wrong_hand_count (detected 1, expected 2)"
C:\Users\singh\Desktop\a2 i&v\edited code files\data\raw\BSL_Dataset\2_HAND_DATASET\W\1945.png,W,two_hand,"wrong_hand_count (detected 1, expected 2)"
C:\Users\singh\Desktop\a2 i&v\edited code files\data\raw\BSL_Dataset\2_HAND_DATASET\W\195.png,W,two_hand,"wrong_hand_count (detected 1, expected 2)"
C:\Users\singh\Desktop\a2 i&v\edited code files\data\raw\BSL_Dataset\2_HAND_DATASET\W\1955.png,W,two_hand,"wrong_hand_count (detected 1, expected 2)"
C:\Users\singh\Desktop\a2 i&v\edited code files\data\raw\BSL_Dataset\2_HAND_DATASET\W\1975.png,W,two_hand,"wrong_hand_count (detected 1, expected 2)"
C:\Users\singh\Desktop\a2 i&v\edited code files\data\raw\BSL_Dataset\2_HAND_DATASET\W\1985.png,W,two_hand,"wrong_hand_count (detected 1, expected 2)"
C:\Users\singh\Desktop\a2 i&v\edited code files\data\raw\BSL_Dataset\2_HAND_DATASET\W\1990.png,W,two_hand,"wrong_hand_count (detected 1, expected 2)"
C:\Users\singh\Desktop\a2 i&v\edited code files\data\raw\BSL_Dataset\2_HAND_DATASET\W\1995.png,W,two_hand,"wrong_hand_count (detected 1, expected 2)"
C:\Users\singh\Desktop\a2 i&v\edited code files\data\raw\BSL_Dataset\2_HAND_DATASET\W\20.png,W,two_hand,"wrong_hand_count (detected 1, expected 2)"
C:\Users\singh\Desktop\a2 i&v\edited code files\data\raw\BSL_Dataset\2_HAND_DATASET\W\2000.png,W,two_hand,"wrong_hand_count (detected 1, expected 2)"
C:\Users\singh\Desktop\a2 i&v\edited code files\data\raw\BSL_Dataset\2_HAND_DATASET\W\2015.png,W,two_hand,"wrong_hand_count (detected 1, expected 2)"
C:\Users\singh\Desktop\a2 i&v\edited code files\data\raw\BSL_Dataset\2_HAND_DATASET\W\205.png,W,two_hand,"wrong_hand_count (detected 1, expected 2)"
C:\Users\singh\Desktop\a2 i&v\edited code files\data\raw\BSL_Dataset\2_HAND_DATASET\W\2055.png,W,two_hand,"wrong_hand_count (detected 1, expected 2)"
C:\Users\singh\Desktop\a2 i&v\edited code files\data\raw\BSL_Dataset\2_HAND_DATASET\W\2080.png,W,two_hand,"wrong_hand_count (detected 1, expected 2)"
C:\Users\singh\Desktop\a2 i&v\edited code files\data\raw\BSL_Dataset\2_HAND_DATASET\W\2095.png,W,two_hand,"wrong_hand_count (detected 1, expected 2)"
C:\Users\singh\Desktop\a2 i&v\edited code files\data\raw\BSL_Dataset\2_HAND_DATASET\W\210.png,W,two_hand,"wrong_hand_count (detected 1, expected 2)"
C:\Users\singh\Desktop\a2 i&v\edited code files\data\raw\BSL_Dataset\2_HAND_DATASET\W\215.png,W,two_hand,"wrong_hand_count (detected 1, expected 2)"
C:\Users\singh\Desktop\a2 i&v\edited code files\data\raw\BSL_Dataset\2_HAND_DATASET\W\2160.png,W,two_hand,"wrong_hand_count (detected 1, expected 2)"
C:\Users\singh\Desktop\a2 i&v\edited code files\data\raw\BSL_Dataset\2_HAND_DATASET\W\2180.png,W,two_hand,"wrong_hand_count (detected 1, expected 2)"
C:\Users\singh\Desktop\a2 i&v\edited code files\data\raw\BSL_Dataset\2_HAND_DATASET\W\2185.png,W,two_hand,"wrong_hand_count (detected 1, expected 2)"
C:\Users\singh\Desktop\a2 i&v\edited code files\data\raw\BSL_Dataset\2_HAND_DATASET\W\2190.png,W,two_hand,"wrong_hand_count (detected 1, expected 2)"
C:\Users\singh\Desktop\a2 i&v\edited code files\data\raw\BSL_Dataset\2_HAND_DATASET\W\220.png,W,two_hand,"wrong_hand_count (detected 1, expected 2)"
C:\Users\singh\Desktop\a2 i&v\edited code files\data\raw\BSL_Dataset\2_HAND_DATASET\W\2200.png,W,two_hand,"wrong_hand_count (detected 1, expected 2)"
C:\Users\singh\Desktop\a2 i&v\edited code files\data\raw\BSL_Dataset\2_HAND_DATASET\W\225.png,W,two_hand,"wrong_hand_count (detected 1, expected 2)"
C:\Users\singh\Desktop\a2 i&v\edited code files\data\raw\BSL_Dataset\2_HAND_DATASET\W\2260.png,W,two_hand,"wrong_hand_count (detected 1, expected 2)"
C:\Users\singh\Desktop\a2 i&v\edited code files\data\raw\BSL_Dataset\2_HAND_DATASET\W\2285.png,W,two_hand,"wrong_hand_count (detected 1, expected 2)"
C:\Users\singh\Desktop\a2 i&v\edited code files\data\raw\BSL_Dataset\2_HAND_DATASET\W\2290.png,W,two_hand,"wrong_hand_count (detected 1, expected 2)"
C:\Users\singh\Desktop\a2 i&v\edited code files\data\raw\BSL_Dataset\2_HAND_DATASET\W\2295.png,W,two_hand,"wrong_hand_count (detected 1, expected 2)"
C:\Users\singh\Desktop\a2 i&v\edited code files\data\raw\BSL_Dataset\2_HAND_DATASET\W\230.png,W,two_hand,"wrong_hand_count (detected 1, expected 2)"
C:\Users\singh\Desktop\a2 i&v\edited code files\data\raw\BSL_Dataset\2_HAND_DATASET\W\2300.png,W,two_hand,"wrong_hand_count (detected 1, expected 2)"
C:\Users\singh\Desktop\a2 i&v\edited code files\data\raw\BSL_Dataset\2_HAND_DATASET\W\2310.png,W,two_hand,"wrong_hand_count (detected 1, expected 2)"
C:\Users\singh\Desktop\a2 i&v\edited code files\data\raw\BSL_Dataset\2_HAND_DATASET\W\2315.png,W,two_hand,"wrong_hand_count (detected 1, expected 2)"
C:\Users\singh\Desktop\a2 i&v\edited code files\data\raw\BSL_Dataset\2_HAND_DATASET\W\2320.png,W,two_hand,"wrong_hand_count (detected 1, expected 2)"
C:\Users\singh\Desktop\a2 i&v\edited code files\data\raw\BSL_Dataset\2_HAND_DATASET\W\235.png,W,two_hand,"wrong_hand_count (detected 1, expected 2)"
C:\Users\singh\Desktop\a2 i&v\edited code files\data\raw\BSL_Dataset\2_HAND_DATASET\W\2385.png,W,two_hand,"wrong_hand_count (detected 1, expected 2)"
C:\Users\singh\Desktop\a2 i&v\edited code files\data\raw\BSL_Dataset\2_HAND_DATASET\W\2390.png,W,two_hand,"wrong_hand_count (detected 1, expected 2)"
C:\Users\singh\Desktop\a2 i&v\edited code files\data\raw\BSL_Dataset\2_HAND_DATASET\W\2395.png,W,two_hand,"wrong_hand_count (detected 1, expected 2)"
C:\Users\singh\Desktop\a2 i&v\edited code files\data\raw\BSL_Dataset\2_HAND_DATASET\W\2405.png,W,two_hand,"wrong_hand_count (detected 1, expected 2)"
C:\Users\singh\Desktop\a2 i&v\edited code files\data\raw\BSL_Dataset\2_HAND_DATASET\W\2410.png,W,two_hand,"wrong_hand_count (detected 1, expected 2)"
C:\Users\singh\Desktop\a2 i&v\edited code files\data\raw\BSL_Dataset\2_HAND_DATASET\W\2420.png,W,two_hand,"wrong_hand_count (detected 1, expected 2)"
C:\Users\singh\Desktop\a2 i&v\edited code files\data\raw\BSL_Dataset\2_HAND_DATASET\W\2465.png,W,two_hand,"wrong_hand_count (detected 1, expected 2)"
C:\Users\singh\Desktop\a2 i&v\edited code files\data\raw\BSL_Dataset\2_HAND_DATASET\W\2470.png,W,two_hand,"wrong_hand_count (detected 1, expected 2)"
C:\Users\singh\Desktop\a2 i&v\edited code files\data\raw\BSL_Dataset\2_HAND_DATASET\W\2480.png,W,two_hand,"wrong_hand_count (detected 1, expected 2)"
C:\Users\singh\Desktop\a2 i&v\edited code files\data\raw\BSL_Dataset\2_HAND_DATASET\W\2485.png,W,two_hand,"wrong_hand_count (detected 1, expected 2)"
C:\Users\singh\Desktop\a2 i&v\edited code files\data\raw\BSL_Dataset\2_HAND_DATASET\W\2490.png,W,two_hand,"wrong_hand_count (detected 1, expected 2)"
C:\Users\singh\Desktop\a2 i&v\edited code files\data\raw\BSL_Dataset\2_HAND_DATASET\W\2495.png,W,two_hand,"wrong_hand_count (detected 1, expected 2)"
C:\Users\singh\Desktop\a2 i&v\edited code files\data\raw\BSL_Dataset\2_HAND_DATASET\W\2500.png,W,two_hand,"wrong_hand_count (detected 1, expected 2)"
C:\Users\singh\Desktop\a2 i&v\edited code files\data\raw\BSL_Dataset\2_HAND_DATASET\W\2505.png,W,two_hand,no_hands
C:\Users\singh\Desktop\a2 i&v\edited code files\data\raw\BSL_Dataset\2_HAND_DATASET\W\2510.png,W,two_hand,"wrong_hand_count (detected 1, expected 2)"
C:\Users\singh\Desktop\a2 i&v\edited code files\data\raw\BSL_Dataset\2_HAND_DATASET\W\2515.png,W,two_hand,"wrong_hand_count (detected 1, expected 2)"
C:\Users\singh\Desktop\a2 i&v\edited code files\data\raw\BSL_Dataset\2_HAND_DATASET\W\2520.png,W,two_hand,"wrong_hand_count (detected 1, expected 2)"
C:\Users\singh\Desktop\a2 i&v\edited code files\data\raw\BSL_Dataset\2_HAND_DATASET\W\2525.png,W,two_hand,"wrong_hand_count (detected 1, expected 2)"
C:\Users\singh\Desktop\a2 i&v\edited code files\data\raw\BSL_Dataset\2_HAND_DATASET\W\2530.png,W,two_hand,"wrong_hand_count (detected 1, expected 2)"
C:\Users\singh\Desktop\a2 i&v\edited code files\data\raw\BSL_Dataset\2_HAND_DATASET\W\2535.png,W,two_hand,"wrong_hand_count (detected 1, expected 2)"
C:\Users\singh\Desktop\a2 i&v\edited code files\data\raw\BSL_Dataset\2_HAND_DATASET\W\2540.png,W,two_hand,"wrong_hand_count (detected 1, expected 2)"
C:\Users\singh\Desktop\a2 i&v\edited code files\data\raw\BSL_Dataset\2_HAND_DATASET\W\2545.png,W,two_hand,"wrong_hand_count (detected 1, expected 2)"
C:\Users\singh\Desktop\a2 i&v\edited code files\data\raw\BSL_Dataset\2_HAND_DATASET\W\255.png,W,two_hand,"wrong_hand_count (detected 1, expected 2)"
C:\Users\singh\Desktop\a2 i&v\edited code files\data\raw\BSL_Dataset\2_HAND_DATASET\W\2550.png,W,two_hand,"wrong_hand_count (detected 1, expected 2)"
C:\Users\singh\Desktop\a2 i&v\edited code files\data\raw\BSL_Dataset\2_HAND_DATASET\W\2575.png,W,two_hand,"wrong_hand_count (detected 1, expected 2)"
C:\Users\singh\Desktop\a2 i&v\edited code files\data\raw\BSL_Dataset\2_HAND_DATASET\W\2580.png,W,two_hand,"wrong_hand_count (detected 1, expected 2)"
C:\Users\singh\Desktop\a2 i&v\edited code files\data\raw\BSL_Dataset\2_HAND_DATASET\W\2590.png,W,two_hand,"wrong_hand_count (detected 1, expected 2)"
C:\Users\singh\Desktop\a2 i&v\edited code files\data\raw\BSL_Dataset\2_HAND_DATASET\W\260.png,W,two_hand,"wrong_hand_count (detected 1, expected 2)"
C:\Users\singh\Desktop\a2 i&v\edited code files\data\raw\BSL_Dataset\2_HAND_DATASET\W\2605.png,W,two_hand,"wrong_hand_count (detected 1, expected 2)"
C:\Users\singh\Desktop\a2 i&v\edited code files\data\raw\BSL_Dataset\2_HAND_DATASET\W\2630.png,W,two_hand,"wrong_hand_count (detected 1, expected 2)"
C:\Users\singh\Desktop\a2 i&v\edited code files\data\raw\BSL_Dataset\2_HAND_DATASET\W\2635.png,W,two_hand,"wrong_hand_count (detected 1, expected 2)"
C:\Users\singh\Desktop\a2 i&v\edited code files\data\raw\BSL_Dataset\2_HAND_DATASET\W\2645.png,W,two_hand,"wrong_hand_count (detected 1, expected 2)"
C:\Users\singh\Desktop\a2 i&v\edited code files\data\raw\BSL_Dataset\2_HAND_DATASET\W\265.png,W,two_hand,"wrong_hand_count (detected 1, expected 2)"
C:\Users\singh\Desktop\a2 i&v\edited code files\data\raw\BSL_Dataset\2_HAND_DATASET\W\2650.png,W,two_hand,"wrong_hand_count (detected 1, expected 2)"
C:\Users\singh\Desktop\a2 i&v\edited code files\data\raw\BSL_Dataset\2_HAND_DATASET\W\2655.png,W,two_hand,"wrong_hand_count (detected 1, expected 2)"
C:\Users\singh\Desktop\a2 i&v\edited code files\data\raw\BSL_Dataset\2_HAND_DATASET\W\2660.png,W,two_hand,"wrong_hand_count (detected 1, expected 2)"
C:\Users\singh\Desktop\a2 i&v\edited code files\data\raw\BSL_Dataset\2_HAND_DATASET\W\2680.png,W,two_hand,"wrong_hand_count (detected 1, expected 2)"
C:\Users\singh\Desktop\a2 i&v\edited code files\data\raw\BSL_Dataset\2_HAND_DATASET\W\2685.png,W,two_hand,"wrong_hand_count (detected 1, expected 2)"
C:\Users\singh\Desktop\a2 i&v\edited code files\data\raw\BSL_Dataset\2_HAND_DATASET\W\2695.png,W,two_hand,"wrong_hand_count (detected 1, expected 2)"
C:\Users\singh\Desktop\a2 i&v\edited code files\data\raw\BSL_Dataset\2_HAND_DATASET\W\270.png,W,two_hand,"wrong_hand_count (detected 1, expected 2)"
C:\Users\singh\Desktop\a2 i&v\edited code files\data\raw\BSL_Dataset\2_HAND_DATASET\W\2710.png,W,two_hand,"wrong_hand_count (detected 1, expected 2)"
C:\Users\singh\Desktop\a2 i&v\edited code files\data\raw\BSL_Dataset\2_HAND_DATASET\W\2715.png,W,two_hand,"wrong_hand_count (detected 1, expected 2)"
C:\Users\singh\Desktop\a2 i&v\edited code files\data\raw\BSL_Dataset\2_HAND_DATASET\W\2725.png,W,two_hand,"wrong_hand_count (detected 1, expected 2)"
C:\Users\singh\Desktop\a2 i&v\edited code files\data\raw\BSL_Dataset\2_HAND_DATASET\W\2730.png,W,two_hand,"wrong_hand_count (detected 1, expected 2)"
C:\Users\singh\Desktop\a2 i&v\edited code files\data\raw\BSL_Dataset\2_HAND_DATASET\W\2735.png,W,two_hand,"wrong_hand_count (detected 1, expected 2)"
C:\Users\singh\Desktop\a2 i&v\edited code files\data\raw\BSL_Dataset\2_HAND_DATASET\W\2745.png,W,two_hand,"wrong_hand_count (detected 1, expected 2)"
C:\Users\singh\Desktop\a2 i&v\edited code files\data\raw\BSL_Dataset\2_HAND_DATASET\W\275.png,W,two_hand,"wrong_hand_count (detected 1, expected 2)"
C:\Users\singh\Desktop\a2 i&v\edited code files\data\raw\BSL_Dataset\2_HAND_DATASET\W\2750.png,W,two_hand,"wrong_hand_count (detected 1, expected 2)"
C:\Users\singh\Desktop\a2 i&v\edited code files\data\raw\BSL_Dataset\2_HAND_DATASET\W\2755.png,W,two_hand,"wrong_hand_count (detected 1, expected 2)"
C:\Users\singh\Desktop\a2 i&v\edited code files\data\raw\BSL_Dataset\2_HAND_DATASET\W\2760.png,W,two_hand,"wrong_hand_count (detected 1, expected 2)"
C:\Users\singh\Desktop\a2 i&v\edited code files\data\raw\BSL_Dataset\2_HAND_DATASET\W\2765.png,W,two_hand,"wrong_hand_count (detected 1, expected 2)"
C:\Users\singh\Desktop\a2 i&v\edited code files\data\raw\BSL_Dataset\2_HAND_DATASET\W\2785.png,W,two_hand,"wrong_hand_count (detected 1, expected 2)"
C:\Users\singh\Desktop\a2 i&v\edited code files\data\raw\BSL_Dataset\2_HAND_DATASET\W\2790.png,W,two_hand,"wrong_hand_count (detected 1, expected 2)"
C:\Users\singh\Desktop\a2 i&v\edited code files\data\raw\BSL_Dataset\2_HAND_DATASET\W\280.png,W,two_hand,"wrong_hand_count (detected 1, expected 2)"
C:\Users\singh\Desktop\a2 i&v\edited code files\data\raw\BSL_Dataset\2_HAND_DATASET\W\2810.png,W,two_hand,"wrong_hand_count (detected 1, expected 2)"
C:\Users\singh\Desktop\a2 i&v\edited code files\data\raw\BSL_Dataset\2_HAND_DATASET\W\2825.png,W,two_hand,"wrong_hand_count (detected 1, expected 2)"
C:\Users\singh\Desktop\a2 i&v\edited code files\data\raw\BSL_Dataset\2_HAND_DATASET\W\2840.png,W,two_hand,"wrong_hand_count (detected 1, expected 2)"
C:\Users\singh\Desktop\a2 i&v\edited code files\data\raw\BSL_Dataset\2_HAND_DATASET\W\2845.png,W,two_hand,"wrong_hand_count (detected 1, expected 2)"
C:\Users\singh\Desktop\a2 i&v\edited code files\data\raw\BSL_Dataset\2_HAND_DATASET\W\285.png,W,two_hand,"wrong_hand_count (detected 1, expected 2)"
C:\Users\singh\Desktop\a2 i&v\edited code files\data\raw\BSL_Dataset\2_HAND_DATASET\W\2850.png,W,two_hand,"wrong_hand_count (detected 1, expected 2)"
C:\Users\singh\Desktop\a2 i&v\edited code files\data\raw\BSL_Dataset\2_HAND_DATASET\W\2865.png,W,two_hand,"wrong_hand_count (detected 1, expected 2)"
C:\Users\singh\Desktop\a2 i&v\edited code files\data\raw\BSL_Dataset\2_HAND_DATASET\W\2895.png,W,two_hand,"wrong_hand_count (detected 1, expected 2)"
C:\Users\singh\Desktop\a2 i&v\edited code files\data\raw\BSL_Dataset\2_HAND_DATASET\W\290.png,W,two_hand,"wrong_hand_count (detected 1, expected 2)"
C:\Users\singh\Desktop\a2 i&v\edited code files\data\raw\BSL_Dataset\2_HAND_DATASET\W\2900.png,W,two_hand,"wrong_hand_count (detected 1, expected 2)"
C:\Users\singh\Desktop\a2 i&v\edited code files\data\raw\BSL_Dataset\2_HAND_DATASET\W\2905.png,W,two_hand,"wrong_hand_count (detected 1, expected 2)"
C:\Users\singh\Desktop\a2 i&v\edited code files\data\raw\BSL_Dataset\2_HAND_DATASET\W\2910.png,W,two_hand,"wrong_hand_count (detected 1, expected 2)"
C:\Users\singh\Desktop\a2 i&v\edited code files\data\raw\BSL_Dataset\2_HAND_DATASET\W\2915.png,W,two_hand,"wrong_hand_count (detected 1, expected 2)"
C:\Users\singh\Desktop\a2 i&v\edited code files\data\raw\BSL_Dataset\2_HAND_DATASET\W\2920.png,W,two_hand,"wrong_hand_count (detected 1, expected 2)"
C:\Users\singh\Desktop\a2 i&v\edited code files\data\raw\BSL_Dataset\2_HAND_DATASET\W\2925.png,W,two_hand,"wrong_hand_count (detected 1, expected 2)"
C:\Users\singh\Desktop\a2 i&v\edited code files\data\raw\BSL_Dataset\2_HAND_DATASET\W\2930.png,W,two_hand,"wrong_hand_count (detected 1, expected 2)"
C:\Users\singh\Desktop\a2 i&v\edited code files\data\raw\BSL_Dataset\2_HAND_DATASET\W\2935.png,W,two_hand,"wrong_hand_count (detected 1, expected 2)"
C:\Users\singh\Desktop\a2 i&v\edited code files\data\raw\BSL_Dataset\2_HAND_DATASET\W\2940.png,W,two_hand,"wrong_hand_count (detected 1, expected 2)"
C:\Users\singh\Desktop\a2 i&v\edited code files\data\raw\BSL_Dataset\2_HAND_DATASET\W\2945.png,W,two_hand,"wrong_hand_count (detected 1, expected 2)"
C:\Users\singh\Desktop\a2 i&v\edited code files\data\raw\BSL_Dataset\2_HAND_DATASET\W\2950.png,W,two_hand,"wrong_hand_count (detected 1, expected 2)"
C:\Users\singh\Desktop\a2 i&v\edited code files\data\raw\BSL_Dataset\2_HAND_DATASET\W\2955.png,W,two_hand,"wrong_hand_count (detected 1, expected 2)"
C:\Users\singh\Desktop\a2 i&v\edited code files\data\raw\BSL_Dataset\2_HAND_DATASET\W\2960.png,W,two_hand,"wrong_hand_count (detected 1, expected 2)"
C:\Users\singh\Desktop\a2 i&v\edited code files\data\raw\BSL_Dataset\2_HAND_DATASET\W\2965.png,W,two_hand,"wrong_hand_count (detected 1, expected 2)"
C:\Users\singh\Desktop\a2 i&v\edited code files\data\raw\BSL_Dataset\2_HAND_DATASET\W\2970.png,W,two_hand,"wrong_hand_count (detected 1, expected 2)"
C:\Users\singh\Desktop\a2 i&v\edited code files\data\raw\BSL_Dataset\2_HAND_DATASET\W\2975.png,W,two_hand,"wrong_hand_count (detected 1, expected 2)"
C:\Users\singh\Desktop\a2 i&v\edited code files\data\raw\BSL_Dataset\2_HAND_DATASET\W\2980.png,W,two_hand,"wrong_hand_count (detected 1, expected 2)"
C:\Users\singh\Desktop\a2 i&v\edited code files\data\raw\BSL_Dataset\2_HAND_DATASET\W\2985.png,W,two_hand,"wrong_hand_count (detected 1, expected 2)"
C:\Users\singh\Desktop\a2 i&v\edited code files\data\raw\BSL_Dataset\2_HAND_DATASET\W\300.png,W,two_hand,"wrong_hand_count (detected 1, expected 2)"
C:\Users\singh\Desktop\a2 i&v\edited code files\data\raw\BSL_Dataset\2_HAND_DATASET\W\3010.png,W,two_hand,"wrong_hand_count (detected 1, expected 2)"
C:\Users\singh\Desktop\a2 i&v\edited code files\data\raw\BSL_Dataset\2_HAND_DATASET\W\3025.png,W,two_hand,"wrong_hand_count (detected 1, expected 2)"
C:\Users\singh\Desktop\a2 i&v\edited code files\data\raw\BSL_Dataset\2_HAND_DATASET\W\3035.png,W,two_hand,"wrong_hand_count (detected 1, expected 2)"
C:\Users\singh\Desktop\a2 i&v\edited code files\data\raw\BSL_Dataset\2_HAND_DATASET\W\3040.png,W,two_hand,"wrong_hand_count (detected 1, expected 2)"
C:\Users\singh\Desktop\a2 i&v\edited code files\data\raw\BSL_Dataset\2_HAND_DATASET\W\3045.png,W,two_hand,"wrong_hand_count (detected 1, expected 2)"
C:\Users\singh\Desktop\a2 i&v\edited code files\data\raw\BSL_Dataset\2_HAND_DATASET\W\305.png,W,two_hand,"wrong_hand_count (detected 1, expected 2)"
C:\Users\singh\Desktop\a2 i&v\edited code files\data\raw\BSL_Dataset\2_HAND_DATASET\W\3065.png,W,two_hand,"wrong_hand_count (detected 1, expected 2)"
C:\Users\singh\Desktop\a2 i&v\edited code files\data\raw\BSL_Dataset\2_HAND_DATASET\W\3075.png,W,two_hand,"wrong_hand_count (detected 1, expected 2)"
C:\Users\singh\Desktop\a2 i&v\edited code files\data\raw\BSL_Dataset\2_HAND_DATASET\W\3080.png,W,two_hand,"wrong_hand_count (detected 1, expected 2)"
C:\Users\singh\Desktop\a2 i&v\edited code files\data\raw\BSL_Dataset\2_HAND_DATASET\W\3090.png,W,two_hand,"wrong_hand_count (detected 1, expected 2)"
C:\Users\singh\Desktop\a2 i&v\edited code files\data\raw\BSL_Dataset\2_HAND_DATASET\W\3095.png,W,two_hand,"wrong_hand_count (detected 1, expected 2)"
C:\Users\singh\Desktop\a2 i&v\edited code files\data\raw\BSL_Dataset\2_HAND_DATASET\W\3115.png,W,two_hand,"wrong_hand_count (detected 1, expected 2)"
C:\Users\singh\Desktop\a2 i&v\edited code files\data\raw\BSL_Dataset\2_HAND_DATASET\W\3120.png,W,two_hand,"wrong_hand_count (detected 1, expected 2)"
C:\Users\singh\Desktop\a2 i&v\edited code files\data\raw\BSL_Dataset\2_HAND_DATASET\W\3140.png,W,two_hand,"wrong_hand_count (detected 1, expected 2)"
C:\Users\singh\Desktop\a2 i&v\edited code files\data\raw\BSL_Dataset\2_HAND_DATASET\W\3145.png,W,two_hand,"wrong_hand_count (detected 1, expected 2)"
C:\Users\singh\Desktop\a2 i&v\edited code files\data\raw\BSL_Dataset\2_HAND_DATASET\W\3150.png,W,two_hand,"wrong_hand_count (detected 1, expected 2)"
C:\Users\singh\Desktop\a2 i&v\edited code files\data\raw\BSL_Dataset\2_HAND_DATASET\W\3160.png,W,two_hand,"wrong_hand_count (detected 1, expected 2)"
C:\Users\singh\Desktop\a2 i&v\edited code files\data\raw\BSL_Dataset\2_HAND_DATASET\W\3165.png,W,two_hand,"wrong_hand_count (detected 1, expected 2)"
C:\Users\singh\Desktop\a2 i&v\edited code files\data\raw\BSL_Dataset\2_HAND_DATASET\W\3170.png,W,two_hand,"wrong_hand_count (detected 1, expected 2)"
C:\Users\singh\Desktop\a2 i&v\edited code files\data\raw\BSL_Dataset\2_HAND_DATASET\W\3175.png,W,two_hand,"wrong_hand_count (detected 1, expected 2)"
C:\Users\singh\Desktop\a2 i&v\edited code files\data\raw\BSL_Dataset\2_HAND_DATASET\W\3185.png,W,two_hand,"wrong_hand_count (detected 1, expected 2)"
C:\Users\singh\Desktop\a2 i&v\edited code files\data\raw\BSL_Dataset\2_HAND_DATASET\W\3190.png,W,two_hand,"wrong_hand_count (detected 1, expected 2)"
C:\Users\singh\Desktop\a2 i&v\edited code files\data\raw\BSL_Dataset\2_HAND_DATASET\W\3195.png,W,two_hand,"wrong_hand_count (detected 1, expected 2)"
C:\Users\singh\Desktop\a2 i&v\edited code files\data\raw\BSL_Dataset\2_HAND_DATASET\W\320.png,W,two_hand,"wrong_hand_count (detected 1, expected 2)"
C:\Users\singh\Desktop\a2 i&v\edited code files\data\raw\BSL_Dataset\2_HAND_DATASET\W\3200.png,W,two_hand,"wrong_hand_count (detected 1, expected 2)"
C:\Users\singh\Desktop\a2 i&v\edited code files\data\raw\BSL_Dataset\2_HAND_DATASET\W\3205.png,W,two_hand,"wrong_hand_count (detected 1, expected 2)"
C:\Users\singh\Desktop\a2 i&v\edited code files\data\raw\BSL_Dataset\2_HAND_DATASET\W\3210.png,W,two_hand,"wrong_hand_count (detected 1, expected 2)"
C:\Users\singh\Desktop\a2 i&v\edited code files\data\raw\BSL_Dataset\2_HAND_DATASET\W\3215.png,W,two_hand,"wrong_hand_count (detected 1, expected 2)"
C:\Users\singh\Desktop\a2 i&v\edited code files\data\raw\BSL_Dataset\2_HAND_DATASET\W\3225.png,W,two_hand,"wrong_hand_count (detected 1, expected 2)"
C:\Users\singh\Desktop\a2 i&v\edited code files\data\raw\BSL_Dataset\2_HAND_DATASET\W\3230.png,W,two_hand,"wrong_hand_count (detected 1, expected 2)"
C:\Users\singh\Desktop\a2 i&v\edited code files\data\raw\BSL_Dataset\2_HAND_DATASET\W\3235.png,W,two_hand,"wrong_hand_count (detected 1, expected 2)"
C:\Users\singh\Desktop\a2 i&v\edited code files\data\raw\BSL_Dataset\2_HAND_DATASET\W\325.png,W,two_hand,"wrong_hand_count (detected 1, expected 2)"
C:\Users\singh\Desktop\a2 i&v\edited code files\data\raw\BSL_Dataset\2_HAND_DATASET\W\3250.png,W,two_hand,"wrong_hand_count (detected 1, expected 2)"
C:\Users\singh\Desktop\a2 i&v\edited code files\data\raw\BSL_Dataset\2_HAND_DATASET\W\3260.png,W,two_hand,"wrong_hand_count (detected 1, expected 2)"
C:\Users\singh\Desktop\a2 i&v\edited code files\data\raw\BSL_Dataset\2_HAND_DATASET\W\3265.png,W,two_hand,"wrong_hand_count (detected 1, expected 2)"
C:\Users\singh\Desktop\a2 i&v\edited code files\data\raw\BSL_Dataset\2_HAND_DATASET\W\3270.png,W,two_hand,"wrong_hand_count (detected 1, expected 2)"
C:\Users\singh\Desktop\a2 i&v\edited code files\data\raw\BSL_Dataset\2_HAND_DATASET\W\3280.png,W,two_hand,"wrong_hand_count (detected 1, expected 2)"
C:\Users\singh\Desktop\a2 i&v\edited code files\data\raw\BSL_Dataset\2_HAND_DATASET\W\3285.png,W,two_hand,"wrong_hand_count (detected 1, expected 2)"
C:\Users\singh\Desktop\a2 i&v\edited code files\data\raw\BSL_Dataset\2_HAND_DATASET\W\3290.png,W,two_hand,"wrong_hand_count (detected 1, expected 2)"
C:\Users\singh\Desktop\a2 i&v\edited code files\data\raw\BSL_Dataset\2_HAND_DATASET\W\3295.png,W,two_hand,"wrong_hand_count (detected 1, expected 2)"
C:\Users\singh\Desktop\a2 i&v\edited code files\data\raw\BSL_Dataset\2_HAND_DATASET\W\330.png,W,two_hand,"wrong_hand_count (detected 1, expected 2)"
C:\Users\singh\Desktop\a2 i&v\edited code files\data\raw\BSL_Dataset\2_HAND_DATASET\W\3300.png,W,two_hand,"wrong_hand_count (detected 1, expected 2)"
C:\Users\singh\Desktop\a2 i&v\edited code files\data\raw\BSL_Dataset\2_HAND_DATASET\W\3305.png,W,two_hand,"wrong_hand_count (detected 1, expected 2)"
C:\Users\singh\Desktop\a2 i&v\edited code files\data\raw\BSL_Dataset\2_HAND_DATASET\W\3315.png,W,two_hand,"wrong_hand_count (detected 1, expected 2)"
C:\Users\singh\Desktop\a2 i&v\edited code files\data\raw\BSL_Dataset\2_HAND_DATASET\W\3320.png,W,two_hand,"wrong_hand_count (detected 1, expected 2)"
C:\Users\singh\Desktop\a2 i&v\edited code files\data\raw\BSL_Dataset\2_HAND_DATASET\W\3345.png,W,two_hand,"wrong_hand_count (detected 1, expected 2)"
C:\Users\singh\Desktop\a2 i&v\edited code files\data\raw\BSL_Dataset\2_HAND_DATASET\W\335.png,W,two_hand,"wrong_hand_count (detected 1, expected 2)"
C:\Users\singh\Desktop\a2 i&v\edited code files\data\raw\BSL_Dataset\2_HAND_DATASET\W\3350.png,W,two_hand,"wrong_hand_count (detected 1, expected 2)"
C:\Users\singh\Desktop\a2 i&v\edited code files\data\raw\BSL_Dataset\2_HAND_DATASET\W\3360.png,W,two_hand,"wrong_hand_count (detected 1, expected 2)"
C:\Users\singh\Desktop\a2 i&v\edited code files\data\raw\BSL_Dataset\2_HAND_DATASET\W\3375.png,W,two_hand,"wrong_hand_count (detected 1, expected 2)"
C:\Users\singh\Desktop\a2 i&v\edited code files\data\raw\BSL_Dataset\2_HAND_DATASET\W\3385.png,W,two_hand,"wrong_hand_count (detected 1, expected 2)"
C:\Users\singh\Desktop\a2 i&v\edited code files\data\raw\BSL_Dataset\2_HAND_DATASET\W\3390.png,W,two_hand,"wrong_hand_count (detected 1, expected 2)"
C:\Users\singh\Desktop\a2 i&v\edited code files\data\raw\BSL_Dataset\2_HAND_DATASET\W\3400.png,W,two_hand,"wrong_hand_count (detected 1, expected 2)"
C:\Users\singh\Desktop\a2 i&v\edited code files\data\raw\BSL_Dataset\2_HAND_DATASET\W\3405.png,W,two_hand,"wrong_hand_count (detected 1, expected 2)"
C:\Users\singh\Desktop\a2 i&v\edited code files\data\raw\BSL_Dataset\2_HAND_DATASET\W\3425.png,W,two_hand,"wrong_hand_count (detected 1, expected 2)"
C:\Users\singh\Desktop\a2 i&v\edited code files\data\raw\BSL_Dataset\2_HAND_DATASET\W\345.png,W,two_hand,no_hands
C:\Users\singh\Desktop\a2 i&v\edited code files\data\raw\BSL_Dataset\2_HAND_DATASET\W\3450.png,W,two_hand,"wrong_hand_count (detected 1, expected 2)"
C:\Users\singh\Desktop\a2 i&v\edited code files\data\raw\BSL_Dataset\2_HAND_DATASET\W\3460.png,W,two_hand,"wrong_hand_count (detected 1, expected 2)"
C:\Users\singh\Desktop\a2 i&v\edited code files\data\raw\BSL_Dataset\2_HAND_DATASET\W\3465.png,W,two_hand,no_hands
C:\Users\singh\Desktop\a2 i&v\edited code files\data\raw\BSL_Dataset\2_HAND_DATASET\W\3475.png,W,two_hand,"wrong_hand_count (detected 1, expected 2)"
C:\Users\singh\Desktop\a2 i&v\edited code files\data\raw\BSL_Dataset\2_HAND_DATASET\W\3490.png,W,two_hand,"wrong_hand_count (detected 1, expected 2)"
C:\Users\singh\Desktop\a2 i&v\edited code files\data\raw\BSL_Dataset\2_HAND_DATASET\W\3495.png,W,two_hand,"wrong_hand_count (detected 1, expected 2)"
C:\Users\singh\Desktop\a2 i&v\edited code files\data\raw\BSL_Dataset\2_HAND_DATASET\W\350.png,W,two_hand,"wrong_hand_count (detected 1, expected 2)"
C:\Users\singh\Desktop\a2 i&v\edited code files\data\raw\BSL_Dataset\2_HAND_DATASET\W\3510.png,W,two_hand,"wrong_hand_count (detected 1, expected 2)"
C:\Users\singh\Desktop\a2 i&v\edited code files\data\raw\BSL_Dataset\2_HAND_DATASET\W\3535.png,W,two_hand,"wrong_hand_count (detected 1, expected 2)"
C:\Users\singh\Desktop\a2 i&v\edited code files\data\raw\BSL_Dataset\2_HAND_DATASET\W\3540.png,W,two_hand,"wrong_hand_count (detected 1, expected 2)"
C:\Users\singh\Desktop\a2 i&v\edited code files\data\raw\BSL_Dataset\2_HAND_DATASET\W\355.png,W,two_hand,"wrong_hand_count (detected 1, expected 2)"
C:\Users\singh\Desktop\a2 i&v\edited code files\data\raw\BSL_Dataset\2_HAND_DATASET\W\3580.png,W,two_hand,"wrong_hand_count (detected 1, expected 2)"
C:\Users\singh\Desktop\a2 i&v\edited code files\data\raw\BSL_Dataset\2_HAND_DATASET\W\3595.png,W,two_hand,"wrong_hand_count (detected 1, expected 2)"
C:\Users\singh\Desktop\a2 i&v\edited code files\data\raw\BSL_Dataset\2_HAND_DATASET\W\360.png,W,two_hand,"wrong_hand_count (detected 1, expected 2)"
C:\Users\singh\Desktop\a2 i&v\edited code files\data\raw\BSL_Dataset\2_HAND_DATASET\W\3600.png,W,two_hand,"wrong_hand_count (detected 1, expected 2)"
C:\Users\singh\Desktop\a2 i&v\edited code files\data\raw\BSL_Dataset\2_HAND_DATASET\W\3615.png,W,two_hand,"wrong_hand_count (detected 1, expected 2)"
C:\Users\singh\Desktop\a2 i&v\edited code files\data\raw\BSL_Dataset\2_HAND_DATASET\W\3620.png,W,two_hand,"wrong_hand_count (detected 1, expected 2)"
C:\Users\singh\Desktop\a2 i&v\edited code files\data\raw\BSL_Dataset\2_HAND_DATASET\W\3640.png,W,two_hand,"wrong_hand_count (detected 1, expected 2)"
C:\Users\singh\Desktop\a2 i&v\edited code files\data\raw\BSL_Dataset\2_HAND_DATASET\W\3655.png,W,two_hand,"wrong_hand_count (detected 1, expected 2)"
C:\Users\singh\Desktop\a2 i&v\edited code files\data\raw\BSL_Dataset\2_HAND_DATASET\W\3670.png,W,two_hand,"wrong_hand_count (detected 1, expected 2)"
C:\Users\singh\Desktop\a2 i&v\edited code files\data\raw\BSL_Dataset\2_HAND_DATASET\W\3675.png,W,two_hand,"wrong_hand_count (detected 1, expected 2)"
C:\Users\singh\Desktop\a2 i&v\edited code files\data\raw\BSL_Dataset\2_HAND_DATASET\W\3680.png,W,two_hand,"wrong_hand_count (detected 1, expected 2)"
C:\Users\singh\Desktop\a2 i&v\edited code files\data\raw\BSL_Dataset\2_HAND_DATASET\W\3685.png,W,two_hand,"wrong_hand_count (detected 1, expected 2)"
C:\Users\singh\Desktop\a2 i&v\edited code files\data\raw\BSL_Dataset\2_HAND_DATASET\W\370.png,W,two_hand,"wrong_hand_count (detected 1, expected 2)"
C:\Users\singh\Desktop\a2 i&v\edited code files\data\raw\BSL_Dataset\2_HAND_DATASET\W\3715.png,W,two_hand,"wrong_hand_count (detected 1, expected 2)"
C:\Users\singh\Desktop\a2 i&v\edited code files\data\raw\BSL_Dataset\2_HAND_DATASET\W\3720.png,W,two_hand,"wrong_hand_count (detected 1, expected 2)"
C:\Users\singh\Desktop\a2 i&v\edited code files\data\raw\BSL_Dataset\2_HAND_DATASET\W\3725.png,W,two_hand,"wrong_hand_count (detected 1, expected 2)"
C:\Users\singh\Desktop\a2 i&v\edited code files\data\raw\BSL_Dataset\2_HAND_DATASET\W\375.png,W,two_hand,"wrong_hand_count (detected 1, expected 2)"
C:\Users\singh\Desktop\a2 i&v\edited code files\data\raw\BSL_Dataset\2_HAND_DATASET\W\3765.png,W,two_hand,"wrong_hand_count (detected 1, expected 2)"
C:\Users\singh\Desktop\a2 i&v\edited code files\data\raw\BSL_Dataset\2_HAND_DATASET\W\3780.png,W,two_hand,"wrong_hand_count (detected 1, expected 2)"
C:\Users\singh\Desktop\a2 i&v\edited code files\data\raw\BSL_Dataset\2_HAND_DATASET\W\3795.png,W,two_hand,"wrong_hand_count (detected 1, expected 2)"
C:\Users\singh\Desktop\a2 i&v\edited code files\data\raw\BSL_Dataset\2_HAND_DATASET\W\380.png,W,two_hand,"wrong_hand_count (detected 1, expected 2)"
C:\Users\singh\Desktop\a2 i&v\edited code files\data\raw\BSL_Dataset\2_HAND_DATASET\W\3810.png,W,two_hand,"wrong_hand_count (detected 1, expected 2)"
C:\Users\singh\Desktop\a2 i&v\edited code files\data\raw\BSL_Dataset\2_HAND_DATASET\W\3815.png,W,two_hand,"wrong_hand_count (detected 1, expected 2)"
C:\Users\singh\Desktop\a2 i&v\edited code files\data\raw\BSL_Dataset\2_HAND_DATASET\W\3825.png,W,two_hand,"wrong_hand_count (detected 1, expected 2)"
C:\Users\singh\Desktop\a2 i&v\edited code files\data\raw\BSL_Dataset\2_HAND_DATASET\W\3830.png,W,two_hand,"wrong_hand_count (detected 1, expected 2)"
C:\Users\singh\Desktop\a2 i&v\edited code files\data\raw\BSL_Dataset\2_HAND_DATASET\W\385.png,W,two_hand,no_hands
C:\Users\singh\Desktop\a2 i&v\edited code files\data\raw\BSL_Dataset\2_HAND_DATASET\W\3860.png,W,two_hand,"wrong_hand_count (detected 1, expected 2)"
C:\Users\singh\Desktop\a2 i&v\edited code files\data\raw\BSL_Dataset\2_HAND_DATASET\W\3865.png,W,two_hand,"wrong_hand_count (detected 1, expected 2)"
C:\Users\singh\Desktop\a2 i&v\edited code files\data\raw\BSL_Dataset\2_HAND_DATASET\W\3885.png,W,two_hand,"wrong_hand_count (detected 1, expected 2)"
C:\Users\singh\Desktop\a2 i&v\edited code files\data\raw\BSL_Dataset\2_HAND_DATASET\W\3890.png,W,two_hand,"wrong_hand_count (detected 1, expected 2)"
C:\Users\singh\Desktop\a2 i&v\edited code files\data\raw\BSL_Dataset\2_HAND_DATASET\W\390.png,W,two_hand,no_hands
C:\Users\singh\Desktop\a2 i&v\edited code files\data\raw\BSL_Dataset\2_HAND_DATASET\W\3900.png,W,two_hand,"wrong_hand_count (detected 1, expected 2)"
C:\Users\singh\Desktop\a2 i&v\edited code files\data\raw\BSL_Dataset\2_HAND_DATASET\W\3915.png,W,two_hand,"wrong_hand_count (detected 1, expected 2)"
C:\Users\singh\Desktop\a2 i&v\edited code files\data\raw\BSL_Dataset\2_HAND_DATASET\W\3920.png,W,two_hand,"wrong_hand_count (detected 1, expected 2)"
C:\Users\singh\Desktop\a2 i&v\edited code files\data\raw\BSL_Dataset\2_HAND_DATASET\W\3930.png,W,two_hand,"wrong_hand_count (detected 1, expected 2)"
C:\Users\singh\Desktop\a2 i&v\edited code files\data\raw\BSL_Dataset\2_HAND_DATASET\W\3935.png,W,two_hand,"wrong_hand_count (detected 1, expected 2)"
C:\Users\singh\Desktop\a2 i&v\edited code files\data\raw\BSL_Dataset\2_HAND_DATASET\W\3940.png,W,two_hand,"wrong_hand_count (detected 1, expected 2)"
C:\Users\singh\Desktop\a2 i&v\edited code files\data\raw\BSL_Dataset\2_HAND_DATASET\W\395.png,W,two_hand,"wrong_hand_count (detected 1, expected 2)"
C:\Users\singh\Desktop\a2 i&v\edited code files\data\raw\BSL_Dataset\2_HAND_DATASET\W\3955.png,W,two_hand,"wrong_hand_count (detected 1, expected 2)"
C:\Users\singh\Desktop\a2 i&v\edited code files\data\raw\BSL_Dataset\2_HAND_DATASET\W\3965.png,W,two_hand,"wrong_hand_count (detected 1, expected 2)"
C:\Users\singh\Desktop\a2 i&v\edited code files\data\raw\BSL_Dataset\2_HAND_DATASET\W\3970.png,W,two_hand,"wrong_hand_count (detected 1, expected 2)"
C:\Users\singh\Desktop\a2 i&v\edited code files\data\raw\BSL_Dataset\2_HAND_DATASET\W\3975.png,W,two_hand,"wrong_hand_count (detected 1, expected 2)"
C:\Users\singh\Desktop\a2 i&v\edited code files\data\raw\BSL_Dataset\2_HAND_DATASET\W\3995.png,W,two_hand,"wrong_hand_count (detected 1, expected 2)"
C:\Users\singh\Desktop\a2 i&v\edited code files\data\raw\BSL_Dataset\2_HAND_DATASET\W\40.png,W,two_hand,"wrong_hand_count (detected 1, expected 2)"
C:\Users\singh\Desktop\a2 i&v\edited code files\data\raw\BSL_Dataset\2_HAND_DATASET\W\4000.png,W,two_hand,"wrong_hand_count (detected 1, expected 2)"
C:\Users\singh\Desktop\a2 i&v\edited code files\data\raw\BSL_Dataset\2_HAND_DATASET\W\4035.png,W,two_hand,"wrong_hand_count (detected 1, expected 2)"
C:\Users\singh\Desktop\a2 i&v\edited code files\data\raw\BSL_Dataset\2_HAND_DATASET\W\4040.png,W,two_hand,"wrong_hand_count (detected 1, expected 2)"
C:\Users\singh\Desktop\a2 i&v\edited code files\data\raw\BSL_Dataset\2_HAND_DATASET\W\4045.png,W,two_hand,"wrong_hand_count (detected 1, expected 2)"
C:\Users\singh\Desktop\a2 i&v\edited code files\data\raw\BSL_Dataset\2_HAND_DATASET\W\405.png,W,two_hand,"wrong_hand_count (detected 1, expected 2)"
C:\Users\singh\Desktop\a2 i&v\edited code files\data\raw\BSL_Dataset\2_HAND_DATASET\W\4065.png,W,two_hand,"wrong_hand_count (detected 1, expected 2)"
C:\Users\singh\Desktop\a2 i&v\edited code files\data\raw\BSL_Dataset\2_HAND_DATASET\W\4070.png,W,two_hand,"wrong_hand_count (detected 1, expected 2)"
C:\Users\singh\Desktop\a2 i&v\edited code files\data\raw\BSL_Dataset\2_HAND_DATASET\W\4075.png,W,two_hand,"wrong_hand_count (detected 1, expected 2)"
C:\Users\singh\Desktop\a2 i&v\edited code files\data\raw\BSL_Dataset\2_HAND_DATASET\W\4080.png,W,two_hand,"wrong_hand_count (detected 1, expected 2)"
C:\Users\singh\Desktop\a2 i&v\edited code files\data\raw\BSL_Dataset\2_HAND_DATASET\W\4085.png,W,two_hand,"wrong_hand_count (detected 1, expected 2)"
C:\Users\singh\Desktop\a2 i&v\edited code files\data\raw\BSL_Dataset\2_HAND_DATASET\W\4090.png,W,two_hand,"wrong_hand_count (detected 1, expected 2)"
C:\Users\singh\Desktop\a2 i&v\edited code files\data\raw\BSL_Dataset\2_HAND_DATASET\W\410.png,W,two_hand,"wrong_hand_count (detected 1, expected 2)"
C:\Users\singh\Desktop\a2 i&v\edited code files\data\raw\BSL_Dataset\2_HAND_DATASET\W\4110.png,W,two_hand,"wrong_hand_count (detected 1, expected 2)"
C:\Users\singh\Desktop\a2 i&v\edited code files\data\raw\BSL_Dataset\2_HAND_DATASET\W\4115.png,W,two_hand,"wrong_hand_count (detected 1, expected 2)"
C:\Users\singh\Desktop\a2 i&v\edited code files\data\raw\BSL_Dataset\2_HAND_DATASET\W\4120.png,W,two_hand,"wrong_hand_count (detected 1, expected 2)"
C:\Users\singh\Desktop\a2 i&v\edited code files\data\raw\BSL_Dataset\2_HAND_DATASET\W\4135.png,W,two_hand,"wrong_hand_count (detected 1, expected 2)"
C:\Users\singh\Desktop\a2 i&v\edited code files\data\raw\BSL_Dataset\2_HAND_DATASET\W\4140.png,W,two_hand,no_hands
C:\Users\singh\Desktop\a2 i&v\edited code files\data\raw\BSL_Dataset\2_HAND_DATASET\W\4145.png,W,two_hand,"wrong_hand_count (detected 1, expected 2)"
C:\Users\singh\Desktop\a2 i&v\edited code files\data\raw\BSL_Dataset\2_HAND_DATASET\W\4150.png,W,two_hand,"wrong_hand_count (detected 1, expected 2)"
C:\Users\singh\Desktop\a2 i&v\edited code files\data\raw\BSL_Dataset\2_HAND_DATASET\W\4155.png,W,two_hand,"wrong_hand_count (detected 1, expected 2)"
C:\Users\singh\Desktop\a2 i&v\edited code files\data\raw\BSL_Dataset\2_HAND_DATASET\W\4160.png,W,two_hand,"wrong_hand_count (detected 1, expected 2)"
C:\Users\singh\Desktop\a2 i&v\edited code files\data\raw\BSL_Dataset\2_HAND_DATASET\W\4165.png,W,two_hand,"wrong_hand_count (detected 1, expected 2)"
C:\Users\singh\Desktop\a2 i&v\edited code files\data\raw\BSL_Dataset\2_HAND_DATASET\W\4170.png,W,two_hand,"wrong_hand_count (detected 1, expected 2)"
C:\Users\singh\Desktop\a2 i&v\edited code files\data\raw\BSL_Dataset\2_HAND_DATASET\W\4175.png,W,two_hand,"wrong_hand_count (detected 1, expected 2)"
C:\Users\singh\Desktop\a2 i&v\edited code files\data\raw\BSL_Dataset\2_HAND_DATASET\W\4185.png,W,two_hand,"wrong_hand_count (detected 1, expected 2)"
C:\Users\singh\Desktop\a2 i&v\edited code files\data\raw\BSL_Dataset\2_HAND_DATASET\W\4190.png,W,two_hand,"wrong_hand_count (detected 1, expected 2)"
C:\Users\singh\Desktop\a2 i&v\edited code files\data\raw\BSL_Dataset\2_HAND_DATASET\W\4195.png,W,two_hand,"wrong_hand_count (detected 1, expected 2)"
C:\Users\singh\Desktop\a2 i&v\edited code files\data\raw\BSL_Dataset\2_HAND_DATASET\W\4200.png,W,two_hand,"wrong_hand_count (detected 1, expected 2)"
C:\Users\singh\Desktop\a2 i&v\edited code files\data\raw\BSL_Dataset\2_HAND_DATASET\W\4210.png,W,two_hand,"wrong_hand_count (detected 1, expected 2)"
C:\Users\singh\Desktop\a2 i&v\edited code files\data\raw\BSL_Dataset\2_HAND_DATASET\W\4215.png,W,two_hand,"wrong_hand_count (detected 1, expected 2)"
C:\Users\singh\Desktop\a2 i&v\edited code files\data\raw\BSL_Dataset\2_HAND_DATASET\W\4220.png,W,two_hand,"wrong_hand_count (detected 1, expected 2)"
C:\Users\singh\Desktop\a2 i&v\edited code files\data\raw\BSL_Dataset\2_HAND_DATASET\W\4225.png,W,two_hand,"wrong_hand_count (detected 1, expected 2)"
C:\Users\singh\Desktop\a2 i&v\edited code files\data\raw\BSL_Dataset\2_HAND_DATASET\W\4230.png,W,two_hand,"wrong_hand_count (detected 1, expected 2)"
C:\Users\singh\Desktop\a2 i&v\edited code files\data\raw\BSL_Dataset\2_HAND_DATASET\W\4235.png,W,two_hand,"wrong_hand_count (detected 1, expected 2)"
C:\Users\singh\Desktop\a2 i&v\edited code files\data\raw\BSL_Dataset\2_HAND_DATASET\W\4240.png,W,two_hand,"wrong_hand_count (detected 1, expected 2)"
C:\Users\singh\Desktop\a2 i&v\edited code files\data\raw\BSL_Dataset\2_HAND_DATASET\W\4245.png,W,two_hand,"wrong_hand_count (detected 1, expected 2)"
C:\Users\singh\Desktop\a2 i&v\edited code files\data\raw\BSL_Dataset\2_HAND_DATASET\W\425.png,W,two_hand,"wrong_hand_count (detected 1, expected 2)"
C:\Users\singh\Desktop\a2 i&v\edited code files\data\raw\BSL_Dataset\2_HAND_DATASET\W\4250.png,W,two_hand,"wrong_hand_count (detected 1, expected 2)"
C:\Users\singh\Desktop\a2 i&v\edited code files\data\raw\BSL_Dataset\2_HAND_DATASET\W\4255.png,W,two_hand,"wrong_hand_count (detected 1, expected 2)"
C:\Users\singh\Desktop\a2 i&v\edited code files\data\raw\BSL_Dataset\2_HAND_DATASET\W\4265.png,W,two_hand,"wrong_hand_count (detected 1, expected 2)"
C:\Users\singh\Desktop\a2 i&v\edited code files\data\raw\BSL_Dataset\2_HAND_DATASET\W\4275.png,W,two_hand,"wrong_hand_count (detected 1, expected 2)"
C:\Users\singh\Desktop\a2 i&v\edited code files\data\raw\BSL_Dataset\2_HAND_DATASET\W\4290.png,W,two_hand,"wrong_hand_count (detected 1, expected 2)"
C:\Users\singh\Desktop\a2 i&v\edited code files\data\raw\BSL_Dataset\2_HAND_DATASET\W\4295.png,W,two_hand,"wrong_hand_count (detected 1, expected 2)"
C:\Users\singh\Desktop\a2 i&v\edited code files\data\raw\BSL_Dataset\2_HAND_DATASET\W\430.png,W,two_hand,"wrong_hand_count (detected 1, expected 2)"
C:\Users\singh\Desktop\a2 i&v\edited code files\data\raw\BSL_Dataset\2_HAND_DATASET\W\4300.png,W,two_hand,"wrong_hand_count (detected 1, expected 2)"
C:\Users\singh\Desktop\a2 i&v\edited code files\data\raw\BSL_Dataset\2_HAND_DATASET\W\4305.png,W,two_hand,"wrong_hand_count (detected 1, expected 2)"
C:\Users\singh\Desktop\a2 i&v\edited code files\data\raw\BSL_Dataset\2_HAND_DATASET\W\4310.png,W,two_hand,"wrong_hand_count (detected 1, expected 2)"
C:\Users\singh\Desktop\a2 i&v\edited code files\data\raw\BSL_Dataset\2_HAND_DATASET\W\4315.png,W,two_hand,"wrong_hand_count (detected 1, expected 2)"
C:\Users\singh\Desktop\a2 i&v\edited code files\data\raw\BSL_Dataset\2_HAND_DATASET\W\4320.png,W,two_hand,no_hands
C:\Users\singh\Desktop\a2 i&v\edited code files\data\raw\BSL_Dataset\2_HAND_DATASET\W\4325.png,W,two_hand,"wrong_hand_count (detected 1, expected 2)"
C:\Users\singh\Desktop\a2 i&v\edited code files\data\raw\BSL_Dataset\2_HAND_DATASET\W\4335.png,W,two_hand,"wrong_hand_count (detected 1, expected 2)"
C:\Users\singh\Desktop\a2 i&v\edited code files\data\raw\BSL_Dataset\2_HAND_DATASET\W\4340.png,W,two_hand,"wrong_hand_count (detected 1, expected 2)"
C:\Users\singh\Desktop\a2 i&v\edited code files\data\raw\BSL_Dataset\2_HAND_DATASET\W\4345.png,W,two_hand,"wrong_hand_count (detected 1, expected 2)"
C:\Users\singh\Desktop\a2 i&v\edited code files\data\raw\BSL_Dataset\2_HAND_DATASET\W\435.png,W,two_hand,"wrong_hand_count (detected 1, expected 2)"
C:\Users\singh\Desktop\a2 i&v\edited code files\data\raw\BSL_Dataset\2_HAND_DATASET\W\4350.png,W,two_hand,"wrong_hand_count (detected 1, expected 2)"
C:\Users\singh\Desktop\a2 i&v\edited code files\data\raw\BSL_Dataset\2_HAND_DATASET\W\4360.png,W,two_hand,"wrong_hand_count (detected 1, expected 2)"
C:\Users\singh\Desktop\a2 i&v\edited code files\data\raw\BSL_Dataset\2_HAND_DATASET\W\4365.png,W,two_hand,"wrong_hand_count (detected 1, expected 2)"
C:\Users\singh\Desktop\a2 i&v\edited code files\data\raw\BSL_Dataset\2_HAND_DATASET\W\4370.png,W,two_hand,"wrong_hand_count (detected 1, expected 2)"
C:\Users\singh\Desktop\a2 i&v\edited code files\data\raw\BSL_Dataset\2_HAND_DATASET\W\4375.png,W,two_hand,"wrong_hand_count (detected 1, expected 2)"
C:\Users\singh\Desktop\a2 i&v\edited code files\data\raw\BSL_Dataset\2_HAND_DATASET\W\4380.png,W,two_hand,"wrong_hand_count (detected 1, expected 2)"
C:\Users\singh\Desktop\a2 i&v\edited code files\data\raw\BSL_Dataset\2_HAND_DATASET\W\4385.png,W,two_hand,"wrong_hand_count (detected 1, expected 2)"
C:\Users\singh\Desktop\a2 i&v\edited code files\data\raw\BSL_Dataset\2_HAND_DATASET\W\4390.png,W,two_hand,"wrong_hand_count (detected 1, expected 2)"
C:\Users\singh\Desktop\a2 i&v\edited code files\data\raw\BSL_Dataset\2_HAND_DATASET\W\440.png,W,two_hand,"wrong_hand_count (detected 1, expected 2)"
C:\Users\singh\Desktop\a2 i&v\edited code files\data\raw\BSL_Dataset\2_HAND_DATASET\W\4405.png,W,two_hand,"wrong_hand_count (detected 1, expected 2)"
C:\Users\singh\Desktop\a2 i&v\edited code files\data\raw\BSL_Dataset\2_HAND_DATASET\W\4430.png,W,two_hand,"wrong_hand_count (detected 1, expected 2)"
C:\Users\singh\Desktop\a2 i&v\edited code files\data\raw\BSL_Dataset\2_HAND_DATASET\W\4435.png,W,two_hand,"wrong_hand_count (detected 1, expected 2)"
C:\Users\singh\Desktop\a2 i&v\edited code files\data\raw\BSL_Dataset\2_HAND_DATASET\W\4440.png,W,two_hand,"wrong_hand_count (detected 1, expected 2)"
C:\Users\singh\Desktop\a2 i&v\edited code files\data\raw\BSL_Dataset\2_HAND_DATASET\W\4445.png,W,two_hand,"wrong_hand_count (detected 1, expected 2)"
C:\Users\singh\Desktop\a2 i&v\edited code files\data\raw\BSL_Dataset\2_HAND_DATASET\W\445.png,W,two_hand,"wrong_hand_count (detected 1, expected 2)"
C:\Users\singh\Desktop\a2 i&v\edited code files\data\raw\BSL_Dataset\2_HAND_DATASET\W\4450.png,W,two_hand,"wrong_hand_count (detected 1, expected 2)"
C:\Users\singh\Desktop\a2 i&v\edited code files\data\raw\BSL_Dataset\2_HAND_DATASET\W\4455.png,W,two_hand,"wrong_hand_count (detected 1, expected 2)"
C:\Users\singh\Desktop\a2 i&v\edited code files\data\raw\BSL_Dataset\2_HAND_DATASET\W\4475.png,W,two_hand,"wrong_hand_count (detected 1, expected 2)"
C:\Users\singh\Desktop\a2 i&v\edited code files\data\raw\BSL_Dataset\2_HAND_DATASET\W\4480.png,W,two_hand,"wrong_hand_count (detected 1, expected 2)"
C:\Users\singh\Desktop\a2 i&v\edited code files\data\raw\BSL_Dataset\2_HAND_DATASET\W\4485.png,W,two_hand,"wrong_hand_count (detected 1, expected 2)"
C:\Users\singh\Desktop\a2 i&v\edited code files\data\raw\BSL_Dataset\2_HAND_DATASET\W\4490.png,W,two_hand,"wrong_hand_count (detected 1, expected 2)"
C:\Users\singh\Desktop\a2 i&v\edited code files\data\raw\BSL_Dataset\2_HAND_DATASET\W\45.png,W,two_hand,"wrong_hand_count (detected 1, expected 2)"
C:\Users\singh\Desktop\a2 i&v\edited code files\data\raw\BSL_Dataset\2_HAND_DATASET\W\450.png,W,two_hand,"wrong_hand_count (detected 1, expected 2)"
C:\Users\singh\Desktop\a2 i&v\edited code files\data\raw\BSL_Dataset\2_HAND_DATASET\W\4500.png,W,two_hand,"wrong_hand_count (detected 1, expected 2)"
C:\Users\singh\Desktop\a2 i&v\edited code files\data\raw\BSL_Dataset\2_HAND_DATASET\W\4505.png,W,two_hand,"wrong_hand_count (detected 1, expected 2)"
C:\Users\singh\Desktop\a2 i&v\edited code files\data\raw\BSL_Dataset\2_HAND_DATASET\W\4510.png,W,two_hand,"wrong_hand_count (detected 1, expected 2)"
C:\Users\singh\Desktop\a2 i&v\edited code files\data\raw\BSL_Dataset\2_HAND_DATASET\W\4515.png,W,two_hand,"wrong_hand_count (detected 1, expected 2)"
C:\Users\singh\Desktop\a2 i&v\edited code files\data\raw\BSL_Dataset\2_HAND_DATASET\W\4520.png,W,two_hand,"wrong_hand_count (detected 1, expected 2)"
C:\Users\singh\Desktop\a2 i&v\edited code files\data\raw\BSL_Dataset\2_HAND_DATASET\W\4525.png,W,two_hand,"wrong_hand_count (detected 1, expected 2)"
C:\Users\singh\Desktop\a2 i&v\edited code files\data\raw\BSL_Dataset\2_HAND_DATASET\W\4530.png,W,two_hand,"wrong_hand_count (detected 1, expected 2)"
C:\Users\singh\Desktop\a2 i&v\edited code files\data\raw\BSL_Dataset\2_HAND_DATASET\W\4545.png,W,two_hand,"wrong_hand_count (detected 1, expected 2)"
C:\Users\singh\Desktop\a2 i&v\edited code files\data\raw\BSL_Dataset\2_HAND_DATASET\W\4550.png,W,two_hand,"wrong_hand_count (detected 1, expected 2)"
C:\Users\singh\Desktop\a2 i&v\edited code files\data\raw\BSL_Dataset\2_HAND_DATASET\W\4570.png,W,two_hand,"wrong_hand_count (detected 1, expected 2)"
C:\Users\singh\Desktop\a2 i&v\edited code files\data\raw\BSL_Dataset\2_HAND_DATASET\W\4575.png,W,two_hand,"wrong_hand_count (detected 1, expected 2)"
C:\Users\singh\Desktop\a2 i&v\edited code files\data\raw\BSL_Dataset\2_HAND_DATASET\W\4580.png,W,two_hand,"wrong_hand_count (detected 1, expected 2)"
C:\Users\singh\Desktop\a2 i&v\edited code files\data\raw\BSL_Dataset\2_HAND_DATASET\W\4585.png,W,two_hand,"wrong_hand_count (detected 1, expected 2)"
C:\Users\singh\Desktop\a2 i&v\edited code files\data\raw\BSL_Dataset\2_HAND_DATASET\W\4590.png,W,two_hand,"wrong_hand_count (detected 1, expected 2)"
C:\Users\singh\Desktop\a2 i&v\edited code files\data\raw\BSL_Dataset\2_HAND_DATASET\W\4595.png,W,two_hand,"wrong_hand_count (detected 1, expected 2)"
C:\Users\singh\Desktop\a2 i&v\edited code files\data\raw\BSL_Dataset\2_HAND_DATASET\W\460.png,W,two_hand,"wrong_hand_count (detected 1, expected 2)"
C:\Users\singh\Desktop\a2 i&v\edited code files\data\raw\BSL_Dataset\2_HAND_DATASET\W\4610.png,W,two_hand,"wrong_hand_count (detected 1, expected 2)"
C:\Users\singh\Desktop\a2 i&v\edited code files\data\raw\BSL_Dataset\2_HAND_DATASET\W\4615.png,W,two_hand,"wrong_hand_count (detected 1, expected 2)"
C:\Users\singh\Desktop\a2 i&v\edited code files\data\raw\BSL_Dataset\2_HAND_DATASET\W\4640.png,W,two_hand,"wrong_hand_count (detected 1, expected 2)"
C:\Users\singh\Desktop\a2 i&v\edited code files\data\raw\BSL_Dataset\2_HAND_DATASET\W\4645.png,W,two_hand,"wrong_hand_count (detected 1, expected 2)"
C:\Users\singh\Desktop\a2 i&v\edited code files\data\raw\BSL_Dataset\2_HAND_DATASET\W\465.png,W,two_hand,no_hands
C:\Users\singh\Desktop\a2 i&v\edited code files\data\raw\BSL_Dataset\2_HAND_DATASET\W\4650.png,W,two_hand,"wrong_hand_count (detected 1, expected 2)"
C:\Users\singh\Desktop\a2 i&v\edited code files\data\raw\BSL_Dataset\2_HAND_DATASET\W\4655.png,W,two_hand,"wrong_hand_count (detected 1, expected 2)"
C:\Users\singh\Desktop\a2 i&v\edited code files\data\raw\BSL_Dataset\2_HAND_DATASET\W\4660.png,W,two_hand,"wrong_hand_count (detected 1, expected 2)"
C:\Users\singh\Desktop\a2 i&v\edited code files\data\raw\BSL_Dataset\2_HAND_DATASET\W\4665.png,W,two_hand,"wrong_hand_count (detected 1, expected 2)"
C:\Users\singh\Desktop\a2 i&v\edited code files\data\raw\BSL_Dataset\2_HAND_DATASET\W\4680.png,W,two_hand,"wrong_hand_count (detected 1, expected 2)"
C:\Users\singh\Desktop\a2 i&v\edited code files\data\raw\BSL_Dataset\2_HAND_DATASET\W\4685.png,W,two_hand,"wrong_hand_count (detected 1, expected 2)"
C:\Users\singh\Desktop\a2 i&v\edited code files\data\raw\BSL_Dataset\2_HAND_DATASET\W\4705.png,W,two_hand,"wrong_hand_count (detected 1, expected 2)"
C:\Users\singh\Desktop\a2 i&v\edited code files\data\raw\BSL_Dataset\2_HAND_DATASET\W\4710.png,W,two_hand,"wrong_hand_count (detected 1, expected 2)"
C:\Users\singh\Desktop\a2 i&v\edited code files\data\raw\BSL_Dataset\2_HAND_DATASET\W\4715.png,W,two_hand,"wrong_hand_count (detected 1, expected 2)"
C:\Users\singh\Desktop\a2 i&v\edited code files\data\raw\BSL_Dataset\2_HAND_DATASET\W\4720.png,W,two_hand,"wrong_hand_count (detected 1, expected 2)"
C:\Users\singh\Desktop\a2 i&v\edited code files\data\raw\BSL_Dataset\2_HAND_DATASET\W\4725.png,W,two_hand,"wrong_hand_count (detected 1, expected 2)"
C:\Users\singh\Desktop\a2 i&v\edited code files\data\raw\BSL_Dataset\2_HAND_DATASET\W\4745.png,W,two_hand,"wrong_hand_count (detected 1, expected 2)"
C:\Users\singh\Desktop\a2 i&v\edited code files\data\raw\BSL_Dataset\2_HAND_DATASET\W\475.png,W,two_hand,"wrong_hand_count (detected 1, expected 2)"
C:\Users\singh\Desktop\a2 i&v\edited code files\data\raw\BSL_Dataset\2_HAND_DATASET\W\4750.png,W,two_hand,"wrong_hand_count (detected 1, expected 2)"
C:\Users\singh\Desktop\a2 i&v\edited code files\data\raw\BSL_Dataset\2_HAND_DATASET\W\4765.png,W,two_hand,"wrong_hand_count (detected 1, expected 2)"
C:\Users\singh\Desktop\a2 i&v\edited code files\data\raw\BSL_Dataset\2_HAND_DATASET\W\4770.png,W,two_hand,"wrong_hand_count (detected 1, expected 2)"
C:\Users\singh\Desktop\a2 i&v\edited code files\data\raw\BSL_Dataset\2_HAND_DATASET\W\4775.png,W,two_hand,"wrong_hand_count (detected 1, expected 2)"
C:\Users\singh\Desktop\a2 i&v\edited code files\data\raw\BSL_Dataset\2_HAND_DATASET\W\4780.png,W,two_hand,"wrong_hand_count (detected 1, expected 2)"
C:\Users\singh\Desktop\a2 i&v\edited code files\data\raw\BSL_Dataset\2_HAND_DATASET\W\4785.png,W,two_hand,"wrong_hand_count (detected 1, expected 2)"
C:\Users\singh\Desktop\a2 i&v\edited code files\data\raw\BSL_Dataset\2_HAND_DATASET\W\4790.png,W,two_hand,"wrong_hand_count (detected 1, expected 2)"
C:\Users\singh\Desktop\a2 i&v\edited code files\data\raw\BSL_Dataset\2_HAND_DATASET\W\480.png,W,two_hand,"wrong_hand_count (detected 1, expected 2)"
C:\Users\singh\Desktop\a2 i&v\edited code files\data\raw\BSL_Dataset\2_HAND_DATASET\W\4800.png,W,two_hand,"wrong_hand_count (detected 1, expected 2)"
C:\Users\singh\Desktop\a2 i&v\edited code files\data\raw\BSL_Dataset\2_HAND_DATASET\W\4810.png,W,two_hand,"wrong_hand_count (detected 1, expected 2)"
C:\Users\singh\Desktop\a2 i&v\edited code files\data\raw\BSL_Dataset\2_HAND_DATASET\W\4815.png,W,two_hand,"wrong_hand_count (detected 1, expected 2)"
C:\Users\singh\Desktop\a2 i&v\edited code files\data\raw\BSL_Dataset\2_HAND_DATASET\W\4835.png,W,two_hand,"wrong_hand_count (detected 1, expected 2)"
C:\Users\singh\Desktop\a2 i&v\edited code files\data\raw\BSL_Dataset\2_HAND_DATASET\W\4840.png,W,two_hand,"wrong_hand_count (detected 1, expected 2)"
C:\Users\singh\Desktop\a2 i&v\edited code files\data\raw\BSL_Dataset\2_HAND_DATASET\W\4845.png,W,two_hand,"wrong_hand_count (detected 1, expected 2)"
C:\Users\singh\Desktop\a2 i&v\edited code files\data\raw\BSL_Dataset\2_HAND_DATASET\W\485.png,W,two_hand,"wrong_hand_count (detected 1, expected 2)"
C:\Users\singh\Desktop\a2 i&v\edited code files\data\raw\BSL_Dataset\2_HAND_DATASET\W\4850.png,W,two_hand,"wrong_hand_count (detected 1, expected 2)"
C:\Users\singh\Desktop\a2 i&v\edited code files\data\raw\BSL_Dataset\2_HAND_DATASET\W\4855.png,W,two_hand,"wrong_hand_count (detected 1, expected 2)"
C:\Users\singh\Desktop\a2 i&v\edited code files\data\raw\BSL_Dataset\2_HAND_DATASET\W\4860.png,W,two_hand,"wrong_hand_count (detected 1, expected 2)"
C:\Users\singh\Desktop\a2 i&v\edited code files\data\raw\BSL_Dataset\2_HAND_DATASET\W\4865.png,W,two_hand,"wrong_hand_count (detected 1, expected 2)"
C:\Users\singh\Desktop\a2 i&v\edited code files\data\raw\BSL_Dataset\2_HAND_DATASET\W\4875.png,W,two_hand,"wrong_hand_count (detected 1, expected 2)"
C:\Users\singh\Desktop\a2 i&v\edited code files\data\raw\BSL_Dataset\2_HAND_DATASET\W\4880.png,W,two_hand,"wrong_hand_count (detected 1, expected 2)"
C:\Users\singh\Desktop\a2 i&v\edited code files\data\raw\BSL_Dataset\2_HAND_DATASET\W\4885.png,W,two_hand,"wrong_hand_count (detected 1, expected 2)"
C:\Users\singh\Desktop\a2 i&v\edited code files\data\raw\BSL_Dataset\2_HAND_DATASET\W\4890.png,W,two_hand,"wrong_hand_count (detected 1, expected 2)"
C:\Users\singh\Desktop\a2 i&v\edited code files\data\raw\BSL_Dataset\2_HAND_DATASET\W\4895.png,W,two_hand,"wrong_hand_count (detected 1, expected 2)"
C:\Users\singh\Desktop\a2 i&v\edited code files\data\raw\BSL_Dataset\2_HAND_DATASET\W\490.png,W,two_hand,no_hands
C:\Users\singh\Desktop\a2 i&v\edited code files\data\raw\BSL_Dataset\2_HAND_DATASET\W\4900.png,W,two_hand,"wrong_hand_count (detected 1, expected 2)"
C:\Users\singh\Desktop\a2 i&v\edited code files\data\raw\BSL_Dataset\2_HAND_DATASET\W\4905.png,W,two_hand,"wrong_hand_count (detected 1, expected 2)"
C:\Users\singh\Desktop\a2 i&v\edited code files\data\raw\BSL_Dataset\2_HAND_DATASET\W\4910.png,W,two_hand,"wrong_hand_count (detected 1, expected 2)"
C:\Users\singh\Desktop\a2 i&v\edited code files\data\raw\BSL_Dataset\2_HAND_DATASET\W\4915.png,W,two_hand,"wrong_hand_count (detected 1, expected 2)"
C:\Users\singh\Desktop\a2 i&v\edited code files\data\raw\BSL_Dataset\2_HAND_DATASET\W\4920.png,W,two_hand,"wrong_hand_count (detected 1, expected 2)"
C:\Users\singh\Desktop\a2 i&v\edited code files\data\raw\BSL_Dataset\2_HAND_DATASET\W\4925.png,W,two_hand,"wrong_hand_count (detected 1, expected 2)"
C:\Users\singh\Desktop\a2 i&v\edited code files\data\raw\BSL_Dataset\2_HAND_DATASET\W\4930.png,W,two_hand,no_hands
C:\Users\singh\Desktop\a2 i&v\edited code files\data\raw\BSL_Dataset\2_HAND_DATASET\W\4940.png,W,two_hand,"wrong_hand_count (detected 1, expected 2)"
C:\Users\singh\Desktop\a2 i&v\edited code files\data\raw\BSL_Dataset\2_HAND_DATASET\W\4945.png,W,two_hand,"wrong_hand_count (detected 1, expected 2)"
C:\Users\singh\Desktop\a2 i&v\edited code files\data\raw\BSL_Dataset\2_HAND_DATASET\W\495.png,W,two_hand,"wrong_hand_count (detected 1, expected 2)"
C:\Users\singh\Desktop\a2 i&v\edited code files\data\raw\BSL_Dataset\2_HAND_DATASET\W\4950.png,W,two_hand,no_hands
C:\Users\singh\Desktop\a2 i&v\edited code files\data\raw\BSL_Dataset\2_HAND_DATASET\W\4955.png,W,two_hand,"wrong_hand_count (detected 1, expected 2)"
C:\Users\singh\Desktop\a2 i&v\edited code files\data\raw\BSL_Dataset\2_HAND_DATASET\W\4960.png,W,two_hand,"wrong_hand_count (detected 1, expected 2)"
C:\Users\singh\Desktop\a2 i&v\edited code files\data\raw\BSL_Dataset\2_HAND_DATASET\W\4965.png,W,two_hand,"wrong_hand_count (detected 1, expected 2)"
C:\Users\singh\Desktop\a2 i&v\edited code files\data\raw\BSL_Dataset\2_HAND_DATASET\W\4970.png,W,two_hand,"wrong_hand_count (detected 1, expected 2)"
C:\Users\singh\Desktop\a2 i&v\edited code files\data\raw\BSL_Dataset\2_HAND_DATASET\W\4975.png,W,two_hand,"wrong_hand_count (detected 1, expected 2)"
C:\Users\singh\Desktop\a2 i&v\edited code files\data\raw\BSL_Dataset\2_HAND_DATASET\W\4980.png,W,two_hand,"wrong_hand_count (detected 1, expected 2)"
C:\Users\singh\Desktop\a2 i&v\edited code files\data\raw\BSL_Dataset\2_HAND_DATASET\W\4985.png,W,two_hand,"wrong_hand_count (detected 1, expected 2)"
C:\Users\singh\Desktop\a2 i&v\edited code files\data\raw\BSL_Dataset\2_HAND_DATASET\W\4990.png,W,two_hand,"wrong_hand_count (detected 1, expected 2)"
C:\Users\singh\Desktop\a2 i&v\edited code files\data\raw\BSL_Dataset\2_HAND_DATASET\W\4995.png,W,two_hand,"wrong_hand_count (detected 1, expected 2)"
C:\Users\singh\Desktop\a2 i&v\edited code files\data\raw\BSL_Dataset\2_HAND_DATASET\W\5.png,W,two_hand,"wrong_hand_count (detected 1, expected 2)"
C:\Users\singh\Desktop\a2 i&v\edited code files\data\raw\BSL_Dataset\2_HAND_DATASET\W\50.png,W,two_hand,"wrong_hand_count (detected 1, expected 2)"
C:\Users\singh\Desktop\a2 i&v\edited code files\data\raw\BSL_Dataset\2_HAND_DATASET\W\500.png,W,two_hand,no_hands
C:\Users\singh\Desktop\a2 i&v\edited code files\data\raw\BSL_Dataset\2_HAND_DATASET\W\5000.png,W,two_hand,"wrong_hand_count (detected 1, expected 2)"
C:\Users\singh\Desktop\a2 i&v\edited code files\data\raw\BSL_Dataset\2_HAND_DATASET\W\525.png,W,two_hand,"wrong_hand_count (detected 1, expected 2)"
C:\Users\singh\Desktop\a2 i&v\edited code files\data\raw\BSL_Dataset\2_HAND_DATASET\W\535.png,W,two_hand,"wrong_hand_count (detected 1, expected 2)"
C:\Users\singh\Desktop\a2 i&v\edited code files\data\raw\BSL_Dataset\2_HAND_DATASET\W\540.png,W,two_hand,"wrong_hand_count (detected 1, expected 2)"
C:\Users\singh\Desktop\a2 i&v\edited code files\data\raw\BSL_Dataset\2_HAND_DATASET\W\545.png,W,two_hand,"wrong_hand_count (detected 1, expected 2)"
C:\Users\singh\Desktop\a2 i&v\edited code files\data\raw\BSL_Dataset\2_HAND_DATASET\W\55.png,W,two_hand,"wrong_hand_count (detected 1, expected 2)"
C:\Users\singh\Desktop\a2 i&v\edited code files\data\raw\BSL_Dataset\2_HAND_DATASET\W\550.png,W,two_hand,"wrong_hand_count (detected 1, expected 2)"
C:\Users\singh\Desktop\a2 i&v\edited code files\data\raw\BSL_Dataset\2_HAND_DATASET\W\555.png,W,two_hand,"wrong_hand_count (detected 1, expected 2)"
C:\Users\singh\Desktop\a2 i&v\edited code files\data\raw\BSL_Dataset\2_HAND_DATASET\W\560.png,W,two_hand,no_hands
C:\Users\singh\Desktop\a2 i&v\edited code files\data\raw\BSL_Dataset\2_HAND_DATASET\W\565.png,W,two_hand,"wrong_hand_count (detected 1, expected 2)"
C:\Users\singh\Desktop\a2 i&v\edited code files\data\raw\BSL_Dataset\2_HAND_DATASET\W\575.png,W,two_hand,"wrong_hand_count (detected 1, expected 2)"
C:\Users\singh\Desktop\a2 i&v\edited code files\data\raw\BSL_Dataset\2_HAND_DATASET\W\580.png,W,two_hand,"wrong_hand_count (detected 1, expected 2)"
C:\Users\singh\Desktop\a2 i&v\edited code files\data\raw\BSL_Dataset\2_HAND_DATASET\W\585.png,W,two_hand,"wrong_hand_count (detected 1, expected 2)"
C:\Users\singh\Desktop\a2 i&v\edited code files\data\raw\BSL_Dataset\2_HAND_DATASET\W\590.png,W,two_hand,no_hands
C:\Users\singh\Desktop\a2 i&v\edited code files\data\raw\BSL_Dataset\2_HAND_DATASET\W\595.png,W,two_hand,no_hands
C:\Users\singh\Desktop\a2 i&v\edited code files\data\raw\BSL_Dataset\2_HAND_DATASET\W\60.png,W,two_hand,"wrong_hand_count (detected 1, expected 2)"
C:\Users\singh\Desktop\a2 i&v\edited code files\data\raw\BSL_Dataset\2_HAND_DATASET\W\600.png,W,two_hand,"wrong_hand_count (detected 1, expected 2)"
C:\Users\singh\Desktop\a2 i&v\edited code files\data\raw\BSL_Dataset\2_HAND_DATASET\W\605.png,W,two_hand,"wrong_hand_count (detected 1, expected 2)"
C:\Users\singh\Desktop\a2 i&v\edited code files\data\raw\BSL_Dataset\2_HAND_DATASET\W\610.png,W,two_hand,"wrong_hand_count (detected 1, expected 2)"
C:\Users\singh\Desktop\a2 i&v\edited code files\data\raw\BSL_Dataset\2_HAND_DATASET\W\615.png,W,two_hand,"wrong_hand_count (detected 1, expected 2)"
C:\Users\singh\Desktop\a2 i&v\edited code files\data\raw\BSL_Dataset\2_HAND_DATASET\W\620.png,W,two_hand,no_hands
C:\Users\singh\Desktop\a2 i&v\edited code files\data\raw\BSL_Dataset\2_HAND_DATASET\W\630.png,W,two_hand,"wrong_hand_count (detected 1, expected 2)"
C:\Users\singh\Desktop\a2 i&v\edited code files\data\raw\BSL_Dataset\2_HAND_DATASET\W\635.png,W,two_hand,"wrong_hand_count (detected 1, expected 2)"
C:\Users\singh\Desktop\a2 i&v\edited code files\data\raw\BSL_Dataset\2_HAND_DATASET\W\640.png,W,two_hand,"wrong_hand_count (detected 1, expected 2)"
C:\Users\singh\Desktop\a2 i&v\edited code files\data\raw\BSL_Dataset\2_HAND_DATASET\W\645.png,W,two_hand,"wrong_hand_count (detected 1, expected 2)"
C:\Users\singh\Desktop\a2 i&v\edited code files\data\raw\BSL_Dataset\2_HAND_DATASET\W\65.png,W,two_hand,"wrong_hand_count (detected 1, expected 2)"
C:\Users\singh\Desktop\a2 i&v\edited code files\data\raw\BSL_Dataset\2_HAND_DATASET\W\650.png,W,two_hand,"wrong_hand_count (detected 1, expected 2)"
C:\Users\singh\Desktop\a2 i&v\edited code files\data\raw\BSL_Dataset\2_HAND_DATASET\W\655.png,W,two_hand,no_hands
C:\Users\singh\Desktop\a2 i&v\edited code files\data\raw\BSL_Dataset\2_HAND_DATASET\W\660.png,W,two_hand,"wrong_hand_count (detected 1, expected 2)"
C:\Users\singh\Desktop\a2 i&v\edited code files\data\raw\BSL_Dataset\2_HAND_DATASET\W\665.png,W,two_hand,"wrong_hand_count (detected 1, expected 2)"
C:\Users\singh\Desktop\a2 i&v\edited code files\data\raw\BSL_Dataset\2_HAND_DATASET\W\670.png,W,two_hand,no_hands
C:\Users\singh\Desktop\a2 i&v\edited code files\data\raw\BSL_Dataset\2_HAND_DATASET\W\680.png,W,two_hand,no_hands
C:\Users\singh\Desktop\a2 i&v\edited code files\data\raw\BSL_Dataset\2_HAND_DATASET\W\685.png,W,two_hand,"wrong_hand_count (detected 1, expected 2)"
C:\Users\singh\Desktop\a2 i&v\edited code files\data\raw\BSL_Dataset\2_HAND_DATASET\W\690.png,W,two_hand,"wrong_hand_count (detected 1, expected 2)"
C:\Users\singh\Desktop\a2 i&v\edited code files\data\raw\BSL_Dataset\2_HAND_DATASET\W\695.png,W,two_hand,"wrong_hand_count (detected 1, expected 2)"
C:\Users\singh\Desktop\a2 i&v\edited code files\data\raw\BSL_Dataset\2_HAND_DATASET\W\700.png,W,two_hand,"wrong_hand_count (detected 1, expected 2)"
C:\Users\singh\Desktop\a2 i&v\edited code files\data\raw\BSL_Dataset\2_HAND_DATASET\W\705.png,W,two_hand,no_hands
C:\Users\singh\Desktop\a2 i&v\edited code files\data\raw\BSL_Dataset\2_HAND_DATASET\W\710.png,W,two_hand,"wrong_hand_count (detected 1, expected 2)"
C:\Users\singh\Desktop\a2 i&v\edited code files\data\raw\BSL_Dataset\2_HAND_DATASET\W\715.png,W,two_hand,"wrong_hand_count (detected 1, expected 2)"
C:\Users\singh\Desktop\a2 i&v\edited code files\data\raw\BSL_Dataset\2_HAND_DATASET\W\720.png,W,two_hand,"wrong_hand_count (detected 1, expected 2)"
C:\Users\singh\Desktop\a2 i&v\edited code files\data\raw\BSL_Dataset\2_HAND_DATASET\W\735.png,W,two_hand,no_hands
C:\Users\singh\Desktop\a2 i&v\edited code files\data\raw\BSL_Dataset\2_HAND_DATASET\W\75.png,W,two_hand,"wrong_hand_count (detected 1, expected 2)"
C:\Users\singh\Desktop\a2 i&v\edited code files\data\raw\BSL_Dataset\2_HAND_DATASET\W\755.png,W,two_hand,"wrong_hand_count (detected 1, expected 2)"
C:\Users\singh\Desktop\a2 i&v\edited code files\data\raw\BSL_Dataset\2_HAND_DATASET\W\760.png,W,two_hand,"wrong_hand_count (detected 1, expected 2)"
C:\Users\singh\Desktop\a2 i&v\edited code files\data\raw\BSL_Dataset\2_HAND_DATASET\W\765.png,W,two_hand,"wrong_hand_count (detected 1, expected 2)"
C:\Users\singh\Desktop\a2 i&v\edited code files\data\raw\BSL_Dataset\2_HAND_DATASET\W\770.png,W,two_hand,"wrong_hand_count (detected 1, expected 2)"
C:\Users\singh\Desktop\a2 i&v\edited code files\data\raw\BSL_Dataset\2_HAND_DATASET\W\775.png,W,two_hand,"wrong_hand_count (detected 1, expected 2)"
C:\Users\singh\Desktop\a2 i&v\edited code files\data\raw\BSL_Dataset\2_HAND_DATASET\W\780.png,W,two_hand,"wrong_hand_count (detected 1, expected 2)"
C:\Users\singh\Desktop\a2 i&v\edited code files\data\raw\BSL_Dataset\2_HAND_DATASET\W\790.png,W,two_hand,"wrong_hand_count (detected 1, expected 2)"
C:\Users\singh\Desktop\a2 i&v\edited code files\data\raw\BSL_Dataset\2_HAND_DATASET\W\795.png,W,two_hand,"wrong_hand_count (detected 1, expected 2)"
C:\Users\singh\Desktop\a2 i&v\edited code files\data\raw\BSL_Dataset\2_HAND_DATASET\W\800.png,W,two_hand,"wrong_hand_count (detected 1, expected 2)"
C:\Users\singh\Desktop\a2 i&v\edited code files\data\raw\BSL_Dataset\2_HAND_DATASET\W\805.png,W,two_hand,"wrong_hand_count (detected 1, expected 2)"
C:\Users\singh\Desktop\a2 i&v\edited code files\data\raw\BSL_Dataset\2_HAND_DATASET\W\810.png,W,two_hand,"wrong_hand_count (detected 1, expected 2)"
C:\Users\singh\Desktop\a2 i&v\edited code files\data\raw\BSL_Dataset\2_HAND_DATASET\W\815.png,W,two_hand,"wrong_hand_count (detected 1, expected 2)"
C:\Users\singh\Desktop\a2 i&v\edited code files\data\raw\BSL_Dataset\2_HAND_DATASET\W\820.png,W,two_hand,"wrong_hand_count (detected 1, expected 2)"
C:\Users\singh\Desktop\a2 i&v\edited code files\data\raw\BSL_Dataset\2_HAND_DATASET\W\825.png,W,two_hand,"wrong_hand_count (detected 1, expected 2)"
C:\Users\singh\Desktop\a2 i&v\edited code files\data\raw\BSL_Dataset\2_HAND_DATASET\W\830.png,W,two_hand,"wrong_hand_count (detected 1, expected 2)"
C:\Users\singh\Desktop\a2 i&v\edited code files\data\raw\BSL_Dataset\2_HAND_DATASET\W\845.png,W,two_hand,"wrong_hand_count (detected 1, expected 2)"
C:\Users\singh\Desktop\a2 i&v\edited code files\data\raw\BSL_Dataset\2_HAND_DATASET\W\850.png,W,two_hand,"wrong_hand_count (detected 1, expected 2)"
C:\Users\singh\Desktop\a2 i&v\edited code files\data\raw\BSL_Dataset\2_HAND_DATASET\W\855.png,W,two_hand,"wrong_hand_count (detected 1, expected 2)"
C:\Users\singh\Desktop\a2 i&v\edited code files\data\raw\BSL_Dataset\2_HAND_DATASET\W\860.png,W,two_hand,no_hands
C:\Users\singh\Desktop\a2 i&v\edited code files\data\raw\BSL_Dataset\2_HAND_DATASET\W\865.png,W,two_hand,"wrong_hand_count (detected 1, expected 2)"
C:\Users\singh\Desktop\a2 i&v\edited code files\data\raw\BSL_Dataset\2_HAND_DATASET\W\870.png,W,two_hand,no_hands
C:\Users\singh\Desktop\a2 i&v\edited code files\data\raw\BSL_Dataset\2_HAND_DATASET\W\875.png,W,two_hand,no_hands
C:\Users\singh\Desktop\a2 i&v\edited code files\data\raw\BSL_Dataset\2_HAND_DATASET\W\880.png,W,two_hand,"wrong_hand_count (detected 1, expected 2)"
C:\Users\singh\Desktop\a2 i&v\edited code files\data\raw\BSL_Dataset\2_HAND_DATASET\W\890.png,W,two_hand,"wrong_hand_count (detected 1, expected 2)"
C:\Users\singh\Desktop\a2 i&v\edited code files\data\raw\BSL_Dataset\2_HAND_DATASET\W\895.png,W,two_hand,"wrong_hand_count (detected 1, expected 2)"
C:\Users\singh\Desktop\a2 i&v\edited code files\data\raw\BSL_Dataset\2_HAND_DATASET\W\905.png,W,two_hand,"wrong_hand_count (detected 1, expected 2)"
C:\Users\singh\Desktop\a2 i&v\edited code files\data\raw\BSL_Dataset\2_HAND_DATASET\W\910.png,W,two_hand,"wrong_hand_count (detected 1, expected 2)"
C:\Users\singh\Desktop\a2 i&v\edited code files\data\raw\BSL_Dataset\2_HAND_DATASET\W\915.png,W,two_hand,no_hands
C:\Users\singh\Desktop\a2 i&v\edited code files\data\raw\BSL_Dataset\2_HAND_DATASET\W\920.png,W,two_hand,no_hands
C:\Users\singh\Desktop\a2 i&v\edited code files\data\raw\BSL_Dataset\2_HAND_DATASET\W\925.png,W,two_hand,"wrong_hand_count (detected 1, expected 2)"
C:\Users\singh\Desktop\a2 i&v\edited code files\data\raw\BSL_Dataset\2_HAND_DATASET\W\930.png,W,two_hand,"wrong_hand_count (detected 1, expected 2)"
C:\Users\singh\Desktop\a2 i&v\edited code files\data\raw\BSL_Dataset\2_HAND_DATASET\W\935.png,W,two_hand,"wrong_hand_count (detected 1, expected 2)"
C:\Users\singh\Desktop\a2 i&v\edited code files\data\raw\BSL_Dataset\2_HAND_DATASET\W\940.png,W,two_hand,"wrong_hand_count (detected 1, expected 2)"
C:\Users\singh\Desktop\a2 i&v\edited code files\data\raw\BSL_Dataset\2_HAND_DATASET\W\945.png,W,two_hand,"wrong_hand_count (detected 1, expected 2)"
C:\Users\singh\Desktop\a2 i&v\edited code files\data\raw\BSL_Dataset\2_HAND_DATASET\W\95.png,W,two_hand,"wrong_hand_count (detected 1, expected 2)"
C:\Users\singh\Desktop\a2 i&v\edited code files\data\raw\BSL_Dataset\2_HAND_DATASET\W\950.png,W,two_hand,no_hands
C:\Users\singh\Desktop\a2 i&v\edited code files\data\raw\BSL_Dataset\2_HAND_DATASET\W\955.png,W,two_hand,"wrong_hand_count (detected 1, expected 2)"
C:\Users\singh\Desktop\a2 i&v\edited code files\data\raw\BSL_Dataset\2_HAND_DATASET\W\960.png,W,two_hand,"wrong_hand_count (detected 1, expected 2)"
C:\Users\singh\Desktop\a2 i&v\edited code files\data\raw\BSL_Dataset\2_HAND_DATASET\W\965.png,W,two_hand,no_hands
C:\Users\singh\Desktop\a2 i&v\edited code files\data\raw\BSL_Dataset\2_HAND_DATASET\W\970.png,W,two_hand,"wrong_hand_count (detected 1, expected 2)"
C:\Users\singh\Desktop\a2 i&v\edited code files\data\raw\BSL_Dataset\2_HAND_DATASET\W\975.png,W,two_hand,"wrong_hand_count (detected 1, expected 2)"
C:\Users\singh\Desktop\a2 i&v\edited code files\data\raw\BSL_Dataset\2_HAND_DATASET\W\980.png,W,two_hand,"wrong_hand_count (detected 1, expected 2)"
C:\Users\singh\Desktop\a2 i&v\edited code files\data\raw\BSL_Dataset\2_HAND_DATASET\W\985.png,W,two_hand,"wrong_hand_count (detected 1, expected 2)"
C:\Users\singh\Desktop\a2 i&v\edited code files\data\raw\BSL_Dataset\2_HAND_DATASET\W\990.png,W,two_hand,"wrong_hand_count (detected 1, expected 2)"
C:\Users\singh\Desktop\a2 i&v\edited code files\data\raw\BSL_Dataset\2_HAND_DATASET\W\995.png,W,two_hand,"wrong_hand_count (detected 1, expected 2)"
C:\Users\singh\Desktop\a2 i&v\edited code files\data\raw\BSL_Dataset\2_HAND_DATASET\X\1145.png,X,two_hand,no_hands
C:\Users\singh\Desktop\a2 i&v\edited code files\data\raw\BSL_Dataset\2_HAND_DATASET\X\1150.png,X,two_hand,"wrong_hand_count (detected 1, expected 2)"
C:\Users\singh\Desktop\a2 i&v\edited code files\data\raw\BSL_Dataset\2_HAND_DATASET\X\1255.png,X,two_hand,no_hands
C:\Users\singh\Desktop\a2 i&v\edited code files\data\raw\BSL_Dataset\2_HAND_DATASET\X\1275.png,X,two_hand,"wrong_hand_count (detected 1, expected 2)"
C:\Users\singh\Desktop\a2 i&v\edited code files\data\raw\BSL_Dataset\2_HAND_DATASET\X\1330.png,X,two_hand,no_hands
C:\Users\singh\Desktop\a2 i&v\edited code files\data\raw\BSL_Dataset\2_HAND_DATASET\X\1355.png,X,two_hand,"wrong_hand_count (detected 1, expected 2)"
C:\Users\singh\Desktop\a2 i&v\edited code files\data\raw\BSL_Dataset\2_HAND_DATASET\X\1360.png,X,two_hand,"wrong_hand_count (detected 1, expected 2)"
C:\Users\singh\Desktop\a2 i&v\edited code files\data\raw\BSL_Dataset\2_HAND_DATASET\X\1365.png,X,two_hand,no_hands
C:\Users\singh\Desktop\a2 i&v\edited code files\data\raw\BSL_Dataset\2_HAND_DATASET\X\1375.png,X,two_hand,"wrong_hand_count (detected 1, expected 2)"
C:\Users\singh\Desktop\a2 i&v\edited code files\data\raw\BSL_Dataset\2_HAND_DATASET\X\1510.png,X,two_hand,no_hands
C:\Users\singh\Desktop\a2 i&v\edited code files\data\raw\BSL_Dataset\2_HAND_DATASET\X\1535.png,X,two_hand,"wrong_hand_count (detected 1, expected 2)"
C:\Users\singh\Desktop\a2 i&v\edited code files\data\raw\BSL_Dataset\2_HAND_DATASET\X\1590.png,X,two_hand,"wrong_hand_count (detected 1, expected 2)"
C:\Users\singh\Desktop\a2 i&v\edited code files\data\raw\BSL_Dataset\2_HAND_DATASET\X\1620.png,X,two_hand,"wrong_hand_count (detected 1, expected 2)"
C:\Users\singh\Desktop\a2 i&v\edited code files\data\raw\BSL_Dataset\2_HAND_DATASET\X\1625.png,X,two_hand,"wrong_hand_count (detected 1, expected 2)"
C:\Users\singh\Desktop\a2 i&v\edited code files\data\raw\BSL_Dataset\2_HAND_DATASET\X\1630.png,X,two_hand,"wrong_hand_count (detected 1, expected 2)"
C:\Users\singh\Desktop\a2 i&v\edited code files\data\raw\BSL_Dataset\2_HAND_DATASET\X\1640.png,X,two_hand,"wrong_hand_count (detected 1, expected 2)"
C:\Users\singh\Desktop\a2 i&v\edited code files\data\raw\BSL_Dataset\2_HAND_DATASET\X\1645.png,X,two_hand,"wrong_hand_count (detected 1, expected 2)"
C:\Users\singh\Desktop\a2 i&v\edited code files\data\raw\BSL_Dataset\2_HAND_DATASET\X\170.png,X,two_hand,"wrong_hand_count (detected 1, expected 2)"
C:\Users\singh\Desktop\a2 i&v\edited code files\data\raw\BSL_Dataset\2_HAND_DATASET\X\1815.png,X,two_hand,"wrong_hand_count (detected 1, expected 2)"
C:\Users\singh\Desktop\a2 i&v\edited code files\data\raw\BSL_Dataset\2_HAND_DATASET\X\2040.png,X,two_hand,"wrong_hand_count (detected 1, expected 2)"
C:\Users\singh\Desktop\a2 i&v\edited code files\data\raw\BSL_Dataset\2_HAND_DATASET\X\2045.png,X,two_hand,"wrong_hand_count (detected 1, expected 2)"
C:\Users\singh\Desktop\a2 i&v\edited code files\data\raw\BSL_Dataset\2_HAND_DATASET\X\2075.png,X,two_hand,"wrong_hand_count (detected 1, expected 2)"
C:\Users\singh\Desktop\a2 i&v\edited code files\data\raw\BSL_Dataset\2_HAND_DATASET\X\2085.png,X,two_hand,"wrong_hand_count (detected 1, expected 2)"
C:\Users\singh\Desktop\a2 i&v\edited code files\data\raw\BSL_Dataset\2_HAND_DATASET\X\2090.png,X,two_hand,no_hands
C:\Users\singh\Desktop\a2 i&v\edited code files\data\raw\BSL_Dataset\2_HAND_DATASET\X\210.png,X,two_hand,"wrong_hand_count (detected 1, expected 2)"
C:\Users\singh\Desktop\a2 i&v\edited code files\data\raw\BSL_Dataset\2_HAND_DATASET\X\2105.png,X,two_hand,"wrong_hand_count (detected 1, expected 2)"
C:\Users\singh\Desktop\a2 i&v\edited code files\data\raw\BSL_Dataset\2_HAND_DATASET\X\2110.png,X,two_hand,"wrong_hand_count (detected 1, expected 2)"
C:\Users\singh\Desktop\a2 i&v\edited code files\data\raw\BSL_Dataset\2_HAND_DATASET\X\2115.png,X,two_hand,"wrong_hand_count (detected 1, expected 2)"
C:\Users\singh\Desktop\a2 i&v\edited code files\data\raw\BSL_Dataset\2_HAND_DATASET\X\2120.png,X,two_hand,"wrong_hand_count (detected 1, expected 2)"
C:\Users\singh\Desktop\a2 i&v\edited code files\data\raw\BSL_Dataset\2_HAND_DATASET\X\2145.png,X,two_hand,"wrong_hand_count (detected 1, expected 2)"
C:\Users\singh\Desktop\a2 i&v\edited code files\data\raw\BSL_Dataset\2_HAND_DATASET\X\2160.png,X,two_hand,"wrong_hand_count (detected 1, expected 2)"
C:\Users\singh\Desktop\a2 i&v\edited code files\data\raw\BSL_Dataset\2_HAND_DATASET\X\2175.png,X,two_hand,"wrong_hand_count (detected 1, expected 2)"
C:\Users\singh\Desktop\a2 i&v\edited code files\data\raw\BSL_Dataset\2_HAND_DATASET\X\2190.png,X,two_hand,"wrong_hand_count (detected 1, expected 2)"
C:\Users\singh\Desktop\a2 i&v\edited code files\data\raw\BSL_Dataset\2_HAND_DATASET\X\2195.png,X,two_hand,no_hands
C:\Users\singh\Desktop\a2 i&v\edited code files\data\raw\BSL_Dataset\2_HAND_DATASET\X\2215.png,X,two_hand,"wrong_hand_count (detected 1, expected 2)"
C:\Users\singh\Desktop\a2 i&v\edited code files\data\raw\BSL_Dataset\2_HAND_DATASET\X\2225.png,X,two_hand,"wrong_hand_count (detected 1, expected 2)"
C:\Users\singh\Desktop\a2 i&v\edited code files\data\raw\BSL_Dataset\2_HAND_DATASET\X\2240.png,X,two_hand,"wrong_hand_count (detected 1, expected 2)"
C:\Users\singh\Desktop\a2 i&v\edited code files\data\raw\BSL_Dataset\2_HAND_DATASET\X\2250.png,X,two_hand,"wrong_hand_count (detected 1, expected 2)"
C:\Users\singh\Desktop\a2 i&v\edited code files\data\raw\BSL_Dataset\2_HAND_DATASET\X\2260.png,X,two_hand,"wrong_hand_count (detected 1, expected 2)"
C:\Users\singh\Desktop\a2 i&v\edited code files\data\raw\BSL_Dataset\2_HAND_DATASET\X\2265.png,X,two_hand,"wrong_hand_count (detected 1, expected 2)"
C:\Users\singh\Desktop\a2 i&v\edited code files\data\raw\BSL_Dataset\2_HAND_DATASET\X\2300.png,X,two_hand,"wrong_hand_count (detected 1, expected 2)"
C:\Users\singh\Desktop\a2 i&v\edited code files\data\raw\BSL_Dataset\2_HAND_DATASET\X\2340.png,X,two_hand,"wrong_hand_count (detected 1, expected 2)"
C:\Users\singh\Desktop\a2 i&v\edited code files\data\raw\BSL_Dataset\2_HAND_DATASET\X\2350.png,X,two_hand,"wrong_hand_count (detected 1, expected 2)"
C:\Users\singh\Desktop\a2 i&v\edited code files\data\raw\BSL_Dataset\2_HAND_DATASET\X\2370.png,X,two_hand,"wrong_hand_count (detected 1, expected 2)"
C:\Users\singh\Desktop\a2 i&v\edited code files\data\raw\BSL_Dataset\2_HAND_DATASET\X\2375.png,X,two_hand,"wrong_hand_count (detected 1, expected 2)"
C:\Users\singh\Desktop\a2 i&v\edited code files\data\raw\BSL_Dataset\2_HAND_DATASET\X\2400.png,X,two_hand,"wrong_hand_count (detected 1, expected 2)"
C:\Users\singh\Desktop\a2 i&v\edited code files\data\raw\BSL_Dataset\2_HAND_DATASET\X\2405.png,X,two_hand,"wrong_hand_count (detected 1, expected 2)"
C:\Users\singh\Desktop\a2 i&v\edited code files\data\raw\BSL_Dataset\2_HAND_DATASET\X\2450.png,X,two_hand,"wrong_hand_count (detected 1, expected 2)"
C:\Users\singh\Desktop\a2 i&v\edited code files\data\raw\BSL_Dataset\2_HAND_DATASET\X\2480.png,X,two_hand,"wrong_hand_count (detected 1, expected 2)"
C:\Users\singh\Desktop\a2 i&v\edited code files\data\raw\BSL_Dataset\2_HAND_DATASET\X\2535.png,X,two_hand,"wrong_hand_count (detected 1, expected 2)"
C:\Users\singh\Desktop\a2 i&v\edited code files\data\raw\BSL_Dataset\2_HAND_DATASET\X\2550.png,X,two_hand,"wrong_hand_count (detected 1, expected 2)"
C:\Users\singh\Desktop\a2 i&v\edited code files\data\raw\BSL_Dataset\2_HAND_DATASET\X\2595.png,X,two_hand,"wrong_hand_count (detected 1, expected 2)"
C:\Users\singh\Desktop\a2 i&v\edited code files\data\raw\BSL_Dataset\2_HAND_DATASET\X\2625.png,X,two_hand,"wrong_hand_count (detected 1, expected 2)"
C:\Users\singh\Desktop\a2 i&v\edited code files\data\raw\BSL_Dataset\2_HAND_DATASET\X\2655.png,X,two_hand,"wrong_hand_count (detected 1, expected 2)"
C:\Users\singh\Desktop\a2 i&v\edited code files\data\raw\BSL_Dataset\2_HAND_DATASET\X\2660.png,X,two_hand,"wrong_hand_count (detected 1, expected 2)"
C:\Users\singh\Desktop\a2 i&v\edited code files\data\raw\BSL_Dataset\2_HAND_DATASET\X\2680.png,X,two_hand,"wrong_hand_count (detected 1, expected 2)"
C:\Users\singh\Desktop\a2 i&v\edited code files\data\raw\BSL_Dataset\2_HAND_DATASET\X\2690.png,X,two_hand,"wrong_hand_count (detected 1, expected 2)"
C:\Users\singh\Desktop\a2 i&v\edited code files\data\raw\BSL_Dataset\2_HAND_DATASET\X\2710.png,X,two_hand,"wrong_hand_count (detected 1, expected 2)"
C:\Users\singh\Desktop\a2 i&v\edited code files\data\raw\BSL_Dataset\2_HAND_DATASET\X\2715.png,X,two_hand,"wrong_hand_count (detected 1, expected 2)"
C:\Users\singh\Desktop\a2 i&v\edited code files\data\raw\BSL_Dataset\2_HAND_DATASET\X\2740.png,X,two_hand,"wrong_hand_count (detected 1, expected 2)"
C:\Users\singh\Desktop\a2 i&v\edited code files\data\raw\BSL_Dataset\2_HAND_DATASET\X\2755.png,X,two_hand,"wrong_hand_count (detected 1, expected 2)"
C:\Users\singh\Desktop\a2 i&v\edited code files\data\raw\BSL_Dataset\2_HAND_DATASET\X\2760.png,X,two_hand,"wrong_hand_count (detected 1, expected 2)"
C:\Users\singh\Desktop\a2 i&v\edited code files\data\raw\BSL_Dataset\2_HAND_DATASET\X\2780.png,X,two_hand,"wrong_hand_count (detected 1, expected 2)"
C:\Users\singh\Desktop\a2 i&v\edited code files\data\raw\BSL_Dataset\2_HAND_DATASET\X\2785.png,X,two_hand,"wrong_hand_count (detected 1, expected 2)"
C:\Users\singh\Desktop\a2 i&v\edited code files\data\raw\BSL_Dataset\2_HAND_DATASET\X\280.png,X,two_hand,no_hands
C:\Users\singh\Desktop\a2 i&v\edited code files\data\raw\BSL_Dataset\2_HAND_DATASET\X\2820.png,X,two_hand,"wrong_hand_count (detected 1, expected 2)"
C:\Users\singh\Desktop\a2 i&v\edited code files\data\raw\BSL_Dataset\2_HAND_DATASET\X\2845.png,X,two_hand,"wrong_hand_count (detected 1, expected 2)"
C:\Users\singh\Desktop\a2 i&v\edited code files\data\raw\BSL_Dataset\2_HAND_DATASET\X\285.png,X,two_hand,"wrong_hand_count (detected 1, expected 2)"
C:\Users\singh\Desktop\a2 i&v\edited code files\data\raw\BSL_Dataset\2_HAND_DATASET\X\2850.png,X,two_hand,no_hands
C:\Users\singh\Desktop\a2 i&v\edited code files\data\raw\BSL_Dataset\2_HAND_DATASET\X\2860.png,X,two_hand,"wrong_hand_count (detected 1, expected 2)"
C:\Users\singh\Desktop\a2 i&v\edited code files\data\raw\BSL_Dataset\2_HAND_DATASET\X\2880.png,X,two_hand,"wrong_hand_count (detected 1, expected 2)"
C:\Users\singh\Desktop\a2 i&v\edited code files\data\raw\BSL_Dataset\2_HAND_DATASET\X\2890.png,X,two_hand,"wrong_hand_count (detected 1, expected 2)"
C:\Users\singh\Desktop\a2 i&v\edited code files\data\raw\BSL_Dataset\2_HAND_DATASET\X\2900.png,X,two_hand,"wrong_hand_count (detected 1, expected 2)"
C:\Users\singh\Desktop\a2 i&v\edited code files\data\raw\BSL_Dataset\2_HAND_DATASET\X\2905.png,X,two_hand,"wrong_hand_count (detected 1, expected 2)"
C:\Users\singh\Desktop\a2 i&v\edited code files\data\raw\BSL_Dataset\2_HAND_DATASET\X\2910.png,X,two_hand,"wrong_hand_count (detected 1, expected 2)"
C:\Users\singh\Desktop\a2 i&v\edited code files\data\raw\BSL_Dataset\2_HAND_DATASET\X\2920.png,X,two_hand,"wrong_hand_count (detected 1, expected 2)"
C:\Users\singh\Desktop\a2 i&v\edited code files\data\raw\BSL_Dataset\2_HAND_DATASET\X\2930.png,X,two_hand,"wrong_hand_count (detected 1, expected 2)"
C:\Users\singh\Desktop\a2 i&v\edited code files\data\raw\BSL_Dataset\2_HAND_DATASET\X\2980.png,X,two_hand,"wrong_hand_count (detected 1, expected 2)"
C:\Users\singh\Desktop\a2 i&v\edited code files\data\raw\BSL_Dataset\2_HAND_DATASET\X\2990.png,X,two_hand,"wrong_hand_count (detected 1, expected 2)"
C:\Users\singh\Desktop\a2 i&v\edited code files\data\raw\BSL_Dataset\2_HAND_DATASET\X\3000.png,X,two_hand,"wrong_hand_count (detected 1, expected 2)"
C:\Users\singh\Desktop\a2 i&v\edited code files\data\raw\BSL_Dataset\2_HAND_DATASET\X\3005.png,X,two_hand,"wrong_hand_count (detected 1, expected 2)"
C:\Users\singh\Desktop\a2 i&v\edited code files\data\raw\BSL_Dataset\2_HAND_DATASET\X\3010.png,X,two_hand,"wrong_hand_count (detected 1, expected 2)"
C:\Users\singh\Desktop\a2 i&v\edited code files\data\raw\BSL_Dataset\2_HAND_DATASET\X\3020.png,X,two_hand,"wrong_hand_count (detected 1, expected 2)"
C:\Users\singh\Desktop\a2 i&v\edited code files\data\raw\BSL_Dataset\2_HAND_DATASET\X\3030.png,X,two_hand,"wrong_hand_count (detected 1, expected 2)"
C:\Users\singh\Desktop\a2 i&v\edited code files\data\raw\BSL_Dataset\2_HAND_DATASET\X\3035.png,X,two_hand,"wrong_hand_count (detected 1, expected 2)"
C:\Users\singh\Desktop\a2 i&v\edited code files\data\raw\BSL_Dataset\2_HAND_DATASET\X\3055.png,X,two_hand,"wrong_hand_count (detected 1, expected 2)"
C:\Users\singh\Desktop\a2 i&v\edited code files\data\raw\BSL_Dataset\2_HAND_DATASET\X\3085.png,X,two_hand,"wrong_hand_count (detected 1, expected 2)"
C:\Users\singh\Desktop\a2 i&v\edited code files\data\raw\BSL_Dataset\2_HAND_DATASET\X\3090.png,X,two_hand,"wrong_hand_count (detected 1, expected 2)"
C:\Users\singh\Desktop\a2 i&v\edited code files\data\raw\BSL_Dataset\2_HAND_DATASET\X\3095.png,X,two_hand,"wrong_hand_count (detected 1, expected 2)"
C:\Users\singh\Desktop\a2 i&v\edited code files\data\raw\BSL_Dataset\2_HAND_DATASET\X\3130.png,X,two_hand,"wrong_hand_count (detected 1, expected 2)"
C:\Users\singh\Desktop\a2 i&v\edited code files\data\raw\BSL_Dataset\2_HAND_DATASET\X\3135.png,X,two_hand,"wrong_hand_count (detected 1, expected 2)"
C:\Users\singh\Desktop\a2 i&v\edited code files\data\raw\BSL_Dataset\2_HAND_DATASET\X\3140.png,X,two_hand,"wrong_hand_count (detected 1, expected 2)"
C:\Users\singh\Desktop\a2 i&v\edited code files\data\raw\BSL_Dataset\2_HAND_DATASET\X\3145.png,X,two_hand,"wrong_hand_count (detected 1, expected 2)"
C:\Users\singh\Desktop\a2 i&v\edited code files\data\raw\BSL_Dataset\2_HAND_DATASET\X\3150.png,X,two_hand,"wrong_hand_count (detected 1, expected 2)"
C:\Users\singh\Desktop\a2 i&v\edited code files\data\raw\BSL_Dataset\2_HAND_DATASET\X\3170.png,X,two_hand,"wrong_hand_count (detected 1, expected 2)"
C:\Users\singh\Desktop\a2 i&v\edited code files\data\raw\BSL_Dataset\2_HAND_DATASET\X\3200.png,X,two_hand,"wrong_hand_count (detected 1, expected 2)"
C:\Users\singh\Desktop\a2 i&v\edited code files\data\raw\BSL_Dataset\2_HAND_DATASET\X\3220.png,X,two_hand,"wrong_hand_count (detected 1, expected 2)"
C:\Users\singh\Desktop\a2 i&v\edited code files\data\raw\BSL_Dataset\2_HAND_DATASET\X\3225.png,X,two_hand,"wrong_hand_count (detected 1, expected 2)"
C:\Users\singh\Desktop\a2 i&v\edited code files\data\raw\BSL_Dataset\2_HAND_DATASET\X\3230.png,X,two_hand,"wrong_hand_count (detected 1, expected 2)"
C:\Users\singh\Desktop\a2 i&v\edited code files\data\raw\BSL_Dataset\2_HAND_DATASET\X\3235.png,X,two_hand,"wrong_hand_count (detected 1, expected 2)"
C:\Users\singh\Desktop\a2 i&v\edited code files\data\raw\BSL_Dataset\2_HAND_DATASET\X\3240.png,X,two_hand,"wrong_hand_count (detected 1, expected 2)"
C:\Users\singh\Desktop\a2 i&v\edited code files\data\raw\BSL_Dataset\2_HAND_DATASET\X\3245.png,X,two_hand,"wrong_hand_count (detected 1, expected 2)"
C:\Users\singh\Desktop\a2 i&v\edited code files\data\raw\BSL_Dataset\2_HAND_DATASET\X\3250.png,X,two_hand,"wrong_hand_count (detected 1, expected 2)"
C:\Users\singh\Desktop\a2 i&v\edited code files\data\raw\BSL_Dataset\2_HAND_DATASET\X\3325.png,X,two_hand,"wrong_hand_count (detected 1, expected 2)"
C:\Users\singh\Desktop\a2 i&v\edited code files\data\raw\BSL_Dataset\2_HAND_DATASET\X\3335.png,X,two_hand,"wrong_hand_count (detected 1, expected 2)"
C:\Users\singh\Desktop\a2 i&v\edited code files\data\raw\BSL_Dataset\2_HAND_DATASET\X\3340.png,X,two_hand,"wrong_hand_count (detected 1, expected 2)"
C:\Users\singh\Desktop\a2 i&v\edited code files\data\raw\BSL_Dataset\2_HAND_DATASET\X\3345.png,X,two_hand,"wrong_hand_count (detected 1, expected 2)"
C:\Users\singh\Desktop\a2 i&v\edited code files\data\raw\BSL_Dataset\2_HAND_DATASET\X\3350.png,X,two_hand,"wrong_hand_count (detected 1, expected 2)"
C:\Users\singh\Desktop\a2 i&v\edited code files\data\raw\BSL_Dataset\2_HAND_DATASET\X\3355.png,X,two_hand,"wrong_hand_count (detected 1, expected 2)"
C:\Users\singh\Desktop\a2 i&v\edited code files\data\raw\BSL_Dataset\2_HAND_DATASET\X\3360.png,X,two_hand,"wrong_hand_count (detected 1, expected 2)"
C:\Users\singh\Desktop\a2 i&v\edited code files\data\raw\BSL_Dataset\2_HAND_DATASET\X\3435.png,X,two_hand,"wrong_hand_count (detected 1, expected 2)"
C:\Users\singh\Desktop\a2 i&v\edited code files\data\raw\BSL_Dataset\2_HAND_DATASET\X\3440.png,X,two_hand,"wrong_hand_count (detected 1, expected 2)"
C:\Users\singh\Desktop\a2 i&v\edited code files\data\raw\BSL_Dataset\2_HAND_DATASET\X\3445.png,X,two_hand,"wrong_hand_count (detected 1, expected 2)"
C:\Users\singh\Desktop\a2 i&v\edited code files\data\raw\BSL_Dataset\2_HAND_DATASET\X\3450.png,X,two_hand,"wrong_hand_count (detected 1, expected 2)"
C:\Users\singh\Desktop\a2 i&v\edited code files\data\raw\BSL_Dataset\2_HAND_DATASET\X\3455.png,X,two_hand,"wrong_hand_count (detected 1, expected 2)"
C:\Users\singh\Desktop\a2 i&v\edited code files\data\raw\BSL_Dataset\2_HAND_DATASET\X\3460.png,X,two_hand,"wrong_hand_count (detected 1, expected 2)"
C:\Users\singh\Desktop\a2 i&v\edited code files\data\raw\BSL_Dataset\2_HAND_DATASET\X\3465.png,X,two_hand,"wrong_hand_count (detected 1, expected 2)"
C:\Users\singh\Desktop\a2 i&v\edited code files\data\raw\BSL_Dataset\2_HAND_DATASET\X\3470.png,X,two_hand,no_hands
C:\Users\singh\Desktop\a2 i&v\edited code files\data\raw\BSL_Dataset\2_HAND_DATASET\X\3485.png,X,two_hand,"wrong_hand_count (detected 1, expected 2)"
C:\Users\singh\Desktop\a2 i&v\edited code files\data\raw\BSL_Dataset\2_HAND_DATASET\X\3495.png,X,two_hand,"wrong_hand_count (detected 1, expected 2)"
C:\Users\singh\Desktop\a2 i&v\edited code files\data\raw\BSL_Dataset\2_HAND_DATASET\X\3525.png,X,two_hand,"wrong_hand_count (detected 1, expected 2)"
C:\Users\singh\Desktop\a2 i&v\edited code files\data\raw\BSL_Dataset\2_HAND_DATASET\X\3535.png,X,two_hand,"wrong_hand_count (detected 1, expected 2)"
C:\Users\singh\Desktop\a2 i&v\edited code files\data\raw\BSL_Dataset\2_HAND_DATASET\X\3545.png,X,two_hand,"wrong_hand_count (detected 1, expected 2)"
C:\Users\singh\Desktop\a2 i&v\edited code files\data\raw\BSL_Dataset\2_HAND_DATASET\X\3550.png,X,two_hand,no_hands
C:\Users\singh\Desktop\a2 i&v\edited code files\data\raw\BSL_Dataset\2_HAND_DATASET\X\3555.png,X,two_hand,"wrong_hand_count (detected 1, expected 2)"
C:\Users\singh\Desktop\a2 i&v\edited code files\data\raw\BSL_Dataset\2_HAND_DATASET\X\3565.png,X,two_hand,"wrong_hand_count (detected 1, expected 2)"
C:\Users\singh\Desktop\a2 i&v\edited code files\data\raw\BSL_Dataset\2_HAND_DATASET\X\3575.png,X,two_hand,"wrong_hand_count (detected 1, expected 2)"
C:\Users\singh\Desktop\a2 i&v\edited code files\data\raw\BSL_Dataset\2_HAND_DATASET\X\3580.png,X,two_hand,"wrong_hand_count (detected 1, expected 2)"
C:\Users\singh\Desktop\a2 i&v\edited code files\data\raw\BSL_Dataset\2_HAND_DATASET\X\3665.png,X,two_hand,"wrong_hand_count (detected 1, expected 2)"
C:\Users\singh\Desktop\a2 i&v\edited code files\data\raw\BSL_Dataset\2_HAND_DATASET\X\3675.png,X,two_hand,"wrong_hand_count (detected 1, expected 2)"
C:\Users\singh\Desktop\a2 i&v\edited code files\data\raw\BSL_Dataset\2_HAND_DATASET\X\3680.png,X,two_hand,"wrong_hand_count (detected 1, expected 2)"
C:\Users\singh\Desktop\a2 i&v\edited code files\data\raw\BSL_Dataset\2_HAND_DATASET\X\3685.png,X,two_hand,"wrong_hand_count (detected 1, expected 2)"
C:\Users\singh\Desktop\a2 i&v\edited code files\data\raw\BSL_Dataset\2_HAND_DATASET\X\3720.png,X,two_hand,no_hands
C:\Users\singh\Desktop\a2 i&v\edited code files\data\raw\BSL_Dataset\2_HAND_DATASET\X\3750.png,X,two_hand,"wrong_hand_count (detected 1, expected 2)"
C:\Users\singh\Desktop\a2 i&v\edited code files\data\raw\BSL_Dataset\2_HAND_DATASET\X\3755.png,X,two_hand,"wrong_hand_count (detected 1, expected 2)"
C:\Users\singh\Desktop\a2 i&v\edited code files\data\raw\BSL_Dataset\2_HAND_DATASET\X\3770.png,X,two_hand,"wrong_hand_count (detected 1, expected 2)"
C:\Users\singh\Desktop\a2 i&v\edited code files\data\raw\BSL_Dataset\2_HAND_DATASET\X\3780.png,X,two_hand,"wrong_hand_count (detected 1, expected 2)"
C:\Users\singh\Desktop\a2 i&v\edited code files\data\raw\BSL_Dataset\2_HAND_DATASET\X\3790.png,X,two_hand,"wrong_hand_count (detected 1, expected 2)"
C:\Users\singh\Desktop\a2 i&v\edited code files\data\raw\BSL_Dataset\2_HAND_DATASET\X\3795.png,X,two_hand,"wrong_hand_count (detected 1, expected 2)"
C:\Users\singh\Desktop\a2 i&v\edited code files\data\raw\BSL_Dataset\2_HAND_DATASET\X\3815.png,X,two_hand,"wrong_hand_count (detected 1, expected 2)"
C:\Users\singh\Desktop\a2 i&v\edited code files\data\raw\BSL_Dataset\2_HAND_DATASET\X\3830.png,X,two_hand,"wrong_hand_count (detected 1, expected 2)"
C:\Users\singh\Desktop\a2 i&v\edited code files\data\raw\BSL_Dataset\2_HAND_DATASET\X\3855.png,X,two_hand,"wrong_hand_count (detected 1, expected 2)"
C:\Users\singh\Desktop\a2 i&v\edited code files\data\raw\BSL_Dataset\2_HAND_DATASET\X\3870.png,X,two_hand,"wrong_hand_count (detected 1, expected 2)"
C:\Users\singh\Desktop\a2 i&v\edited code files\data\raw\BSL_Dataset\2_HAND_DATASET\X\3890.png,X,two_hand,"wrong_hand_count (detected 1, expected 2)"
C:\Users\singh\Desktop\a2 i&v\edited code files\data\raw\BSL_Dataset\2_HAND_DATASET\X\3930.png,X,two_hand,"wrong_hand_count (detected 1, expected 2)"
C:\Users\singh\Desktop\a2 i&v\edited code files\data\raw\BSL_Dataset\2_HAND_DATASET\X\3935.png,X,two_hand,"wrong_hand_count (detected 1, expected 2)"
C:\Users\singh\Desktop\a2 i&v\edited code files\data\raw\BSL_Dataset\2_HAND_DATASET\X\3940.png,X,two_hand,"wrong_hand_count (detected 1, expected 2)"
C:\Users\singh\Desktop\a2 i&v\edited code files\data\raw\BSL_Dataset\2_HAND_DATASET\X\3975.png,X,two_hand,"wrong_hand_count (detected 1, expected 2)"
C:\Users\singh\Desktop\a2 i&v\edited code files\data\raw\BSL_Dataset\2_HAND_DATASET\X\3985.png,X,two_hand,"wrong_hand_count (detected 1, expected 2)"
C:\Users\singh\Desktop\a2 i&v\edited code files\data\raw\BSL_Dataset\2_HAND_DATASET\X\3995.png,X,two_hand,"wrong_hand_count (detected 1, expected 2)"
C:\Users\singh\Desktop\a2 i&v\edited code files\data\raw\BSL_Dataset\2_HAND_DATASET\X\4020.png,X,two_hand,"wrong_hand_count (detected 1, expected 2)"
C:\Users\singh\Desktop\a2 i&v\edited code files\data\raw\BSL_Dataset\2_HAND_DATASET\X\4025.png,X,two_hand,"wrong_hand_count (detected 1, expected 2)"
C:\Users\singh\Desktop\a2 i&v\edited code files\data\raw\BSL_Dataset\2_HAND_DATASET\X\4035.png,X,two_hand,"wrong_hand_count (detected 1, expected 2)"
C:\Users\singh\Desktop\a2 i&v\edited code files\data\raw\BSL_Dataset\2_HAND_DATASET\X\4040.png,X,two_hand,"wrong_hand_count (detected 1, expected 2)"
C:\Users\singh\Desktop\a2 i&v\edited code files\data\raw\BSL_Dataset\2_HAND_DATASET\X\4055.png,X,two_hand,"wrong_hand_count (detected 1, expected 2)"
C:\Users\singh\Desktop\a2 i&v\edited code files\data\raw\BSL_Dataset\2_HAND_DATASET\X\4065.png,X,two_hand,"wrong_hand_count (detected 1, expected 2)"
C:\Users\singh\Desktop\a2 i&v\edited code files\data\raw\BSL_Dataset\2_HAND_DATASET\X\4095.png,X,two_hand,"wrong_hand_count (detected 1, expected 2)"
C:\Users\singh\Desktop\a2 i&v\edited code files\data\raw\BSL_Dataset\2_HAND_DATASET\X\4120.png,X,two_hand,"wrong_hand_count (detected 1, expected 2)"
C:\Users\singh\Desktop\a2 i&v\edited code files\data\raw\BSL_Dataset\2_HAND_DATASET\X\4135.png,X,two_hand,"wrong_hand_count (detected 1, expected 2)"
C:\Users\singh\Desktop\a2 i&v\edited code files\data\raw\BSL_Dataset\2_HAND_DATASET\X\4145.png,X,two_hand,no_hands
C:\Users\singh\Desktop\a2 i&v\edited code files\data\raw\BSL_Dataset\2_HAND_DATASET\X\4160.png,X,two_hand,"wrong_hand_count (detected 1, expected 2)"
C:\Users\singh\Desktop\a2 i&v\edited code files\data\raw\BSL_Dataset\2_HAND_DATASET\X\4170.png,X,two_hand,"wrong_hand_count (detected 1, expected 2)"
C:\Users\singh\Desktop\a2 i&v\edited code files\data\raw\BSL_Dataset\2_HAND_DATASET\X\4210.png,X,two_hand,"wrong_hand_count (detected 1, expected 2)"
C:\Users\singh\Desktop\a2 i&v\edited code files\data\raw\BSL_Dataset\2_HAND_DATASET\X\4235.png,X,two_hand,"wrong_hand_count (detected 1, expected 2)"
C:\Users\singh\Desktop\a2 i&v\edited code files\data\raw\BSL_Dataset\2_HAND_DATASET\X\4260.png,X,two_hand,"wrong_hand_count (detected 1, expected 2)"
C:\Users\singh\Desktop\a2 i&v\edited code files\data\raw\BSL_Dataset\2_HAND_DATASET\X\4330.png,X,two_hand,"wrong_hand_count (detected 1, expected 2)"
C:\Users\singh\Desktop\a2 i&v\edited code files\data\raw\BSL_Dataset\2_HAND_DATASET\X\4335.png,X,two_hand,"wrong_hand_count (detected 1, expected 2)"
C:\Users\singh\Desktop\a2 i&v\edited code files\data\raw\BSL_Dataset\2_HAND_DATASET\X\4340.png,X,two_hand,"wrong_hand_count (detected 1, expected 2)"
C:\Users\singh\Desktop\a2 i&v\edited code files\data\raw\BSL_Dataset\2_HAND_DATASET\X\4350.png,X,two_hand,"wrong_hand_count (detected 1, expected 2)"
C:\Users\singh\Desktop\a2 i&v\edited code files\data\raw\BSL_Dataset\2_HAND_DATASET\X\4400.png,X,two_hand,"wrong_hand_count (detected 1, expected 2)"
C:\Users\singh\Desktop\a2 i&v\edited code files\data\raw\BSL_Dataset\2_HAND_DATASET\X\4410.png,X,two_hand,"wrong_hand_count (detected 1, expected 2)"
C:\Users\singh\Desktop\a2 i&v\edited code files\data\raw\BSL_Dataset\2_HAND_DATASET\X\4415.png,X,two_hand,"wrong_hand_count (detected 1, expected 2)"
C:\Users\singh\Desktop\a2 i&v\edited code files\data\raw\BSL_Dataset\2_HAND_DATASET\X\4440.png,X,two_hand,"wrong_hand_count (detected 1, expected 2)"
C:\Users\singh\Desktop\a2 i&v\edited code files\data\raw\BSL_Dataset\2_HAND_DATASET\X\4515.png,X,two_hand,"wrong_hand_count (detected 1, expected 2)"
C:\Users\singh\Desktop\a2 i&v\edited code files\data\raw\BSL_Dataset\2_HAND_DATASET\X\4535.png,X,two_hand,"wrong_hand_count (detected 1, expected 2)"
C:\Users\singh\Desktop\a2 i&v\edited code files\data\raw\BSL_Dataset\2_HAND_DATASET\X\4540.png,X,two_hand,"wrong_hand_count (detected 1, expected 2)"
C:\Users\singh\Desktop\a2 i&v\edited code files\data\raw\BSL_Dataset\2_HAND_DATASET\X\4550.png,X,two_hand,"wrong_hand_count (detected 1, expected 2)"
C:\Users\singh\Desktop\a2 i&v\edited code files\data\raw\BSL_Dataset\2_HAND_DATASET\X\4600.png,X,two_hand,"wrong_hand_count (detected 1, expected 2)"
C:\Users\singh\Desktop\a2 i&v\edited code files\data\raw\BSL_Dataset\2_HAND_DATASET\X\4610.png,X,two_hand,"wrong_hand_count (detected 1, expected 2)"
C:\Users\singh\Desktop\a2 i&v\edited code files\data\raw\BSL_Dataset\2_HAND_DATASET\X\4615.png,X,two_hand,"wrong_hand_count (detected 1, expected 2)"
C:\Users\singh\Desktop\a2 i&v\edited code files\data\raw\BSL_Dataset\2_HAND_DATASET\X\4685.png,X,two_hand,"wrong_hand_count (detected 1, expected 2)"
C:\Users\singh\Desktop\a2 i&v\edited code files\data\raw\BSL_Dataset\2_HAND_DATASET\X\4705.png,X,two_hand,"wrong_hand_count (detected 1, expected 2)"
C:\Users\singh\Desktop\a2 i&v\edited code files\data\raw\BSL_Dataset\2_HAND_DATASET\X\4745.png,X,two_hand,"wrong_hand_count (detected 1, expected 2)"
C:\Users\singh\Desktop\a2 i&v\edited code files\data\raw\BSL_Dataset\2_HAND_DATASET\X\4755.png,X,two_hand,"wrong_hand_count (detected 1, expected 2)"
C:\Users\singh\Desktop\a2 i&v\edited code files\data\raw\BSL_Dataset\2_HAND_DATASET\X\4765.png,X,two_hand,"wrong_hand_count (detected 1, expected 2)"
C:\Users\singh\Desktop\a2 i&v\edited code files\data\raw\BSL_Dataset\2_HAND_DATASET\X\4785.png,X,two_hand,"wrong_hand_count (detected 1, expected 2)"
C:\Users\singh\Desktop\a2 i&v\edited code files\data\raw\BSL_Dataset\2_HAND_DATASET\X\4795.png,X,two_hand,"wrong_hand_count (detected 1, expected 2)"
C:\Users\singh\Desktop\a2 i&v\edited code files\data\raw\BSL_Dataset\2_HAND_DATASET\X\4810.png,X,two_hand,"wrong_hand_count (detected 1, expected 2)"
C:\Users\singh\Desktop\a2 i&v\edited code files\data\raw\BSL_Dataset\2_HAND_DATASET\X\4820.png,X,two_hand,"wrong_hand_count (detected 1, expected 2)"
C:\Users\singh\Desktop\a2 i&v\edited code files\data\raw\BSL_Dataset\2_HAND_DATASET\X\4830.png,X,two_hand,"wrong_hand_count (detected 1, expected 2)"
C:\Users\singh\Desktop\a2 i&v\edited code files\data\raw\BSL_Dataset\2_HAND_DATASET\X\4870.png,X,two_hand,"wrong_hand_count (detected 1, expected 2)"
C:\Users\singh\Desktop\a2 i&v\edited code files\data\raw\BSL_Dataset\2_HAND_DATASET\X\4885.png,X,two_hand,"wrong_hand_count (detected 1, expected 2)"
C:\Users\singh\Desktop\a2 i&v\edited code files\data\raw\BSL_Dataset\2_HAND_DATASET\X\4945.png,X,two_hand,"wrong_hand_count (detected 1, expected 2)"
C:\Users\singh\Desktop\a2 i&v\edited code files\data\raw\BSL_Dataset\2_HAND_DATASET\X\4950.png,X,two_hand,"wrong_hand_count (detected 1, expected 2)"
C:\Users\singh\Desktop\a2 i&v\edited code files\data\raw\BSL_Dataset\2_HAND_DATASET\X\4960.png,X,two_hand,"wrong_hand_count (detected 1, expected 2)"
C:\Users\singh\Desktop\a2 i&v\edited code files\data\raw\BSL_Dataset\2_HAND_DATASET\X\4975.png,X,two_hand,"wrong_hand_count (detected 1, expected 2)"
C:\Users\singh\Desktop\a2 i&v\edited code files\data\raw\BSL_Dataset\2_HAND_DATASET\X\4995.png,X,two_hand,"wrong_hand_count (detected 1, expected 2)"
C:\Users\singh\Desktop\a2 i&v\edited code files\data\raw\BSL_Dataset\2_HAND_DATASET\X\540.png,X,two_hand,"wrong_hand_count (detected 1, expected 2)"
C:\Users\singh\Desktop\a2 i&v\edited code files\data\raw\BSL_Dataset\2_HAND_DATASET\X\545.png,X,two_hand,"wrong_hand_count (detected 1, expected 2)"
C:\Users\singh\Desktop\a2 i&v\edited code files\data\raw\BSL_Dataset\2_HAND_DATASET\X\590.png,X,two_hand,"wrong_hand_count (detected 1, expected 2)"
C:\Users\singh\Desktop\a2 i&v\edited code files\data\raw\BSL_Dataset\2_HAND_DATASET\X\620.png,X,two_hand,"wrong_hand_count (detected 1, expected 2)"
C:\Users\singh\Desktop\a2 i&v\edited code files\data\raw\BSL_Dataset\2_HAND_DATASET\X\625.png,X,two_hand,"wrong_hand_count (detected 1, expected 2)"
C:\Users\singh\Desktop\a2 i&v\edited code files\data\raw\BSL_Dataset\2_HAND_DATASET\X\645.png,X,two_hand,"wrong_hand_count (detected 1, expected 2)"
C:\Users\singh\Desktop\a2 i&v\edited code files\data\raw\BSL_Dataset\2_HAND_DATASET\X\660.png,X,two_hand,no_hands
C:\Users\singh\Desktop\a2 i&v\edited code files\data\raw\BSL_Dataset\2_HAND_DATASET\X\715.png,X,two_hand,"wrong_hand_count (detected 1, expected 2)"
C:\Users\singh\Desktop\a2 i&v\edited code files\data\raw\BSL_Dataset\2_HAND_DATASET\X\720.png,X,two_hand,"wrong_hand_count (detected 1, expected 2)"
C:\Users\singh\Desktop\a2 i&v\edited code files\data\raw\BSL_Dataset\2_HAND_DATASET\X\815.png,X,two_hand,"wrong_hand_count (detected 1, expected 2)"
C:\Users\singh\Desktop\a2 i&v\edited code files\data\raw\BSL_Dataset\2_HAND_DATASET\X\840.png,X,two_hand,"wrong_hand_count (detected 1, expected 2)"
C:\Users\singh\Desktop\a2 i&v\edited code files\data\raw\BSL_Dataset\2_HAND_DATASET\X\865.png,X,two_hand,"wrong_hand_count (detected 1, expected 2)"
C:\Users\singh\Desktop\a2 i&v\edited code files\data\raw\BSL_Dataset\2_HAND_DATASET\X\905.png,X,two_hand,"wrong_hand_count (detected 1, expected 2)"
C:\Users\singh\Desktop\a2 i&v\edited code files\data\raw\BSL_Dataset\2_HAND_DATASET\X\915.png,X,two_hand,"wrong_hand_count (detected 1, expected 2)"
C:\Users\singh\Desktop\a2 i&v\edited code files\data\raw\BSL_Dataset\2_HAND_DATASET\Z\10.png,Z,two_hand,"wrong_hand_count (detected 1, expected 2)"
C:\Users\singh\Desktop\a2 i&v\edited code files\data\raw\BSL_Dataset\2_HAND_DATASET\Z\1075.png,Z,two_hand,"wrong_hand_count (detected 1, expected 2)"
C:\Users\singh\Desktop\a2 i&v\edited code files\data\raw\BSL_Dataset\2_HAND_DATASET\Z\1155.png,Z,two_hand,"wrong_hand_count (detected 1, expected 2)"
C:\Users\singh\Desktop\a2 i&v\edited code files\data\raw\BSL_Dataset\2_HAND_DATASET\Z\1240.png,Z,two_hand,"wrong_hand_count (detected 1, expected 2)"
C:\Users\singh\Desktop\a2 i&v\edited code files\data\raw\BSL_Dataset\2_HAND_DATASET\Z\1245.png,Z,two_hand,"wrong_hand_count (detected 1, expected 2)"
C:\Users\singh\Desktop\a2 i&v\edited code files\data\raw\BSL_Dataset\2_HAND_DATASET\Z\1260.png,Z,two_hand,"wrong_hand_count (detected 1, expected 2)"
C:\Users\singh\Desktop\a2 i&v\edited code files\data\raw\BSL_Dataset\2_HAND_DATASET\Z\1265.png,Z,two_hand,"wrong_hand_count (detected 1, expected 2)"
C:\Users\singh\Desktop\a2 i&v\edited code files\data\raw\BSL_Dataset\2_HAND_DATASET\Z\1280.png,Z,two_hand,"wrong_hand_count (detected 1, expected 2)"
C:\Users\singh\Desktop\a2 i&v\edited code files\data\raw\BSL_Dataset\2_HAND_DATASET\Z\1295.png,Z,two_hand,"wrong_hand_count (detected 1, expected 2)"
C:\Users\singh\Desktop\a2 i&v\edited code files\data\raw\BSL_Dataset\2_HAND_DATASET\Z\1320.png,Z,two_hand,"wrong_hand_count (detected 1, expected 2)"
C:\Users\singh\Desktop\a2 i&v\edited code files\data\raw\BSL_Dataset\2_HAND_DATASET\Z\140.png,Z,two_hand,"wrong_hand_count (detected 1, expected 2)"
C:\Users\singh\Desktop\a2 i&v\edited code files\data\raw\BSL_Dataset\2_HAND_DATASET\Z\1415.png,Z,two_hand,"wrong_hand_count (detected 1, expected 2)"
C:\Users\singh\Desktop\a2 i&v\edited code files\data\raw\BSL_Dataset\2_HAND_DATASET\Z\1455.png,Z,two_hand,"wrong_hand_count (detected 1, expected 2)"
C:\Users\singh\Desktop\a2 i&v\edited code files\data\raw\BSL_Dataset\2_HAND_DATASET\Z\1460.png,Z,two_hand,"wrong_hand_count (detected 1, expected 2)"
C:\Users\singh\Desktop\a2 i&v\edited code files\data\raw\BSL_Dataset\2_HAND_DATASET\Z\1480.png,Z,two_hand,"wrong_hand_count (detected 1, expected 2)"
C:\Users\singh\Desktop\a2 i&v\edited code files\data\raw\BSL_Dataset\2_HAND_DATASET\Z\1495.png,Z,two_hand,"wrong_hand_count (detected 1, expected 2)"
C:\Users\singh\Desktop\a2 i&v\edited code files\data\raw\BSL_Dataset\2_HAND_DATASET\Z\15.png,Z,two_hand,"wrong_hand_count (detected 1, expected 2)"
C:\Users\singh\Desktop\a2 i&v\edited code files\data\raw\BSL_Dataset\2_HAND_DATASET\Z\1565.png,Z,two_hand,"wrong_hand_count (detected 1, expected 2)"
C:\Users\singh\Desktop\a2 i&v\edited code files\data\raw\BSL_Dataset\2_HAND_DATASET\Z\1575.png,Z,two_hand,"wrong_hand_count (detected 1, expected 2)"
C:\Users\singh\Desktop\a2 i&v\edited code files\data\raw\BSL_Dataset\2_HAND_DATASET\Z\1635.png,Z,two_hand,"wrong_hand_count (detected 1, expected 2)"
C:\Users\singh\Desktop\a2 i&v\edited code files\data\raw\BSL_Dataset\2_HAND_DATASET\Z\1725.png,Z,two_hand,"wrong_hand_count (detected 1, expected 2)"
C:\Users\singh\Desktop\a2 i&v\edited code files\data\raw\BSL_Dataset\2_HAND_DATASET\Z\1740.png,Z,two_hand,"wrong_hand_count (detected 1, expected 2)"
C:\Users\singh\Desktop\a2 i&v\edited code files\data\raw\BSL_Dataset\2_HAND_DATASET\Z\175.png,Z,two_hand,"wrong_hand_count (detected 1, expected 2)"
C:\Users\singh\Desktop\a2 i&v\edited code files\data\raw\BSL_Dataset\2_HAND_DATASET\Z\1810.png,Z,two_hand,"wrong_hand_count (detected 1, expected 2)"
C:\Users\singh\Desktop\a2 i&v\edited code files\data\raw\BSL_Dataset\2_HAND_DATASET\Z\185.png,Z,two_hand,"wrong_hand_count (detected 1, expected 2)"
C:\Users\singh\Desktop\a2 i&v\edited code files\data\raw\BSL_Dataset\2_HAND_DATASET\Z\1850.png,Z,two_hand,"wrong_hand_count (detected 1, expected 2)"
C:\Users\singh\Desktop\a2 i&v\edited code files\data\raw\BSL_Dataset\2_HAND_DATASET\Z\1865.png,Z,two_hand,"wrong_hand_count (detected 1, expected 2)"
C:\Users\singh\Desktop\a2 i&v\edited code files\data\raw\BSL_Dataset\2_HAND_DATASET\Z\1930.png,Z,two_hand,"wrong_hand_count (detected 1, expected 2)"
C:\Users\singh\Desktop\a2 i&v\edited code files\data\raw\BSL_Dataset\2_HAND_DATASET\Z\1935.png,Z,two_hand,"wrong_hand_count (detected 1, expected 2)"
C:\Users\singh\Desktop\a2 i&v\edited code files\data\raw\BSL_Dataset\2_HAND_DATASET\Z\1950.png,Z,two_hand,"wrong_hand_count (detected 1, expected 2)"
C:\Users\singh\Desktop\a2 i&v\edited code files\data\raw\BSL_Dataset\2_HAND_DATASET\Z\1955.png,Z,two_hand,"wrong_hand_count (detected 1, expected 2)"
C:\Users\singh\Desktop\a2 i&v\edited code files\data\raw\BSL_Dataset\2_HAND_DATASET\Z\1960.png,Z,two_hand,"wrong_hand_count (detected 1, expected 2)"
C:\Users\singh\Desktop\a2 i&v\edited code files\data\raw\BSL_Dataset\2_HAND_DATASET\Z\1970.png,Z,two_hand,"wrong_hand_count (detected 1, expected 2)"
C:\Users\singh\Desktop\a2 i&v\edited code files\data\raw\BSL_Dataset\2_HAND_DATASET\Z\1990.png,Z,two_hand,"wrong_hand_count (detected 1, expected 2)"
C:\Users\singh\Desktop\a2 i&v\edited code files\data\raw\BSL_Dataset\2_HAND_DATASET\Z\2030.png,Z,two_hand,"wrong_hand_count (detected 1, expected 2)"
C:\Users\singh\Desktop\a2 i&v\edited code files\data\raw\BSL_Dataset\2_HAND_DATASET\Z\2065.png,Z,two_hand,"wrong_hand_count (detected 1, expected 2)"
C:\Users\singh\Desktop\a2 i&v\edited code files\data\raw\BSL_Dataset\2_HAND_DATASET\Z\2085.png,Z,two_hand,"wrong_hand_count (detected 1, expected 2)"
C:\Users\singh\Desktop\a2 i&v\edited code files\data\raw\BSL_Dataset\2_HAND_DATASET\Z\210.png,Z,two_hand,"wrong_hand_count (detected 1, expected 2)"
C:\Users\singh\Desktop\a2 i&v\edited code files\data\raw\BSL_Dataset\2_HAND_DATASET\Z\2100.png,Z,two_hand,"wrong_hand_count (detected 1, expected 2)"
C:\Users\singh\Desktop\a2 i&v\edited code files\data\raw\BSL_Dataset\2_HAND_DATASET\Z\2105.png,Z,two_hand,"wrong_hand_count (detected 1, expected 2)"
C:\Users\singh\Desktop\a2 i&v\edited code files\data\raw\BSL_Dataset\2_HAND_DATASET\Z\2115.png,Z,two_hand,"wrong_hand_count (detected 1, expected 2)"
C:\Users\singh\Desktop\a2 i&v\edited code files\data\raw\BSL_Dataset\2_HAND_DATASET\Z\2125.png,Z,two_hand,no_hands
C:\Users\singh\Desktop\a2 i&v\edited code files\data\raw\BSL_Dataset\2_HAND_DATASET\Z\2190.png,Z,two_hand,"wrong_hand_count (detected 1, expected 2)"
C:\Users\singh\Desktop\a2 i&v\edited code files\data\raw\BSL_Dataset\2_HAND_DATASET\Z\2200.png,Z,two_hand,"wrong_hand_count (detected 1, expected 2)"
C:\Users\singh\Desktop\a2 i&v\edited code files\data\raw\BSL_Dataset\2_HAND_DATASET\Z\2210.png,Z,two_hand,"wrong_hand_count (detected 1, expected 2)"
C:\Users\singh\Desktop\a2 i&v\edited code files\data\raw\BSL_Dataset\2_HAND_DATASET\Z\2220.png,Z,two_hand,"wrong_hand_count (detected 1, expected 2)"
C:\Users\singh\Desktop\a2 i&v\edited code files\data\raw\BSL_Dataset\2_HAND_DATASET\Z\2230.png,Z,two_hand,"wrong_hand_count (detected 1, expected 2)"
C:\Users\singh\Desktop\a2 i&v\edited code files\data\raw\BSL_Dataset\2_HAND_DATASET\Z\2265.png,Z,two_hand,"wrong_hand_count (detected 1, expected 2)"
C:\Users\singh\Desktop\a2 i&v\edited code files\data\raw\BSL_Dataset\2_HAND_DATASET\Z\2295.png,Z,two_hand,"wrong_hand_count (detected 1, expected 2)"
C:\Users\singh\Desktop\a2 i&v\edited code files\data\raw\BSL_Dataset\2_HAND_DATASET\Z\2305.png,Z,two_hand,"wrong_hand_count (detected 1, expected 2)"
C:\Users\singh\Desktop\a2 i&v\edited code files\data\raw\BSL_Dataset\2_HAND_DATASET\Z\2325.png,Z,two_hand,"wrong_hand_count (detected 1, expected 2)"
C:\Users\singh\Desktop\a2 i&v\edited code files\data\raw\BSL_Dataset\2_HAND_DATASET\Z\2335.png,Z,two_hand,"wrong_hand_count (detected 1, expected 2)"
C:\Users\singh\Desktop\a2 i&v\edited code files\data\raw\BSL_Dataset\2_HAND_DATASET\Z\2340.png,Z,two_hand,"wrong_hand_count (detected 1, expected 2)"
C:\Users\singh\Desktop\a2 i&v\edited code files\data\raw\BSL_Dataset\2_HAND_DATASET\Z\2360.png,Z,two_hand,"wrong_hand_count (detected 1, expected 2)"
C:\Users\singh\Desktop\a2 i&v\edited code files\data\raw\BSL_Dataset\2_HAND_DATASET\Z\2400.png,Z,two_hand,"wrong_hand_count (detected 1, expected 2)"
C:\Users\singh\Desktop\a2 i&v\edited code files\data\raw\BSL_Dataset\2_HAND_DATASET\Z\2410.png,Z,two_hand,"wrong_hand_count (detected 1, expected 2)"
C:\Users\singh\Desktop\a2 i&v\edited code files\data\raw\BSL_Dataset\2_HAND_DATASET\Z\2420.png,Z,two_hand,"wrong_hand_count (detected 1, expected 2)"
C:\Users\singh\Desktop\a2 i&v\edited code files\data\raw\BSL_Dataset\2_HAND_DATASET\Z\2440.png,Z,two_hand,"wrong_hand_count (detected 1, expected 2)"
C:\Users\singh\Desktop\a2 i&v\edited code files\data\raw\BSL_Dataset\2_HAND_DATASET\Z\2485.png,Z,two_hand,"wrong_hand_count (detected 1, expected 2)"
C:\Users\singh\Desktop\a2 i&v\edited code files\data\raw\BSL_Dataset\2_HAND_DATASET\Z\2515.png,Z,two_hand,"wrong_hand_count (detected 1, expected 2)"
C:\Users\singh\Desktop\a2 i&v\edited code files\data\raw\BSL_Dataset\2_HAND_DATASET\Z\2555.png,Z,two_hand,"wrong_hand_count (detected 1, expected 2)"
C:\Users\singh\Desktop\a2 i&v\edited code files\data\raw\BSL_Dataset\2_HAND_DATASET\Z\2565.png,Z,two_hand,"wrong_hand_count (detected 1, expected 2)"
C:\Users\singh\Desktop\a2 i&v\edited code files\data\raw\BSL_Dataset\2_HAND_DATASET\Z\2575.png,Z,two_hand,"wrong_hand_count (detected 1, expected 2)"
C:\Users\singh\Desktop\a2 i&v\edited code files\data\raw\BSL_Dataset\2_HAND_DATASET\Z\2600.png,Z,two_hand,"wrong_hand_count (detected 1, expected 2)"
C:\Users\singh\Desktop\a2 i&v\edited code files\data\raw\BSL_Dataset\2_HAND_DATASET\Z\2640.png,Z,two_hand,"wrong_hand_count (detected 1, expected 2)"
C:\Users\singh\Desktop\a2 i&v\edited code files\data\raw\BSL_Dataset\2_HAND_DATASET\Z\2660.png,Z,two_hand,"wrong_hand_count (detected 1, expected 2)"
C:\Users\singh\Desktop\a2 i&v\edited code files\data\raw\BSL_Dataset\2_HAND_DATASET\Z\2720.png,Z,two_hand,"wrong_hand_count (detected 1, expected 2)"
C:\Users\singh\Desktop\a2 i&v\edited code files\data\raw\BSL_Dataset\2_HAND_DATASET\Z\275.png,Z,two_hand,"wrong_hand_count (detected 1, expected 2)"
C:\Users\singh\Desktop\a2 i&v\edited code files\data\raw\BSL_Dataset\2_HAND_DATASET\Z\2750.png,Z,two_hand,"wrong_hand_count (detected 1, expected 2)"
C:\Users\singh\Desktop\a2 i&v\edited code files\data\raw\BSL_Dataset\2_HAND_DATASET\Z\2765.png,Z,two_hand,"wrong_hand_count (detected 1, expected 2)"
C:\Users\singh\Desktop\a2 i&v\edited code files\data\raw\BSL_Dataset\2_HAND_DATASET\Z\2770.png,Z,two_hand,"wrong_hand_count (detected 1, expected 2)"
C:\Users\singh\Desktop\a2 i&v\edited code files\data\raw\BSL_Dataset\2_HAND_DATASET\Z\2830.png,Z,two_hand,"wrong_hand_count (detected 1, expected 2)"
C:\Users\singh\Desktop\a2 i&v\edited code files\data\raw\BSL_Dataset\2_HAND_DATASET\Z\2840.png,Z,two_hand,"wrong_hand_count (detected 1, expected 2)"
C:\Users\singh\Desktop\a2 i&v\edited code files\data\raw\BSL_Dataset\2_HAND_DATASET\Z\2845.png,Z,two_hand,"wrong_hand_count (detected 1, expected 2)"
C:\Users\singh\Desktop\a2 i&v\edited code files\data\raw\BSL_Dataset\2_HAND_DATASET\Z\2855.png,Z,two_hand,"wrong_hand_count (detected 1, expected 2)"
C:\Users\singh\Desktop\a2 i&v\edited code files\data\raw\BSL_Dataset\2_HAND_DATASET\Z\2865.png,Z,two_hand,"wrong_hand_count (detected 1, expected 2)"
C:\Users\singh\Desktop\a2 i&v\edited code files\data\raw\BSL_Dataset\2_HAND_DATASET\Z\2870.png,Z,two_hand,"wrong_hand_count (detected 1, expected 2)"
C:\Users\singh\Desktop\a2 i&v\edited code files\data\raw\BSL_Dataset\2_HAND_DATASET\Z\2875.png,Z,two_hand,"wrong_hand_count (detected 1, expected 2)"
C:\Users\singh\Desktop\a2 i&v\edited code files\data\raw\BSL_Dataset\2_HAND_DATASET\Z\2880.png,Z,two_hand,"wrong_hand_count (detected 1, expected 2)"
C:\Users\singh\Desktop\a2 i&v\edited code files\data\raw\BSL_Dataset\2_HAND_DATASET\Z\2895.png,Z,two_hand,"wrong_hand_count (detected 1, expected 2)"
C:\Users\singh\Desktop\a2 i&v\edited code files\data\raw\BSL_Dataset\2_HAND_DATASET\Z\290.png,Z,two_hand,"wrong_hand_count (detected 1, expected 2)"
C:\Users\singh\Desktop\a2 i&v\edited code files\data\raw\BSL_Dataset\2_HAND_DATASET\Z\2915.png,Z,two_hand,"wrong_hand_count (detected 1, expected 2)"
C:\Users\singh\Desktop\a2 i&v\edited code files\data\raw\BSL_Dataset\2_HAND_DATASET\Z\2920.png,Z,two_hand,"wrong_hand_count (detected 1, expected 2)"
C:\Users\singh\Desktop\a2 i&v\edited code files\data\raw\BSL_Dataset\2_HAND_DATASET\Z\2960.png,Z,two_hand,"wrong_hand_count (detected 1, expected 2)"
C:\Users\singh\Desktop\a2 i&v\edited code files\data\raw\BSL_Dataset\2_HAND_DATASET\Z\2995.png,Z,two_hand,"wrong_hand_count (detected 1, expected 2)"
C:\Users\singh\Desktop\a2 i&v\edited code files\data\raw\BSL_Dataset\2_HAND_DATASET\Z\3015.png,Z,two_hand,"wrong_hand_count (detected 1, expected 2)"
C:\Users\singh\Desktop\a2 i&v\edited code files\data\raw\BSL_Dataset\2_HAND_DATASET\Z\305.png,Z,two_hand,"wrong_hand_count (detected 1, expected 2)"
C:\Users\singh\Desktop\a2 i&v\edited code files\data\raw\BSL_Dataset\2_HAND_DATASET\Z\3070.png,Z,two_hand,"wrong_hand_count (detected 1, expected 2)"
C:\Users\singh\Desktop\a2 i&v\edited code files\data\raw\BSL_Dataset\2_HAND_DATASET\Z\3095.png,Z,two_hand,"wrong_hand_count (detected 1, expected 2)"
C:\Users\singh\Desktop\a2 i&v\edited code files\data\raw\BSL_Dataset\2_HAND_DATASET\Z\310.png,Z,two_hand,"wrong_hand_count (detected 1, expected 2)"
C:\Users\singh\Desktop\a2 i&v\edited code files\data\raw\BSL_Dataset\2_HAND_DATASET\Z\3100.png,Z,two_hand,"wrong_hand_count (detected 1, expected 2)"
C:\Users\singh\Desktop\a2 i&v\edited code files\data\raw\BSL_Dataset\2_HAND_DATASET\Z\3135.png,Z,two_hand,"wrong_hand_count (detected 1, expected 2)"
C:\Users\singh\Desktop\a2 i&v\edited code files\data\raw\BSL_Dataset\2_HAND_DATASET\Z\3145.png,Z,two_hand,"wrong_hand_count (detected 1, expected 2)"
C:\Users\singh\Desktop\a2 i&v\edited code files\data\raw\BSL_Dataset\2_HAND_DATASET\Z\3205.png,Z,two_hand,"wrong_hand_count (detected 1, expected 2)"
C:\Users\singh\Desktop\a2 i&v\edited code files\data\raw\BSL_Dataset\2_HAND_DATASET\Z\325.png,Z,two_hand,"wrong_hand_count (detected 1, expected 2)"
C:\Users\singh\Desktop\a2 i&v\edited code files\data\raw\BSL_Dataset\2_HAND_DATASET\Z\3260.png,Z,two_hand,"wrong_hand_count (detected 1, expected 2)"
C:\Users\singh\Desktop\a2 i&v\edited code files\data\raw\BSL_Dataset\2_HAND_DATASET\Z\3270.png,Z,two_hand,"wrong_hand_count (detected 1, expected 2)"
C:\Users\singh\Desktop\a2 i&v\edited code files\data\raw\BSL_Dataset\2_HAND_DATASET\Z\3275.png,Z,two_hand,"wrong_hand_count (detected 1, expected 2)"
C:\Users\singh\Desktop\a2 i&v\edited code files\data\raw\BSL_Dataset\2_HAND_DATASET\Z\3290.png,Z,two_hand,"wrong_hand_count (detected 1, expected 2)"
C:\Users\singh\Desktop\a2 i&v\edited code files\data\raw\BSL_Dataset\2_HAND_DATASET\Z\3320.png,Z,two_hand,"wrong_hand_count (detected 1, expected 2)"
C:\Users\singh\Desktop\a2 i&v\edited code files\data\raw\BSL_Dataset\2_HAND_DATASET\Z\3335.png,Z,two_hand,"wrong_hand_count (detected 1, expected 2)"
C:\Users\singh\Desktop\a2 i&v\edited code files\data\raw\BSL_Dataset\2_HAND_DATASET\Z\3340.png,Z,two_hand,"wrong_hand_count (detected 1, expected 2)"
C:\Users\singh\Desktop\a2 i&v\edited code files\data\raw\BSL_Dataset\2_HAND_DATASET\Z\3385.png,Z,two_hand,"wrong_hand_count (detected 1, expected 2)"
C:\Users\singh\Desktop\a2 i&v\edited code files\data\raw\BSL_Dataset\2_HAND_DATASET\Z\3400.png,Z,two_hand,"wrong_hand_count (detected 1, expected 2)"
C:\Users\singh\Desktop\a2 i&v\edited code files\data\raw\BSL_Dataset\2_HAND_DATASET\Z\3420.png,Z,two_hand,"wrong_hand_count (detected 1, expected 2)"
C:\Users\singh\Desktop\a2 i&v\edited code files\data\raw\BSL_Dataset\2_HAND_DATASET\Z\3440.png,Z,two_hand,"wrong_hand_count (detected 1, expected 2)"
C:\Users\singh\Desktop\a2 i&v\edited code files\data\raw\BSL_Dataset\2_HAND_DATASET\Z\3485.png,Z,two_hand,"wrong_hand_count (detected 1, expected 2)"
C:\Users\singh\Desktop\a2 i&v\edited code files\data\raw\BSL_Dataset\2_HAND_DATASET\Z\3520.png,Z,two_hand,"wrong_hand_count (detected 1, expected 2)"
C:\Users\singh\Desktop\a2 i&v\edited code files\data\raw\BSL_Dataset\2_HAND_DATASET\Z\3530.png,Z,two_hand,"wrong_hand_count (detected 1, expected 2)"
C:\Users\singh\Desktop\a2 i&v\edited code files\data\raw\BSL_Dataset\2_HAND_DATASET\Z\3570.png,Z,two_hand,"wrong_hand_count (detected 1, expected 2)"
C:\Users\singh\Desktop\a2 i&v\edited code files\data\raw\BSL_Dataset\2_HAND_DATASET\Z\360.png,Z,two_hand,"wrong_hand_count (detected 1, expected 2)"
C:\Users\singh\Desktop\a2 i&v\edited code files\data\raw\BSL_Dataset\2_HAND_DATASET\Z\3605.png,Z,two_hand,"wrong_hand_count (detected 1, expected 2)"
C:\Users\singh\Desktop\a2 i&v\edited code files\data\raw\BSL_Dataset\2_HAND_DATASET\Z\3645.png,Z,two_hand,"wrong_hand_count (detected 1, expected 2)"
C:\Users\singh\Desktop\a2 i&v\edited code files\data\raw\BSL_Dataset\2_HAND_DATASET\Z\3725.png,Z,two_hand,"wrong_hand_count (detected 1, expected 2)"
C:\Users\singh\Desktop\a2 i&v\edited code files\data\raw\BSL_Dataset\2_HAND_DATASET\Z\3740.png,Z,two_hand,"wrong_hand_count (detected 1, expected 2)"
C:\Users\singh\Desktop\a2 i&v\edited code files\data\raw\BSL_Dataset\2_HAND_DATASET\Z\3760.png,Z,two_hand,"wrong_hand_count (detected 1, expected 2)"
C:\Users\singh\Desktop\a2 i&v\edited code files\data\raw\BSL_Dataset\2_HAND_DATASET\Z\3790.png,Z,two_hand,"wrong_hand_count (detected 1, expected 2)"
C:\Users\singh\Desktop\a2 i&v\edited code files\data\raw\BSL_Dataset\2_HAND_DATASET\Z\3830.png,Z,two_hand,"wrong_hand_count (detected 1, expected 2)"
C:\Users\singh\Desktop\a2 i&v\edited code files\data\raw\BSL_Dataset\2_HAND_DATASET\Z\3840.png,Z,two_hand,"wrong_hand_count (detected 1, expected 2)"
C:\Users\singh\Desktop\a2 i&v\edited code files\data\raw\BSL_Dataset\2_HAND_DATASET\Z\3845.png,Z,two_hand,"wrong_hand_count (detected 1, expected 2)"
C:\Users\singh\Desktop\a2 i&v\edited code files\data\raw\BSL_Dataset\2_HAND_DATASET\Z\3850.png,Z,two_hand,"wrong_hand_count (detected 1, expected 2)"
C:\Users\singh\Desktop\a2 i&v\edited code files\data\raw\BSL_Dataset\2_HAND_DATASET\Z\3865.png,Z,two_hand,"wrong_hand_count (detected 1, expected 2)"
C:\Users\singh\Desktop\a2 i&v\edited code files\data\raw\BSL_Dataset\2_HAND_DATASET\Z\3870.png,Z,two_hand,"wrong_hand_count (detected 1, expected 2)"
C:\Users\singh\Desktop\a2 i&v\edited code files\data\raw\BSL_Dataset\2_HAND_DATASET\Z\3905.png,Z,two_hand,"wrong_hand_count (detected 1, expected 2)"
C:\Users\singh\Desktop\a2 i&v\edited code files\data\raw\BSL_Dataset\2_HAND_DATASET\Z\3955.png,Z,two_hand,"wrong_hand_count (detected 1, expected 2)"
C:\Users\singh\Desktop\a2 i&v\edited code files\data\raw\BSL_Dataset\2_HAND_DATASET\Z\3970.png,Z,two_hand,"wrong_hand_count (detected 1, expected 2)"
C:\Users\singh\Desktop\a2 i&v\edited code files\data\raw\BSL_Dataset\2_HAND_DATASET\Z\3985.png,Z,two_hand,"wrong_hand_count (detected 1, expected 2)"
C:\Users\singh\Desktop\a2 i&v\edited code files\data\raw\BSL_Dataset\2_HAND_DATASET\Z\4000.png,Z,two_hand,"wrong_hand_count (detected 1, expected 2)"
C:\Users\singh\Desktop\a2 i&v\edited code files\data\raw\BSL_Dataset\2_HAND_DATASET\Z\4035.png,Z,two_hand,"wrong_hand_count (detected 1, expected 2)"
C:\Users\singh\Desktop\a2 i&v\edited code files\data\raw\BSL_Dataset\2_HAND_DATASET\Z\4050.png,Z,two_hand,"wrong_hand_count (detected 1, expected 2)"
C:\Users\singh\Desktop\a2 i&v\edited code files\data\raw\BSL_Dataset\2_HAND_DATASET\Z\4075.png,Z,two_hand,"wrong_hand_count (detected 1, expected 2)"
C:\Users\singh\Desktop\a2 i&v\edited code files\data\raw\BSL_Dataset\2_HAND_DATASET\Z\4085.png,Z,two_hand,"wrong_hand_count (detected 1, expected 2)"
C:\Users\singh\Desktop\a2 i&v\edited code files\data\raw\BSL_Dataset\2_HAND_DATASET\Z\4105.png,Z,two_hand,"wrong_hand_count (detected 1, expected 2)"
C:\Users\singh\Desktop\a2 i&v\edited code files\data\raw\BSL_Dataset\2_HAND_DATASET\Z\4115.png,Z,two_hand,"wrong_hand_count (detected 1, expected 2)"
C:\Users\singh\Desktop\a2 i&v\edited code files\data\raw\BSL_Dataset\2_HAND_DATASET\Z\4125.png,Z,two_hand,"wrong_hand_count (detected 1, expected 2)"
C:\Users\singh\Desktop\a2 i&v\edited code files\data\raw\BSL_Dataset\2_HAND_DATASET\Z\4200.png,Z,two_hand,"wrong_hand_count (detected 1, expected 2)"
C:\Users\singh\Desktop\a2 i&v\edited code files\data\raw\BSL_Dataset\2_HAND_DATASET\Z\4225.png,Z,two_hand,"wrong_hand_count (detected 1, expected 2)"
C:\Users\singh\Desktop\a2 i&v\edited code files\data\raw\BSL_Dataset\2_HAND_DATASET\Z\4260.png,Z,two_hand,"wrong_hand_count (detected 1, expected 2)"
C:\Users\singh\Desktop\a2 i&v\edited code files\data\raw\BSL_Dataset\2_HAND_DATASET\Z\4270.png,Z,two_hand,"wrong_hand_count (detected 1, expected 2)"
C:\Users\singh\Desktop\a2 i&v\edited code files\data\raw\BSL_Dataset\2_HAND_DATASET\Z\4310.png,Z,two_hand,"wrong_hand_count (detected 1, expected 2)"
C:\Users\singh\Desktop\a2 i&v\edited code files\data\raw\BSL_Dataset\2_HAND_DATASET\Z\4325.png,Z,two_hand,"wrong_hand_count (detected 1, expected 2)"
C:\Users\singh\Desktop\a2 i&v\edited code files\data\raw\BSL_Dataset\2_HAND_DATASET\Z\4330.png,Z,two_hand,"wrong_hand_count (detected 1, expected 2)"
C:\Users\singh\Desktop\a2 i&v\edited code files\data\raw\BSL_Dataset\2_HAND_DATASET\Z\4355.png,Z,two_hand,"wrong_hand_count (detected 1, expected 2)"
C:\Users\singh\Desktop\a2 i&v\edited code files\data\raw\BSL_Dataset\2_HAND_DATASET\Z\4395.png,Z,two_hand,"wrong_hand_count (detected 1, expected 2)"
C:\Users\singh\Desktop\a2 i&v\edited code files\data\raw\BSL_Dataset\2_HAND_DATASET\Z\4400.png,Z,two_hand,"wrong_hand_count (detected 1, expected 2)"
C:\Users\singh\Desktop\a2 i&v\edited code files\data\raw\BSL_Dataset\2_HAND_DATASET\Z\4450.png,Z,two_hand,"wrong_hand_count (detected 1, expected 2)"
C:\Users\singh\Desktop\a2 i&v\edited code files\data\raw\BSL_Dataset\2_HAND_DATASET\Z\4465.png,Z,two_hand,"wrong_hand_count (detected 1, expected 2)"
C:\Users\singh\Desktop\a2 i&v\edited code files\data\raw\BSL_Dataset\2_HAND_DATASET\Z\4470.png,Z,two_hand,"wrong_hand_count (detected 1, expected 2)"
C:\Users\singh\Desktop\a2 i&v\edited code files\data\raw\BSL_Dataset\2_HAND_DATASET\Z\4480.png,Z,two_hand,"wrong_hand_count (detected 1, expected 2)"
C:\Users\singh\Desktop\a2 i&v\edited code files\data\raw\BSL_Dataset\2_HAND_DATASET\Z\45.png,Z,two_hand,"wrong_hand_count (detected 1, expected 2)"
C:\Users\singh\Desktop\a2 i&v\edited code files\data\raw\BSL_Dataset\2_HAND_DATASET\Z\4520.png,Z,two_hand,"wrong_hand_count (detected 1, expected 2)"
C:\Users\singh\Desktop\a2 i&v\edited code files\data\raw\BSL_Dataset\2_HAND_DATASET\Z\4550.png,Z,two_hand,"wrong_hand_count (detected 1, expected 2)"
C:\Users\singh\Desktop\a2 i&v\edited code files\data\raw\BSL_Dataset\2_HAND_DATASET\Z\4555.png,Z,two_hand,"wrong_hand_count (detected 1, expected 2)"
C:\Users\singh\Desktop\a2 i&v\edited code files\data\raw\BSL_Dataset\2_HAND_DATASET\Z\4610.png,Z,two_hand,"wrong_hand_count (detected 1, expected 2)"
C:\Users\singh\Desktop\a2 i&v\edited code files\data\raw\BSL_Dataset\2_HAND_DATASET\Z\4675.png,Z,two_hand,"wrong_hand_count (detected 1, expected 2)"
C:\Users\singh\Desktop\a2 i&v\edited code files\data\raw\BSL_Dataset\2_HAND_DATASET\Z\4735.png,Z,two_hand,"wrong_hand_count (detected 1, expected 2)"
C:\Users\singh\Desktop\a2 i&v\edited code files\data\raw\BSL_Dataset\2_HAND_DATASET\Z\4745.png,Z,two_hand,"wrong_hand_count (detected 1, expected 2)"
C:\Users\singh\Desktop\a2 i&v\edited code files\data\raw\BSL_Dataset\2_HAND_DATASET\Z\4770.png,Z,two_hand,"wrong_hand_count (detected 1, expected 2)"
C:\Users\singh\Desktop\a2 i&v\edited code files\data\raw\BSL_Dataset\2_HAND_DATASET\Z\4805.png,Z,two_hand,"wrong_hand_count (detected 1, expected 2)"
C:\Users\singh\Desktop\a2 i&v\edited code files\data\raw\BSL_Dataset\2_HAND_DATASET\Z\4820.png,Z,two_hand,"wrong_hand_count (detected 1, expected 2)"
C:\Users\singh\Desktop\a2 i&v\edited code files\data\raw\BSL_Dataset\2_HAND_DATASET\Z\4870.png,Z,two_hand,"wrong_hand_count (detected 1, expected 2)"
C:\Users\singh\Desktop\a2 i&v\edited code files\data\raw\BSL_Dataset\2_HAND_DATASET\Z\4900.png,Z,two_hand,"wrong_hand_count (detected 1, expected 2)"
C:\Users\singh\Desktop\a2 i&v\edited code files\data\raw\BSL_Dataset\2_HAND_DATASET\Z\4930.png,Z,two_hand,"wrong_hand_count (detected 1, expected 2)"
C:\Users\singh\Desktop\a2 i&v\edited code files\data\raw\BSL_Dataset\2_HAND_DATASET\Z\4935.png,Z,two_hand,"wrong_hand_count (detected 1, expected 2)"
C:\Users\singh\Desktop\a2 i&v\edited code files\data\raw\BSL_Dataset\2_HAND_DATASET\Z\4940.png,Z,two_hand,"wrong_hand_count (detected 1, expected 2)"
C:\Users\singh\Desktop\a2 i&v\edited code files\data\raw\BSL_Dataset\2_HAND_DATASET\Z\4965.png,Z,two_hand,"wrong_hand_count (detected 1, expected 2)"
C:\Users\singh\Desktop\a2 i&v\edited code files\data\raw\BSL_Dataset\2_HAND_DATASET\Z\4995.png,Z,two_hand,"wrong_hand_count (detected 1, expected 2)"
C:\Users\singh\Desktop\a2 i&v\edited code files\data\raw\BSL_Dataset\2_HAND_DATASET\Z\5000.png,Z,two_hand,"wrong_hand_count (detected 1, expected 2)"
C:\Users\singh\Desktop\a2 i&v\edited code files\data\raw\BSL_Dataset\2_HAND_DATASET\Z\590.png,Z,two_hand,"wrong_hand_count (detected 1, expected 2)"
C:\Users\singh\Desktop\a2 i&v\edited code files\data\raw\BSL_Dataset\2_HAND_DATASET\Z\60.png,Z,two_hand,"wrong_hand_count (detected 1, expected 2)"
C:\Users\singh\Desktop\a2 i&v\edited code files\data\raw\BSL_Dataset\2_HAND_DATASET\Z\615.png,Z,two_hand,"wrong_hand_count (detected 1, expected 2)"
C:\Users\singh\Desktop\a2 i&v\edited code files\data\raw\BSL_Dataset\2_HAND_DATASET\Z\665.png,Z,two_hand,"wrong_hand_count (detected 1, expected 2)"
C:\Users\singh\Desktop\a2 i&v\edited code files\data\raw\BSL_Dataset\2_HAND_DATASET\Z\700.png,Z,two_hand,"wrong_hand_count (detected 1, expected 2)"
C:\Users\singh\Desktop\a2 i&v\edited code files\data\raw\BSL_Dataset\2_HAND_DATASET\Z\75.png,Z,two_hand,"wrong_hand_count (detected 1, expected 2)"
C:\Users\singh\Desktop\a2 i&v\edited code files\data\raw\BSL_Dataset\2_HAND_DATASET\Z\785.png,Z,two_hand,"wrong_hand_count (detected 1, expected 2)"
C:\Users\singh\Desktop\a2 i&v\edited code files\data\raw\BSL_Dataset\2_HAND_DATASET\Z\845.png,Z,two_hand,"wrong_hand_count (detected 1, expected 2)"
C:\Users\singh\Desktop\a2 i&v\edited code files\data\raw\BSL_Dataset\2_HAND_DATASET\Z\850.png,Z,two_hand,"wrong_hand_count (detected 1, expected 2)"
C:\Users\singh\Desktop\a2 i&v\edited code files\data\raw\BSL_Dataset\2_HAND_DATASET\Z\885.png,Z,two_hand,"wrong_hand_count (detected 1, expected 2)"
C:\Users\singh\Desktop\a2 i&v\edited code files\data\raw\BSL_Dataset\2_HAND_DATASET\Z\935.png,Z,two_hand,"wrong_hand_count (detected 1, expected 2)"
C:\Users\singh\Desktop\a2 i&v\edited code files\data\raw\BSL_Dataset\2_HAND_DATASET\Z\945.png,Z,two_hand,"wrong_hand_count (detected 1, expected 2)"
C:\Users\singh\Desktop\a2 i&v\edited code files\data\raw\BSL_Dataset\2_HAND_DATASET\Z\95.png,Z,two_hand,"wrong_hand_count (detected 1, expected 2)"
C:\Users\singh\Desktop\a2 i&v\edited code files\data\raw\BSL_Dataset\2_HAND_DATASET\Z\960.png,Z,two_hand,"wrong_hand_count (detected 1, expected 2)"
C:\Users\singh\Desktop\a2 i&v\edited code files\data\raw\BSL_Dataset\2_HAND_DATASET\Z\995.png,Z,two_hand,"wrong_hand_count (detected 1, expected 2)"
C:\Users\singh\Desktop\a2 i&v\edited code files\data\raw\BSL_Dataset\2_HAND_DATASET\10\1015.png,10,two_hand,"wrong_hand_count (detected 1, expected 2)"
C:\Users\singh\Desktop\a2 i&v\edited code files\data\raw\BSL_Dataset\2_HAND_DATASET\10\1020.png,10,two_hand,"wrong_hand_count (detected 1, expected 2)"
C:\Users\singh\Desktop\a2 i&v\edited code files\data\raw\BSL_Dataset\2_HAND_DATASET\10\1025.png,10,two_hand,"wrong_hand_count (detected 1, expected 2)"
C:\Users\singh\Desktop\a2 i&v\edited code files\data\raw\BSL_Dataset\2_HAND_DATASET\10\1030.png,10,two_hand,"wrong_hand_count (detected 1, expected 2)"
C:\Users\singh\Desktop\a2 i&v\edited code files\data\raw\BSL_Dataset\2_HAND_DATASET\10\1035.png,10,two_hand,"wrong_hand_count (detected 1, expected 2)"
C:\Users\singh\Desktop\a2 i&v\edited code files\data\raw\BSL_Dataset\2_HAND_DATASET\10\1045.png,10,two_hand,"wrong_hand_count (detected 1, expected 2)"
C:\Users\singh\Desktop\a2 i&v\edited code files\data\raw\BSL_Dataset\2_HAND_DATASET\10\1070.png,10,two_hand,"wrong_hand_count (detected 1, expected 2)"
C:\Users\singh\Desktop\a2 i&v\edited code files\data\raw\BSL_Dataset\2_HAND_DATASET\10\1160.png,10,two_hand,"wrong_hand_count (detected 1, expected 2)"
C:\Users\singh\Desktop\a2 i&v\edited code files\data\raw\BSL_Dataset\2_HAND_DATASET\10\1165.png,10,two_hand,"wrong_hand_count (detected 1, expected 2)"
C:\Users\singh\Desktop\a2 i&v\edited code files\data\raw\BSL_Dataset\2_HAND_DATASET\10\1195.png,10,two_hand,"wrong_hand_count (detected 1, expected 2)"
C:\Users\singh\Desktop\a2 i&v\edited code files\data\raw\BSL_Dataset\2_HAND_DATASET\10\1230.png,10,two_hand,"wrong_hand_count (detected 1, expected 2)"
C:\Users\singh\Desktop\a2 i&v\edited code files\data\raw\BSL_Dataset\2_HAND_DATASET\10\1270.png,10,two_hand,"wrong_hand_count (detected 1, expected 2)"
C:\Users\singh\Desktop\a2 i&v\edited code files\data\raw\BSL_Dataset\2_HAND_DATASET\10\1280.png,10,two_hand,"wrong_hand_count (detected 1, expected 2)"
C:\Users\singh\Desktop\a2 i&v\edited code files\data\raw\BSL_Dataset\2_HAND_DATASET\10\1285.png,10,two_hand,"wrong_hand_count (detected 1, expected 2)"
C:\Users\singh\Desktop\a2 i&v\edited code files\data\raw\BSL_Dataset\2_HAND_DATASET\10\1315.png,10,two_hand,"wrong_hand_count (detected 1, expected 2)"
C:\Users\singh\Desktop\a2 i&v\edited code files\data\raw\BSL_Dataset\2_HAND_DATASET\10\1325.png,10,two_hand,"wrong_hand_count (detected 1, expected 2)"
C:\Users\singh\Desktop\a2 i&v\edited code files\data\raw\BSL_Dataset\2_HAND_DATASET\10\1335.png,10,two_hand,"wrong_hand_count (detected 1, expected 2)"
C:\Users\singh\Desktop\a2 i&v\edited code files\data\raw\BSL_Dataset\2_HAND_DATASET\10\1400.png,10,two_hand,"wrong_hand_count (detected 1, expected 2)"
C:\Users\singh\Desktop\a2 i&v\edited code files\data\raw\BSL_Dataset\2_HAND_DATASET\10\1405.png,10,two_hand,"wrong_hand_count (detected 1, expected 2)"
C:\Users\singh\Desktop\a2 i&v\edited code files\data\raw\BSL_Dataset\2_HAND_DATASET\10\1430.png,10,two_hand,"wrong_hand_count (detected 1, expected 2)"
C:\Users\singh\Desktop\a2 i&v\edited code files\data\raw\BSL_Dataset\2_HAND_DATASET\10\1460.png,10,two_hand,"wrong_hand_count (detected 1, expected 2)"
C:\Users\singh\Desktop\a2 i&v\edited code files\data\raw\BSL_Dataset\2_HAND_DATASET\10\1465.png,10,two_hand,"wrong_hand_count (detected 1, expected 2)"
C:\Users\singh\Desktop\a2 i&v\edited code files\data\raw\BSL_Dataset\2_HAND_DATASET\10\1475.png,10,two_hand,"wrong_hand_count (detected 1, expected 2)"
C:\Users\singh\Desktop\a2 i&v\edited code files\data\raw\BSL_Dataset\2_HAND_DATASET\10\1535.png,10,two_hand,"wrong_hand_count (detected 1, expected 2)"
C:\Users\singh\Desktop\a2 i&v\edited code files\data\raw\BSL_Dataset\2_HAND_DATASET\10\1540.png,10,two_hand,"wrong_hand_count (detected 1, expected 2)"
C:\Users\singh\Desktop\a2 i&v\edited code files\data\raw\BSL_Dataset\2_HAND_DATASET\10\1765.png,10,two_hand,"wrong_hand_count (detected 1, expected 2)"
C:\Users\singh\Desktop\a2 i&v\edited code files\data\raw\BSL_Dataset\2_HAND_DATASET\10\1840.png,10,two_hand,"wrong_hand_count (detected 1, expected 2)"
C:\Users\singh\Desktop\a2 i&v\edited code files\data\raw\BSL_Dataset\2_HAND_DATASET\10\2070.png,10,two_hand,"wrong_hand_count (detected 1, expected 2)"
C:\Users\singh\Desktop\a2 i&v\edited code files\data\raw\BSL_Dataset\2_HAND_DATASET\10\2130.png,10,two_hand,"wrong_hand_count (detected 1, expected 2)"
C:\Users\singh\Desktop\a2 i&v\edited code files\data\raw\BSL_Dataset\2_HAND_DATASET\10\2185.png,10,two_hand,"wrong_hand_count (detected 1, expected 2)"
C:\Users\singh\Desktop\a2 i&v\edited code files\data\raw\BSL_Dataset\2_HAND_DATASET\10\2210.png,10,two_hand,"wrong_hand_count (detected 1, expected 2)"
C:\Users\singh\Desktop\a2 i&v\edited code files\data\raw\BSL_Dataset\2_HAND_DATASET\10\2290.png,10,two_hand,no_hands
C:\Users\singh\Desktop\a2 i&v\edited code files\data\raw\BSL_Dataset\2_HAND_DATASET\10\2325.png,10,two_hand,"wrong_hand_count (detected 1, expected 2)"
C:\Users\singh\Desktop\a2 i&v\edited code files\data\raw\BSL_Dataset\2_HAND_DATASET\10\2335.png,10,two_hand,"wrong_hand_count (detected 1, expected 2)"
C:\Users\singh\Desktop\a2 i&v\edited code files\data\raw\BSL_Dataset\2_HAND_DATASET\10\2390.png,10,two_hand,no_hands
C:\Users\singh\Desktop\a2 i&v\edited code files\data\raw\BSL_Dataset\2_HAND_DATASET\10\2400.png,10,two_hand,"wrong_hand_count (detected 1, expected 2)"
C:\Users\singh\Desktop\a2 i&v\edited code files\data\raw\BSL_Dataset\2_HAND_DATASET\10\2410.png,10,two_hand,"wrong_hand_count (detected 1, expected 2)"
C:\Users\singh\Desktop\a2 i&v\edited code files\data\raw\BSL_Dataset\2_HAND_DATASET\10\2480.png,10,two_hand,no_hands
C:\Users\singh\Desktop\a2 i&v\edited code files\data\raw\BSL_Dataset\2_HAND_DATASET\10\2515.png,10,two_hand,"wrong_hand_count (detected 1, expected 2)"
C:\Users\singh\Desktop\a2 i&v\edited code files\data\raw\BSL_Dataset\2_HAND_DATASET\10\2615.png,10,two_hand,"wrong_hand_count (detected 1, expected 2)"
C:\Users\singh\Desktop\a2 i&v\edited code files\data\raw\BSL_Dataset\2_HAND_DATASET\10\2700.png,10,two_hand,"wrong_hand_count (detected 1, expected 2)"
C:\Users\singh\Desktop\a2 i&v\edited code files\data\raw\BSL_Dataset\2_HAND_DATASET\10\2790.png,10,two_hand,"wrong_hand_count (detected 1, expected 2)"
C:\Users\singh\Desktop\a2 i&v\edited code files\data\raw\BSL_Dataset\2_HAND_DATASET\10\2810.png,10,two_hand,"wrong_hand_count (detected 1, expected 2)"
C:\Users\singh\Desktop\a2 i&v\edited code files\data\raw\BSL_Dataset\2_HAND_DATASET\10\2945.png,10,two_hand,"wrong_hand_count (detected 1, expected 2)"
C:\Users\singh\Desktop\a2 i&v\edited code files\data\raw\BSL_Dataset\2_HAND_DATASET\10\2960.png,10,two_hand,"wrong_hand_count (detected 1, expected 2)"
C:\Users\singh\Desktop\a2 i&v\edited code files\data\raw\BSL_Dataset\2_HAND_DATASET\10\3140.png,10,two_hand,"wrong_hand_count (detected 1, expected 2)"
C:\Users\singh\Desktop\a2 i&v\edited code files\data\raw\BSL_Dataset\2_HAND_DATASET\10\3230.png,10,two_hand,"wrong_hand_count (detected 1, expected 2)"
C:\Users\singh\Desktop\a2 i&v\edited code files\data\raw\BSL_Dataset\2_HAND_DATASET\10\3255.png,10,two_hand,"wrong_hand_count (detected 1, expected 2)"
C:\Users\singh\Desktop\a2 i&v\edited code files\data\raw\BSL_Dataset\2_HAND_DATASET\10\3285.png,10,two_hand,"wrong_hand_count (detected 1, expected 2)"
C:\Users\singh\Desktop\a2 i&v\edited code files\data\raw\BSL_Dataset\2_HAND_DATASET\10\3295.png,10,two_hand,"wrong_hand_count (detected 1, expected 2)"
C:\Users\singh\Desktop\a2 i&v\edited code files\data\raw\BSL_Dataset\2_HAND_DATASET\10\3360.png,10,two_hand,"wrong_hand_count (detected 1, expected 2)"
C:\Users\singh\Desktop\a2 i&v\edited code files\data\raw\BSL_Dataset\2_HAND_DATASET\10\3395.png,10,two_hand,"wrong_hand_count (detected 1, expected 2)"
C:\Users\singh\Desktop\a2 i&v\edited code files\data\raw\BSL_Dataset\2_HAND_DATASET\10\3420.png,10,two_hand,"wrong_hand_count (detected 1, expected 2)"
C:\Users\singh\Desktop\a2 i&v\edited code files\data\raw\BSL_Dataset\2_HAND_DATASET\10\3590.png,10,two_hand,"wrong_hand_count (detected 1, expected 2)"
C:\Users\singh\Desktop\a2 i&v\edited code files\data\raw\BSL_Dataset\2_HAND_DATASET\10\3640.png,10,two_hand,"wrong_hand_count (detected 1, expected 2)"
C:\Users\singh\Desktop\a2 i&v\edited code files\data\raw\BSL_Dataset\2_HAND_DATASET\10\3660.png,10,two_hand,"wrong_hand_count (detected 1, expected 2)"
C:\Users\singh\Desktop\a2 i&v\edited code files\data\raw\BSL_Dataset\2_HAND_DATASET\10\3730.png,10,two_hand,"wrong_hand_count (detected 1, expected 2)"
C:\Users\singh\Desktop\a2 i&v\edited code files\data\raw\BSL_Dataset\2_HAND_DATASET\10\3770.png,10,two_hand,"wrong_hand_count (detected 1, expected 2)"
C:\Users\singh\Desktop\a2 i&v\edited code files\data\raw\BSL_Dataset\2_HAND_DATASET\10\3950.png,10,two_hand,"wrong_hand_count (detected 1, expected 2)"
C:\Users\singh\Desktop\a2 i&v\edited code files\data\raw\BSL_Dataset\2_HAND_DATASET\10\400.png,10,two_hand,"wrong_hand_count (detected 1, expected 2)"
C:\Users\singh\Desktop\a2 i&v\edited code files\data\raw\BSL_Dataset\2_HAND_DATASET\10\4075.png,10,two_hand,"wrong_hand_count (detected 1, expected 2)"
C:\Users\singh\Desktop\a2 i&v\edited code files\data\raw\BSL_Dataset\2_HAND_DATASET\10\4085.png,10,two_hand,"wrong_hand_count (detected 1, expected 2)"
C:\Users\singh\Desktop\a2 i&v\edited code files\data\raw\BSL_Dataset\2_HAND_DATASET\10\4105.png,10,two_hand,"wrong_hand_count (detected 1, expected 2)"
C:\Users\singh\Desktop\a2 i&v\edited code files\data\raw\BSL_Dataset\2_HAND_DATASET\10\415.png,10,two_hand,"wrong_hand_count (detected 1, expected 2)"
C:\Users\singh\Desktop\a2 i&v\edited code files\data\raw\BSL_Dataset\2_HAND_DATASET\10\4225.png,10,two_hand,"wrong_hand_count (detected 1, expected 2)"
C:\Users\singh\Desktop\a2 i&v\edited code files\data\raw\BSL_Dataset\2_HAND_DATASET\10\4270.png,10,two_hand,"wrong_hand_count (detected 1, expected 2)"
C:\Users\singh\Desktop\a2 i&v\edited code files\data\raw\BSL_Dataset\2_HAND_DATASET\10\4310.png,10,two_hand,"wrong_hand_count (detected 1, expected 2)"
C:\Users\singh\Desktop\a2 i&v\edited code files\data\raw\BSL_Dataset\2_HAND_DATASET\10\4340.png,10,two_hand,"wrong_hand_count (detected 1, expected 2)"
C:\Users\singh\Desktop\a2 i&v\edited code files\data\raw\BSL_Dataset\2_HAND_DATASET\10\4455.png,10,two_hand,"wrong_hand_count (detected 1, expected 2)"
C:\Users\singh\Desktop\a2 i&v\edited code files\data\raw\BSL_Dataset\2_HAND_DATASET\10\45.png,10,two_hand,"wrong_hand_count (detected 1, expected 2)"
C:\Users\singh\Desktop\a2 i&v\edited code files\data\raw\BSL_Dataset\2_HAND_DATASET\10\4620.png,10,two_hand,"wrong_hand_count (detected 1, expected 2)"
C:\Users\singh\Desktop\a2 i&v\edited code files\data\raw\BSL_Dataset\2_HAND_DATASET\10\4655.png,10,two_hand,"wrong_hand_count (detected 1, expected 2)"
C:\Users\singh\Desktop\a2 i&v\edited code files\data\raw\BSL_Dataset\2_HAND_DATASET\10\4765.png,10,two_hand,"wrong_hand_count (detected 1, expected 2)"
C:\Users\singh\Desktop\a2 i&v\edited code files\data\raw\BSL_Dataset\2_HAND_DATASET\10\4785.png,10,two_hand,"wrong_hand_count (detected 1, expected 2)"
C:\Users\singh\Desktop\a2 i&v\edited code files\data\raw\BSL_Dataset\2_HAND_DATASET\10\4840.png,10,two_hand,"wrong_hand_count (detected 1, expected 2)"
C:\Users\singh\Desktop\a2 i&v\edited code files\data\raw\BSL_Dataset\2_HAND_DATASET\10\4900.png,10,two_hand,"wrong_hand_count (detected 1, expected 2)"
C:\Users\singh\Desktop\a2 i&v\edited code files\data\raw\BSL_Dataset\2_HAND_DATASET\10\5.png,10,two_hand,"wrong_hand_count (detected 1, expected 2)"
C:\Users\singh\Desktop\a2 i&v\edited code files\data\raw\BSL_Dataset\2_HAND_DATASET\10\50.png,10,two_hand,"wrong_hand_count (detected 1, expected 2)"
C:\Users\singh\Desktop\a2 i&v\edited code files\data\raw\BSL_Dataset\2_HAND_DATASET\10\555.png,10,two_hand,"wrong_hand_count (detected 1, expected 2)"
C:\Users\singh\Desktop\a2 i&v\edited code files\data\raw\BSL_Dataset\2_HAND_DATASET\10\595.png,10,two_hand,"wrong_hand_count (detected 1, expected 2)"
C:\Users\singh\Desktop\a2 i&v\edited code files\data\raw\BSL_Dataset\2_HAND_DATASET\10\640.png,10,two_hand,"wrong_hand_count (detected 1, expected 2)"
C:\Users\singh\Desktop\a2 i&v\edited code files\data\raw\BSL_Dataset\2_HAND_DATASET\10\650.png,10,two_hand,"wrong_hand_count (detected 1, expected 2)"
C:\Users\singh\Desktop\a2 i&v\edited code files\data\raw\BSL_Dataset\2_HAND_DATASET\10\665.png,10,two_hand,"wrong_hand_count (detected 1, expected 2)"
C:\Users\singh\Desktop\a2 i&v\edited code files\data\raw\BSL_Dataset\2_HAND_DATASET\10\670.png,10,two_hand,"wrong_hand_count (detected 1, expected 2)"
C:\Users\singh\Desktop\a2 i&v\edited code files\data\raw\BSL_Dataset\2_HAND_DATASET\10\675.png,10,two_hand,"wrong_hand_count (detected 1, expected 2)"
C:\Users\singh\Desktop\a2 i&v\edited code files\data\raw\BSL_Dataset\2_HAND_DATASET\10\710.png,10,two_hand,"wrong_hand_count (detected 1, expected 2)"
C:\Users\singh\Desktop\a2 i&v\edited code files\data\raw\BSL_Dataset\2_HAND_DATASET\10\725.png,10,two_hand,"wrong_hand_count (detected 1, expected 2)"
C:\Users\singh\Desktop\a2 i&v\edited code files\data\raw\BSL_Dataset\2_HAND_DATASET\10\90.png,10,two_hand,"wrong_hand_count (detected 1, expected 2)"
C:\Users\singh\Desktop\a2 i&v\edited code files\data\raw\BSL_Dataset\2_HAND_DATASET\10\930.png,10,two_hand,"wrong_hand_count (detected 1, expected 2)"
C:\Users\singh\Desktop\a2 i&v\edited code files\data\raw\BSL_Dataset\2_HAND_DATASET\10\980.png,10,two_hand,"wrong_hand_count (detected 1, expected 2)"
C:\Users\singh\Desktop\a2 i&v\edited code files\data\raw\BSL_Dataset\1_HAND_DATASET\C\1035.png,C,one_hand,no_hands
C:\Users\singh\Desktop\a2 i&v\edited code files\data\raw\BSL_Dataset\1_HAND_DATASET\C\1040.png,C,one_hand,no_hands
C:\Users\singh\Desktop\a2 i&v\edited code files\data\raw\BSL_Dataset\1_HAND_DATASET\C\1170.png,C,one_hand,no_hands
C:\Users\singh\Desktop\a2 i&v\edited code files\data\raw\BSL_Dataset\1_HAND_DATASET\C\125.png,C,one_hand,no_hands
C:\Users\singh\Desktop\a2 i&v\edited code files\data\raw\BSL_Dataset\1_HAND_DATASET\C\1305.png,C,one_hand,no_hands
C:\Users\singh\Desktop\a2 i&v\edited code files\data\raw\BSL_Dataset\1_HAND_DATASET\C\1355.png,C,one_hand,no_hands
C:\Users\singh\Desktop\a2 i&v\edited code files\data\raw\BSL_Dataset\1_HAND_DATASET\C\1500.png,C,one_hand,no_hands
C:\Users\singh\Desktop\a2 i&v\edited code files\data\raw\BSL_Dataset\1_HAND_DATASET\C\1900.png,C,one_hand,no_hands
C:\Users\singh\Desktop\a2 i&v\edited code files\data\raw\BSL_Dataset\1_HAND_DATASET\C\2065.png,C,one_hand,no_hands
C:\Users\singh\Desktop\a2 i&v\edited code files\data\raw\BSL_Dataset\1_HAND_DATASET\C\2070.png,C,one_hand,no_hands
C:\Users\singh\Desktop\a2 i&v\edited code files\data\raw\BSL_Dataset\1_HAND_DATASET\C\2075.png,C,one_hand,no_hands
C:\Users\singh\Desktop\a2 i&v\edited code files\data\raw\BSL_Dataset\1_HAND_DATASET\C\2090.png,C,one_hand,no_hands
C:\Users\singh\Desktop\a2 i&v\edited code files\data\raw\BSL_Dataset\1_HAND_DATASET\C\2095.png,C,one_hand,no_hands
C:\Users\singh\Desktop\a2 i&v\edited code files\data\raw\BSL_Dataset\1_HAND_DATASET\C\2100.png,C,one_hand,no_hands
C:\Users\singh\Desktop\a2 i&v\edited code files\data\raw\BSL_Dataset\1_HAND_DATASET\C\2105.png,C,one_hand,no_hands
C:\Users\singh\Desktop\a2 i&v\edited code files\data\raw\BSL_Dataset\1_HAND_DATASET\C\2160.png,C,one_hand,no_hands
C:\Users\singh\Desktop\a2 i&v\edited code files\data\raw\BSL_Dataset\1_HAND_DATASET\C\2200.png,C,one_hand,no_hands
C:\Users\singh\Desktop\a2 i&v\edited code files\data\raw\BSL_Dataset\1_HAND_DATASET\C\2225.png,C,one_hand,no_hands
C:\Users\singh\Desktop\a2 i&v\edited code files\data\raw\BSL_Dataset\1_HAND_DATASET\C\2230.png,C,one_hand,no_hands
C:\Users\singh\Desktop\a2 i&v\edited code files\data\raw\BSL_Dataset\1_HAND_DATASET\C\2235.png,C,one_hand,no_hands
C:\Users\singh\Desktop\a2 i&v\edited code files\data\raw\BSL_Dataset\1_HAND_DATASET\C\2240.png,C,one_hand,no_hands
C:\Users\singh\Desktop\a2 i&v\edited code files\data\raw\BSL_Dataset\1_HAND_DATASET\C\2310.png,C,one_hand,no_hands
C:\Users\singh\Desktop\a2 i&v\edited code files\data\raw\BSL_Dataset\1_HAND_DATASET\C\2315.png,C,one_hand,no_hands
C:\Users\singh\Desktop\a2 i&v\edited code files\data\raw\BSL_Dataset\1_HAND_DATASET\C\2320.png,C,one_hand,no_hands
C:\Users\singh\Desktop\a2 i&v\edited code files\data\raw\BSL_Dataset\1_HAND_DATASET\C\2345.png,C,one_hand,no_hands
C:\Users\singh\Desktop\a2 i&v\edited code files\data\raw\BSL_Dataset\1_HAND_DATASET\C\2415.png,C,one_hand,no_hands
C:\Users\singh\Desktop\a2 i&v\edited code files\data\raw\BSL_Dataset\1_HAND_DATASET\C\2430.png,C,one_hand,no_hands
C:\Users\singh\Desktop\a2 i&v\edited code files\data\raw\BSL_Dataset\1_HAND_DATASET\C\2435.png,C,one_hand,no_hands
C:\Users\singh\Desktop\a2 i&v\edited code files\data\raw\BSL_Dataset\1_HAND_DATASET\C\2455.png,C,one_hand,no_hands
C:\Users\singh\Desktop\a2 i&v\edited code files\data\raw\BSL_Dataset\1_HAND_DATASET\C\2460.png,C,one_hand,no_hands
C:\Users\singh\Desktop\a2 i&v\edited code files\data\raw\BSL_Dataset\1_HAND_DATASET\C\2550.png,C,one_hand,no_hands
C:\Users\singh\Desktop\a2 i&v\edited code files\data\raw\BSL_Dataset\1_HAND_DATASET\C\2565.png,C,one_hand,no_hands
C:\Users\singh\Desktop\a2 i&v\edited code files\data\raw\BSL_Dataset\1_HAND_DATASET\C\2570.png,C,one_hand,no_hands
C:\Users\singh\Desktop\a2 i&v\edited code files\data\raw\BSL_Dataset\1_HAND_DATASET\C\2665.png,C,one_hand,no_hands
C:\Users\singh\Desktop\a2 i&v\edited code files\data\raw\BSL_Dataset\1_HAND_DATASET\C\2675.png,C,one_hand,no_hands
C:\Users\singh\Desktop\a2 i&v\edited code files\data\raw\BSL_Dataset\1_HAND_DATASET\C\2790.png,C,one_hand,no_hands
C:\Users\singh\Desktop\a2 i&v\edited code files\data\raw\BSL_Dataset\1_HAND_DATASET\C\2895.png,C,one_hand,no_hands
C:\Users\singh\Desktop\a2 i&v\edited code files\data\raw\BSL_Dataset\1_HAND_DATASET\C\2910.png,C,one_hand,no_hands
C:\Users\singh\Desktop\a2 i&v\edited code files\data\raw\BSL_Dataset\1_HAND_DATASET\C\2915.png,C,one_hand,no_hands
C:\Users\singh\Desktop\a2 i&v\edited code files\data\raw\BSL_Dataset\1_HAND_DATASET\C\3000.png,C,one_hand,no_hands
C:\Users\singh\Desktop\a2 i&v\edited code files\data\raw\BSL_Dataset\1_HAND_DATASET\C\3025.png,C,one_hand,no_hands
C:\Users\singh\Desktop\a2 i&v\edited code files\data\raw\BSL_Dataset\1_HAND_DATASET\C\3130.png,C,one_hand,no_hands
C:\Users\singh\Desktop\a2 i&v\edited code files\data\raw\BSL_Dataset\1_HAND_DATASET\C\3135.png,C,one_hand,no_hands
C:\Users\singh\Desktop\a2 i&v\edited code files\data\raw\BSL_Dataset\1_HAND_DATASET\C\3140.png,C,one_hand,no_hands
C:\Users\singh\Desktop\a2 i&v\edited code files\data\raw\BSL_Dataset\1_HAND_DATASET\C\3350.png,C,one_hand,no_hands
C:\Users\singh\Desktop\a2 i&v\edited code files\data\raw\BSL_Dataset\1_HAND_DATASET\C\3570.png,C,one_hand,no_hands
C:\Users\singh\Desktop\a2 i&v\edited code files\data\raw\BSL_Dataset\1_HAND_DATASET\C\3575.png,C,one_hand,no_hands
C:\Users\singh\Desktop\a2 i&v\edited code files\data\raw\BSL_Dataset\1_HAND_DATASET\C\3580.png,C,one_hand,no_hands
C:\Users\singh\Desktop\a2 i&v\edited code files\data\raw\BSL_Dataset\1_HAND_DATASET\C\3585.png,C,one_hand,no_hands
C:\Users\singh\Desktop\a2 i&v\edited code files\data\raw\BSL_Dataset\1_HAND_DATASET\C\3590.png,C,one_hand,no_hands
C:\Users\singh\Desktop\a2 i&v\edited code files\data\raw\BSL_Dataset\1_HAND_DATASET\C\3685.png,C,one_hand,no_hands
C:\Users\singh\Desktop\a2 i&v\edited code files\data\raw\BSL_Dataset\1_HAND_DATASET\C\3690.png,C,one_hand,no_hands
C:\Users\singh\Desktop\a2 i&v\edited code files\data\raw\BSL_Dataset\1_HAND_DATASET\C\3700.png,C,one_hand,no_hands
C:\Users\singh\Desktop\a2 i&v\edited code files\data\raw\BSL_Dataset\1_HAND_DATASET\C\3790.png,C,one_hand,no_hands
C:\Users\singh\Desktop\a2 i&v\edited code files\data\raw\BSL_Dataset\1_HAND_DATASET\C\3805.png,C,one_hand,no_hands
C:\Users\singh\Desktop\a2 i&v\edited code files\data\raw\BSL_Dataset\1_HAND_DATASET\C\4205.png,C,one_hand,no_hands
C:\Users\singh\Desktop\a2 i&v\edited code files\data\raw\BSL_Dataset\1_HAND_DATASET\C\4395.png,C,one_hand,no_hands
C:\Users\singh\Desktop\a2 i&v\edited code files\data\raw\BSL_Dataset\1_HAND_DATASET\C\4500.png,C,one_hand,no_hands
C:\Users\singh\Desktop\a2 i&v\edited code files\data\raw\BSL_Dataset\1_HAND_DATASET\C\4530.png,C,one_hand,no_hands
C:\Users\singh\Desktop\a2 i&v\edited code files\data\raw\BSL_Dataset\1_HAND_DATASET\C\4620.png,C,one_hand,no_hands
C:\Users\singh\Desktop\a2 i&v\edited code files\data\raw\BSL_Dataset\1_HAND_DATASET\C\4770.png,C,one_hand,no_hands
C:\Users\singh\Desktop\a2 i&v\edited code files\data\raw\BSL_Dataset\1_HAND_DATASET\C\4785.png,C,one_hand,no_hands
C:\Users\singh\Desktop\a2 i&v\edited code files\data\raw\BSL_Dataset\1_HAND_DATASET\C\4805.png,C,one_hand,no_hands
C:\Users\singh\Desktop\a2 i&v\edited code files\data\raw\BSL_Dataset\1_HAND_DATASET\C\4835.png,C,one_hand,no_hands
C:\Users\singh\Desktop\a2 i&v\edited code files\data\raw\BSL_Dataset\1_HAND_DATASET\C\4855.png,C,one_hand,no_hands
C:\Users\singh\Desktop\a2 i&v\edited code files\data\raw\BSL_Dataset\1_HAND_DATASET\0\1095.png,0,one_hand,no_hands
C:\Users\singh\Desktop\a2 i&v\edited code files\data\raw\BSL_Dataset\1_HAND_DATASET\0\1890.png,0,one_hand,no_hands
C:\Users\singh\Desktop\a2 i&v\edited code files\data\raw\BSL_Dataset\1_HAND_DATASET\0\1930.png,0,one_hand,no_hands
C:\Users\singh\Desktop\a2 i&v\edited code files\data\raw\BSL_Dataset\1_HAND_DATASET\0\2015.png,0,one_hand,no_hands
C:\Users\singh\Desktop\a2 i&v\edited code files\data\raw\BSL_Dataset\1_HAND_DATASET\0\2020.png,0,one_hand,no_hands
C:\Users\singh\Desktop\a2 i&v\edited code files\data\raw\BSL_Dataset\1_HAND_DATASET\0\2025.png,0,one_hand,no_hands
C:\Users\singh\Desktop\a2 i&v\edited code files\data\raw\BSL_Dataset\1_HAND_DATASET\0\2040.png,0,one_hand,no_hands
C:\Users\singh\Desktop\a2 i&v\edited code files\data\raw\BSL_Dataset\1_HAND_DATASET\0\2050.png,0,one_hand,no_hands
C:\Users\singh\Desktop\a2 i&v\edited code files\data\raw\BSL_Dataset\1_HAND_DATASET\0\2070.png,0,one_hand,no_hands
C:\Users\singh\Desktop\a2 i&v\edited code files\data\raw\BSL_Dataset\1_HAND_DATASET\0\2090.png,0,one_hand,no_hands
C:\Users\singh\Desktop\a2 i&v\edited code files\data\raw\BSL_Dataset\1_HAND_DATASET\0\2095.png,0,one_hand,no_hands
C:\Users\singh\Desktop\a2 i&v\edited code files\data\raw\BSL_Dataset\1_HAND_DATASET\0\2100.png,0,one_hand,no_hands
C:\Users\singh\Desktop\a2 i&v\edited code files\data\raw\BSL_Dataset\1_HAND_DATASET\0\2150.png,0,one_hand,no_hands
C:\Users\singh\Desktop\a2 i&v\edited code files\data\raw\BSL_Dataset\1_HAND_DATASET\0\2155.png,0,one_hand,no_hands
C:\Users\singh\Desktop\a2 i&v\edited code files\data\raw\BSL_Dataset\1_HAND_DATASET\0\2160.png,0,one_hand,no_hands
C:\Users\singh\Desktop\a2 i&v\edited code files\data\raw\BSL_Dataset\1_HAND_DATASET\0\2175.png,0,one_hand,no_hands
C:\Users\singh\Desktop\a2 i&v\edited code files\data\raw\BSL_Dataset\1_HAND_DATASET\0\2180.png,0,one_hand,no_hands
C:\Users\singh\Desktop\a2 i&v\edited code files\data\raw\BSL_Dataset\1_HAND_DATASET\0\2185.png,0,one_hand,no_hands
C:\Users\singh\Desktop\a2 i&v\edited code files\data\raw\BSL_Dataset\1_HAND_DATASET\0\2195.png,0,one_hand,no_hands
C:\Users\singh\Desktop\a2 i&v\edited code files\data\raw\BSL_Dataset\1_HAND_DATASET\0\2210.png,0,one_hand,no_hands
C:\Users\singh\Desktop\a2 i&v\edited code files\data\raw\BSL_Dataset\1_HAND_DATASET\0\2225.png,0,one_hand,no_hands
C:\Users\singh\Desktop\a2 i&v\edited code files\data\raw\BSL_Dataset\1_HAND_DATASET\0\2250.png,0,one_hand,no_hands
C:\Users\singh\Desktop\a2 i&v\edited code files\data\raw\BSL_Dataset\1_HAND_DATASET\0\2255.png,0,one_hand,no_hands
C:\Users\singh\Desktop\a2 i&v\edited code files\data\raw\BSL_Dataset\1_HAND_DATASET\0\2290.png,0,one_hand,no_hands
C:\Users\singh\Desktop\a2 i&v\edited code files\data\raw\BSL_Dataset\1_HAND_DATASET\0\2295.png,0,one_hand,no_hands
C:\Users\singh\Desktop\a2 i&v\edited code files\data\raw\BSL_Dataset\1_HAND_DATASET\0\2300.png,0,one_hand,no_hands
C:\Users\singh\Desktop\a2 i&v\edited code files\data\raw\BSL_Dataset\1_HAND_DATASET\0\2305.png,0,one_hand,no_hands
C:\Users\singh\Desktop\a2 i&v\edited code files\data\raw\BSL_Dataset\1_HAND_DATASET\0\2310.png,0,one_hand,no_hands
C:\Users\singh\Desktop\a2 i&v\edited code files\data\raw\BSL_Dataset\1_HAND_DATASET\0\2325.png,0,one_hand,no_hands
C:\Users\singh\Desktop\a2 i&v\edited code files\data\raw\BSL_Dataset\1_HAND_DATASET\0\2340.png,0,one_hand,no_hands
C:\Users\singh\Desktop\a2 i&v\edited code files\data\raw\BSL_Dataset\1_HAND_DATASET\0\2350.png,0,one_hand,no_hands
C:\Users\singh\Desktop\a2 i&v\edited code files\data\raw\BSL_Dataset\1_HAND_DATASET\0\2360.png,0,one_hand,no_hands
C:\Users\singh\Desktop\a2 i&v\edited code files\data\raw\BSL_Dataset\1_HAND_DATASET\0\2365.png,0,one_hand,no_hands
C:\Users\singh\Desktop\a2 i&v\edited code files\data\raw\BSL_Dataset\1_HAND_DATASET\0\2370.png,0,one_hand,no_hands
C:\Users\singh\Desktop\a2 i&v\edited code files\data\raw\BSL_Dataset\1_HAND_DATASET\0\2375.png,0,one_hand,no_hands
C:\Users\singh\Desktop\a2 i&v\edited code files\data\raw\BSL_Dataset\1_HAND_DATASET\0\2380.png,0,one_hand,no_hands
C:\Users\singh\Desktop\a2 i&v\edited code files\data\raw\BSL_Dataset\1_HAND_DATASET\0\2385.png,0,one_hand,no_hands
C:\Users\singh\Desktop\a2 i&v\edited code files\data\raw\BSL_Dataset\1_HAND_DATASET\0\2390.png,0,one_hand,no_hands
C:\Users\singh\Desktop\a2 i&v\edited code files\data\raw\BSL_Dataset\1_HAND_DATASET\0\2395.png,0,one_hand,no_hands
C:\Users\singh\Desktop\a2 i&v\edited code files\data\raw\BSL_Dataset\1_HAND_DATASET\0\2435.png,0,one_hand,no_hands
C:\Users\singh\Desktop\a2 i&v\edited code files\data\raw\BSL_Dataset\1_HAND_DATASET\0\2440.png,0,one_hand,no_hands
C:\Users\singh\Desktop\a2 i&v\edited code files\data\raw\BSL_Dataset\1_HAND_DATASET\0\2445.png,0,one_hand,no_hands
C:\Users\singh\Desktop\a2 i&v\edited code files\data\raw\BSL_Dataset\1_HAND_DATASET\0\2450.png,0,one_hand,no_hands
C:\Users\singh\Desktop\a2 i&v\edited code files\data\raw\BSL_Dataset\1_HAND_DATASET\0\2465.png,0,one_hand,no_hands
C:\Users\singh\Desktop\a2 i&v\edited code files\data\raw\BSL_Dataset\1_HAND_DATASET\0\2470.png,0,one_hand,no_hands
C:\Users\singh\Desktop\a2 i&v\edited code files\data\raw\BSL_Dataset\1_HAND_DATASET\0\2490.png,0,one_hand,no_hands
C:\Users\singh\Desktop\a2 i&v\edited code files\data\raw\BSL_Dataset\1_HAND_DATASET\0\2505.png,0,one_hand,no_hands
C:\Users\singh\Desktop\a2 i&v\edited code files\data\raw\BSL_Dataset\1_HAND_DATASET\0\2510.png,0,one_hand,no_hands
C:\Users\singh\Desktop\a2 i&v\edited code files\data\raw\BSL_Dataset\1_HAND_DATASET\0\2515.png,0,one_hand,no_hands
C:\Users\singh\Desktop\a2 i&v\edited code files\data\raw\BSL_Dataset\1_HAND_DATASET\0\2520.png,0,one_hand,no_hands
C:\Users\singh\Desktop\a2 i&v\edited code files\data\raw\BSL_Dataset\1_HAND_DATASET\0\2550.png,0,one_hand,no_hands
C:\Users\singh\Desktop\a2 i&v\edited code files\data\raw\BSL_Dataset\1_HAND_DATASET\0\2565.png,0,one_hand,no_hands
C:\Users\singh\Desktop\a2 i&v\edited code files\data\raw\BSL_Dataset\1_HAND_DATASET\0\2580.png,0,one_hand,no_hands
C:\Users\singh\Desktop\a2 i&v\edited code files\data\raw\BSL_Dataset\1_HAND_DATASET\0\2585.png,0,one_hand,no_hands
C:\Users\singh\Desktop\a2 i&v\edited code files\data\raw\BSL_Dataset\1_HAND_DATASET\0\2590.png,0,one_hand,no_hands
C:\Users\singh\Desktop\a2 i&v\edited code files\data\raw\BSL_Dataset\1_HAND_DATASET\0\2595.png,0,one_hand,no_hands
C:\Users\singh\Desktop\a2 i&v\edited code files\data\raw\BSL_Dataset\1_HAND_DATASET\0\2635.png,0,one_hand,no_hands
C:\Users\singh\Desktop\a2 i&v\edited code files\data\raw\BSL_Dataset\1_HAND_DATASET\0\2645.png,0,one_hand,no_hands
C:\Users\singh\Desktop\a2 i&v\edited code files\data\raw\BSL_Dataset\1_HAND_DATASET\0\2650.png,0,one_hand,no_hands
C:\Users\singh\Desktop\a2 i&v\edited code files\data\raw\BSL_Dataset\1_HAND_DATASET\0\2655.png,0,one_hand,no_hands
C:\Users\singh\Desktop\a2 i&v\edited code files\data\raw\BSL_Dataset\1_HAND_DATASET\0\2660.png,0,one_hand,no_hands
C:\Users\singh\Desktop\a2 i&v\edited code files\data\raw\BSL_Dataset\1_HAND_DATASET\0\2715.png,0,one_hand,no_hands
C:\Users\singh\Desktop\a2 i&v\edited code files\data\raw\BSL_Dataset\1_HAND_DATASET\0\2720.png,0,one_hand,no_hands
C:\Users\singh\Desktop\a2 i&v\edited code files\data\raw\BSL_Dataset\1_HAND_DATASET\0\2730.png,0,one_hand,no_hands
C:\Users\singh\Desktop\a2 i&v\edited code files\data\raw\BSL_Dataset\1_HAND_DATASET\0\2785.png,0,one_hand,no_hands
C:\Users\singh\Desktop\a2 i&v\edited code files\data\raw\BSL_Dataset\1_HAND_DATASET\0\2790.png,0,one_hand,no_hands
C:\Users\singh\Desktop\a2 i&v\edited code files\data\raw\BSL_Dataset\1_HAND_DATASET\0\2795.png,0,one_hand,no_hands
C:\Users\singh\Desktop\a2 i&v\edited code files\data\raw\BSL_Dataset\1_HAND_DATASET\0\2820.png,0,one_hand,no_hands
C:\Users\singh\Desktop\a2 i&v\edited code files\data\raw\BSL_Dataset\1_HAND_DATASET\0\2825.png,0,one_hand,no_hands
C:\Users\singh\Desktop\a2 i&v\edited code files\data\raw\BSL_Dataset\1_HAND_DATASET\0\2830.png,0,one_hand,no_hands
C:\Users\singh\Desktop\a2 i&v\edited code files\data\raw\BSL_Dataset\1_HAND_DATASET\0\2835.png,0,one_hand,no_hands
C:\Users\singh\Desktop\a2 i&v\edited code files\data\raw\BSL_Dataset\1_HAND_DATASET\0\2840.png,0,one_hand,no_hands
C:\Users\singh\Desktop\a2 i&v\edited code files\data\raw\BSL_Dataset\1_HAND_DATASET\0\2865.png,0,one_hand,no_hands
C:\Users\singh\Desktop\a2 i&v\edited code files\data\raw\BSL_Dataset\1_HAND_DATASET\0\2870.png,0,one_hand,no_hands
C:\Users\singh\Desktop\a2 i&v\edited code files\data\raw\BSL_Dataset\1_HAND_DATASET\0\2875.png,0,one_hand,no_hands
C:\Users\singh\Desktop\a2 i&v\edited code files\data\raw\BSL_Dataset\1_HAND_DATASET\0\2880.png,0,one_hand,no_hands
C:\Users\singh\Desktop\a2 i&v\edited code files\data\raw\BSL_Dataset\1_HAND_DATASET\0\2885.png,0,one_hand,no_hands
C:\Users\singh\Desktop\a2 i&v\edited code files\data\raw\BSL_Dataset\1_HAND_DATASET\0\2925.png,0,one_hand,no_hands
C:\Users\singh\Desktop\a2 i&v\edited code files\data\raw\BSL_Dataset\1_HAND_DATASET\0\2930.png,0,one_hand,no_hands
C:\Users\singh\Desktop\a2 i&v\edited code files\data\raw\BSL_Dataset\1_HAND_DATASET\0\2935.png,0,one_hand,no_hands
C:\Users\singh\Desktop\a2 i&v\edited code files\data\raw\BSL_Dataset\1_HAND_DATASET\0\2940.png,0,one_hand,no_hands
C:\Users\singh\Desktop\a2 i&v\edited code files\data\raw\BSL_Dataset\1_HAND_DATASET\0\2950.png,0,one_hand,no_hands
C:\Users\singh\Desktop\a2 i&v\edited code files\data\raw\BSL_Dataset\1_HAND_DATASET\0\2970.png,0,one_hand,no_hands
C:\Users\singh\Desktop\a2 i&v\edited code files\data\raw\BSL_Dataset\1_HAND_DATASET\0\2975.png,0,one_hand,no_hands
C:\Users\singh\Desktop\a2 i&v\edited code files\data\raw\BSL_Dataset\1_HAND_DATASET\0\2985.png,0,one_hand,no_hands
C:\Users\singh\Desktop\a2 i&v\edited code files\data\raw\BSL_Dataset\1_HAND_DATASET\0\2990.png,0,one_hand,no_hands
C:\Users\singh\Desktop\a2 i&v\edited code files\data\raw\BSL_Dataset\1_HAND_DATASET\0\2995.png,0,one_hand,no_hands
C:\Users\singh\Desktop\a2 i&v\edited code files\data\raw\BSL_Dataset\1_HAND_DATASET\0\3000.png,0,one_hand,no_hands
C:\Users\singh\Desktop\a2 i&v\edited code files\data\raw\BSL_Dataset\1_HAND_DATASET\0\3005.png,0,one_hand,no_hands
C:\Users\singh\Desktop\a2 i&v\edited code files\data\raw\BSL_Dataset\1_HAND_DATASET\0\3010.png,0,one_hand,no_hands
C:\Users\singh\Desktop\a2 i&v\edited code files\data\raw\BSL_Dataset\1_HAND_DATASET\0\3015.png,0,one_hand,no_hands
C:\Users\singh\Desktop\a2 i&v\edited code files\data\raw\BSL_Dataset\1_HAND_DATASET\0\3020.png,0,one_hand,no_hands
C:\Users\singh\Desktop\a2 i&v\edited code files\data\raw\BSL_Dataset\1_HAND_DATASET\0\3035.png,0,one_hand,no_hands
C:\Users\singh\Desktop\a2 i&v\edited code files\data\raw\BSL_Dataset\1_HAND_DATASET\0\3045.png,0,one_hand,no_hands
C:\Users\singh\Desktop\a2 i&v\edited code files\data\raw\BSL_Dataset\1_HAND_DATASET\0\3050.png,0,one_hand,no_hands
C:\Users\singh\Desktop\a2 i&v\edited code files\data\raw\BSL_Dataset\1_HAND_DATASET\0\3055.png,0,one_hand,no_hands
C:\Users\singh\Desktop\a2 i&v\edited code files\data\raw\BSL_Dataset\1_HAND_DATASET\0\3065.png,0,one_hand,no_hands
C:\Users\singh\Desktop\a2 i&v\edited code files\data\raw\BSL_Dataset\1_HAND_DATASET\0\3080.png,0,one_hand,no_hands
C:\Users\singh\Desktop\a2 i&v\edited code files\data\raw\BSL_Dataset\1_HAND_DATASET\0\3095.png,0,one_hand,no_hands
C:\Users\singh\Desktop\a2 i&v\edited code files\data\raw\BSL_Dataset\1_HAND_DATASET\0\3105.png,0,one_hand,no_hands
C:\Users\singh\Desktop\a2 i&v\edited code files\data\raw\BSL_Dataset\1_HAND_DATASET\0\3110.png,0,one_hand,no_hands
C:\Users\singh\Desktop\a2 i&v\edited code files\data\raw\BSL_Dataset\1_HAND_DATASET\0\3135.png,0,one_hand,no_hands
C:\Users\singh\Desktop\a2 i&v\edited code files\data\raw\BSL_Dataset\1_HAND_DATASET\0\3140.png,0,one_hand,no_hands
C:\Users\singh\Desktop\a2 i&v\edited code files\data\raw\BSL_Dataset\1_HAND_DATASET\0\3145.png,0,one_hand,no_hands
C:\Users\singh\Desktop\a2 i&v\edited code files\data\raw\BSL_Dataset\1_HAND_DATASET\0\3175.png,0,one_hand,no_hands
C:\Users\singh\Desktop\a2 i&v\edited code files\data\raw\BSL_Dataset\1_HAND_DATASET\0\3180.png,0,one_hand,no_hands
C:\Users\singh\Desktop\a2 i&v\edited code files\data\raw\BSL_Dataset\1_HAND_DATASET\0\3200.png,0,one_hand,no_hands
C:\Users\singh\Desktop\a2 i&v\edited code files\data\raw\BSL_Dataset\1_HAND_DATASET\0\3205.png,0,one_hand,no_hands
C:\Users\singh\Desktop\a2 i&v\edited code files\data\raw\BSL_Dataset\1_HAND_DATASET\0\3210.png,0,one_hand,no_hands
C:\Users\singh\Desktop\a2 i&v\edited code files\data\raw\BSL_Dataset\1_HAND_DATASET\0\3245.png,0,one_hand,no_hands
C:\Users\singh\Desktop\a2 i&v\edited code files\data\raw\BSL_Dataset\1_HAND_DATASET\0\3275.png,0,one_hand,no_hands
C:\Users\singh\Desktop\a2 i&v\edited code files\data\raw\BSL_Dataset\1_HAND_DATASET\0\3305.png,0,one_hand,no_hands
C:\Users\singh\Desktop\a2 i&v\edited code files\data\raw\BSL_Dataset\1_HAND_DATASET\0\3310.png,0,one_hand,no_hands
C:\Users\singh\Desktop\a2 i&v\edited code files\data\raw\BSL_Dataset\1_HAND_DATASET\0\3320.png,0,one_hand,no_hands
C:\Users\singh\Desktop\a2 i&v\edited code files\data\raw\BSL_Dataset\1_HAND_DATASET\0\3345.png,0,one_hand,no_hands
C:\Users\singh\Desktop\a2 i&v\edited code files\data\raw\BSL_Dataset\1_HAND_DATASET\0\3350.png,0,one_hand,no_hands
C:\Users\singh\Desktop\a2 i&v\edited code files\data\raw\BSL_Dataset\1_HAND_DATASET\0\3380.png,0,one_hand,no_hands
C:\Users\singh\Desktop\a2 i&v\edited code files\data\raw\BSL_Dataset\1_HAND_DATASET\0\3385.png,0,one_hand,no_hands
C:\Users\singh\Desktop\a2 i&v\edited code files\data\raw\BSL_Dataset\1_HAND_DATASET\0\3390.png,0,one_hand,no_hands
C:\Users\singh\Desktop\a2 i&v\edited code files\data\raw\BSL_Dataset\1_HAND_DATASET\0\3395.png,0,one_hand,no_hands
C:\Users\singh\Desktop\a2 i&v\edited code files\data\raw\BSL_Dataset\1_HAND_DATASET\0\3410.png,0,one_hand,no_hands
C:\Users\singh\Desktop\a2 i&v\edited code files\data\raw\BSL_Dataset\1_HAND_DATASET\0\3415.png,0,one_hand,no_hands
C:\Users\singh\Desktop\a2 i&v\edited code files\data\raw\BSL_Dataset\1_HAND_DATASET\0\3420.png,0,one_hand,no_hands
C:\Users\singh\Desktop\a2 i&v\edited code files\data\raw\BSL_Dataset\1_HAND_DATASET\0\3445.png,0,one_hand,no_hands
C:\Users\singh\Desktop\a2 i&v\edited code files\data\raw\BSL_Dataset\1_HAND_DATASET\0\3450.png,0,one_hand,no_hands
C:\Users\singh\Desktop\a2 i&v\edited code files\data\raw\BSL_Dataset\1_HAND_DATASET\0\3455.png,0,one_hand,no_hands
C:\Users\singh\Desktop\a2 i&v\edited code files\data\raw\BSL_Dataset\1_HAND_DATASET\0\3470.png,0,one_hand,no_hands
C:\Users\singh\Desktop\a2 i&v\edited code files\data\raw\BSL_Dataset\1_HAND_DATASET\0\3490.png,0,one_hand,no_hands
C:\Users\singh\Desktop\a2 i&v\edited code files\data\raw\BSL_Dataset\1_HAND_DATASET\0\3495.png,0,one_hand,no_hands
C:\Users\singh\Desktop\a2 i&v\edited code files\data\raw\BSL_Dataset\1_HAND_DATASET\0\3500.png,0,one_hand,no_hands
C:\Users\singh\Desktop\a2 i&v\edited code files\data\raw\BSL_Dataset\1_HAND_DATASET\0\3525.png,0,one_hand,no_hands
C:\Users\singh\Desktop\a2 i&v\edited code files\data\raw\BSL_Dataset\1_HAND_DATASET\0\3530.png,0,one_hand,no_hands
C:\Users\singh\Desktop\a2 i&v\edited code files\data\raw\BSL_Dataset\1_HAND_DATASET\0\3540.png,0,one_hand,no_hands
C:\Users\singh\Desktop\a2 i&v\edited code files\data\raw\BSL_Dataset\1_HAND_DATASET\0\3545.png,0,one_hand,no_hands
C:\Users\singh\Desktop\a2 i&v\edited code files\data\raw\BSL_Dataset\1_HAND_DATASET\0\3560.png,0,one_hand,no_hands
C:\Users\singh\Desktop\a2 i&v\edited code files\data\raw\BSL_Dataset\1_HAND_DATASET\0\3565.png,0,one_hand,no_hands
C:\Users\singh\Desktop\a2 i&v\edited code files\data\raw\BSL_Dataset\1_HAND_DATASET\0\3570.png,0,one_hand,no_hands
C:\Users\singh\Desktop\a2 i&v\edited code files\data\raw\BSL_Dataset\1_HAND_DATASET\0\3575.png,0,one_hand,no_hands
C:\Users\singh\Desktop\a2 i&v\edited code files\data\raw\BSL_Dataset\1_HAND_DATASET\0\3610.png,0,one_hand,no_hands
C:\Users\singh\Desktop\a2 i&v\edited code files\data\raw\BSL_Dataset\1_HAND_DATASET\0\3620.png,0,one_hand,no_hands
C:\Users\singh\Desktop\a2 i&v\edited code files\data\raw\BSL_Dataset\1_HAND_DATASET\0\3635.png,0,one_hand,no_hands
C:\Users\singh\Desktop\a2 i&v\edited code files\data\raw\BSL_Dataset\1_HAND_DATASET\0\3645.png,0,one_hand,no_hands
C:\Users\singh\Desktop\a2 i&v\edited code files\data\raw\BSL_Dataset\1_HAND_DATASET\0\3650.png,0,one_hand,no_hands
C:\Users\singh\Desktop\a2 i&v\edited code files\data\raw\BSL_Dataset\1_HAND_DATASET\0\3680.png,0,one_hand,no_hands
C:\Users\singh\Desktop\a2 i&v\edited code files\data\raw\BSL_Dataset\1_HAND_DATASET\0\3695.png,0,one_hand,no_hands
C:\Users\singh\Desktop\a2 i&v\edited code files\data\raw\BSL_Dataset\1_HAND_DATASET\0\3700.png,0,one_hand,no_hands
C:\Users\singh\Desktop\a2 i&v\edited code files\data\raw\BSL_Dataset\1_HAND_DATASET\0\3705.png,0,one_hand,no_hands
C:\Users\singh\Desktop\a2 i&v\edited code files\data\raw\BSL_Dataset\1_HAND_DATASET\0\3710.png,0,one_hand,no_hands
C:\Users\singh\Desktop\a2 i&v\edited code files\data\raw\BSL_Dataset\1_HAND_DATASET\0\3750.png,0,one_hand,no_hands
C:\Users\singh\Desktop\a2 i&v\edited code files\data\raw\BSL_Dataset\1_HAND_DATASET\0\3765.png,0,one_hand,no_hands
C:\Users\singh\Desktop\a2 i&v\edited code files\data\raw\BSL_Dataset\1_HAND_DATASET\0\3790.png,0,one_hand,no_hands
C:\Users\singh\Desktop\a2 i&v\edited code files\data\raw\BSL_Dataset\1_HAND_DATASET\0\3795.png,0,one_hand,no_hands
C:\Users\singh\Desktop\a2 i&v\edited code files\data\raw\BSL_Dataset\1_HAND_DATASET\0\3825.png,0,one_hand,no_hands
C:\Users\singh\Desktop\a2 i&v\edited code files\data\raw\BSL_Dataset\1_HAND_DATASET\0\3840.png,0,one_hand,no_hands
C:\Users\singh\Desktop\a2 i&v\edited code files\data\raw\BSL_Dataset\1_HAND_DATASET\0\3860.png,0,one_hand,no_hands
C:\Users\singh\Desktop\a2 i&v\edited code files\data\raw\BSL_Dataset\1_HAND_DATASET\0\3865.png,0,one_hand,no_hands
C:\Users\singh\Desktop\a2 i&v\edited code files\data\raw\BSL_Dataset\1_HAND_DATASET\0\3870.png,0,one_hand,no_hands
C:\Users\singh\Desktop\a2 i&v\edited code files\data\raw\BSL_Dataset\1_HAND_DATASET\0\3920.png,0,one_hand,no_hands
C:\Users\singh\Desktop\a2 i&v\edited code files\data\raw\BSL_Dataset\1_HAND_DATASET\0\3925.png,0,one_hand,no_hands
C:\Users\singh\Desktop\a2 i&v\edited code files\data\raw\BSL_Dataset\1_HAND_DATASET\0\3930.png,0,one_hand,no_hands
C:\Users\singh\Desktop\a2 i&v\edited code files\data\raw\BSL_Dataset\1_HAND_DATASET\0\3935.png,0,one_hand,no_hands
C:\Users\singh\Desktop\a2 i&v\edited code files\data\raw\BSL_Dataset\1_HAND_DATASET\0\3945.png,0,one_hand,no_hands
C:\Users\singh\Desktop\a2 i&v\edited code files\data\raw\BSL_Dataset\1_HAND_DATASET\0\3950.png,0,one_hand,no_hands
C:\Users\singh\Desktop\a2 i&v\edited code files\data\raw\BSL_Dataset\1_HAND_DATASET\0\3980.png,0,one_hand,no_hands
C:\Users\singh\Desktop\a2 i&v\edited code files\data\raw\BSL_Dataset\1_HAND_DATASET\0\3995.png,0,one_hand,no_hands
C:\Users\singh\Desktop\a2 i&v\edited code files\data\raw\BSL_Dataset\1_HAND_DATASET\0\4475.png,0,one_hand,no_hands
C:\Users\singh\Desktop\a2 i&v\edited code files\data\raw\BSL_Dataset\1_HAND_DATASET\0\4800.png,0,one_hand,no_hands
C:\Users\singh\Desktop\a2 i&v\edited code files\data\raw\BSL_Dataset\1_HAND_DATASET\0\4890.png,0,one_hand,no_hands
C:\Users\singh\Desktop\a2 i&v\edited code files\data\raw\BSL_Dataset\1_HAND_DATASET\1\1030.png,1,one_hand,no_hands
C:\Users\singh\Desktop\a2 i&v\edited code files\data\raw\BSL_Dataset\1_HAND_DATASET\1\1050.png,1,one_hand,no_hands
C:\Users\singh\Desktop\a2 i&v\edited code files\data\raw\BSL_Dataset\1_HAND_DATASET\1\1345.png,1,one_hand,no_hands
C:\Users\singh\Desktop\a2 i&v\edited code files\data\raw\BSL_Dataset\1_HAND_DATASET\1\2050.png,1,one_hand,no_hands
C:\Users\singh\Desktop\a2 i&v\edited code files\data\raw\BSL_Dataset\1_HAND_DATASET\1\2165.png,1,one_hand,no_hands
C:\Users\singh\Desktop\a2 i&v\edited code files\data\raw\BSL_Dataset\1_HAND_DATASET\1\2195.png,1,one_hand,no_hands
C:\Users\singh\Desktop\a2 i&v\edited code files\data\raw\BSL_Dataset\1_HAND_DATASET\1\2455.png,1,one_hand,no_hands
C:\Users\singh\Desktop\a2 i&v\edited code files\data\raw\BSL_Dataset\1_HAND_DATASET\1\2685.png,1,one_hand,no_hands
C:\Users\singh\Desktop\a2 i&v\edited code files\data\raw\BSL_Dataset\1_HAND_DATASET\1\330.png,1,one_hand,no_hands
C:\Users\singh\Desktop\a2 i&v\edited code files\data\raw\BSL_Dataset\1_HAND_DATASET\1\335.png,1,one_hand,no_hands
C:\Users\singh\Desktop\a2 i&v\edited code files\data\raw\BSL_Dataset\1_HAND_DATASET\1\4030.png,1,one_hand,no_hands
C:\Users\singh\Desktop\a2 i&v\edited code files\data\raw\BSL_Dataset\1_HAND_DATASET\1\4060.png,1,one_hand,no_hands
C:\Users\singh\Desktop\a2 i&v\edited code files\data\raw\BSL_Dataset\1_HAND_DATASET\1\4135.png,1,one_hand,no_hands
C:\Users\singh\Desktop\a2 i&v\edited code files\data\raw\BSL_Dataset\1_HAND_DATASET\1\4375.png,1,one_hand,no_hands
C:\Users\singh\Desktop\a2 i&v\edited code files\data\raw\BSL_Dataset\1_HAND_DATASET\1\4380.png,1,one_hand,no_hands
C:\Users\singh\Desktop\a2 i&v\edited code files\data\raw\BSL_Dataset\1_HAND_DATASET\1\4600.png,1,one_hand,no_hands
C:\Users\singh\Desktop\a2 i&v\edited code files\data\raw\BSL_Dataset\1_HAND_DATASET\1\4815.png,1,one_hand,no_hands
C:\Users\singh\Desktop\a2 i&v\edited code files\data\raw\BSL_Dataset\1_HAND_DATASET\1\4960.png,1,one_hand,no_hands
C:\Users\singh\Desktop\a2 i&v\edited code files\data\raw\BSL_Dataset\1_HAND_DATASET\2\1320.png,2,one_hand,no_hands
C:\Users\singh\Desktop\a2 i&v\edited code files\data\raw\BSL_Dataset\1_HAND_DATASET\2\1390.png,2,one_hand,no_hands
C:\Users\singh\Desktop\a2 i&v\edited code files\data\raw\BSL_Dataset\1_HAND_DATASET\2\1430.png,2,one_hand,no_hands
C:\Users\singh\Desktop\a2 i&v\edited code files\data\raw\BSL_Dataset\1_HAND_DATASET\2\1435.png,2,one_hand,no_hands
C:\Users\singh\Desktop\a2 i&v\edited code files\data\raw\BSL_Dataset\1_HAND_DATASET\2\1505.png,2,one_hand,no_hands
C:\Users\singh\Desktop\a2 i&v\edited code files\data\raw\BSL_Dataset\1_HAND_DATASET\2\1670.png,2,one_hand,no_hands
C:\Users\singh\Desktop\a2 i&v\edited code files\data\raw\BSL_Dataset\1_HAND_DATASET\2\1930.png,2,one_hand,no_hands
C:\Users\singh\Desktop\a2 i&v\edited code files\data\raw\BSL_Dataset\1_HAND_DATASET\2\1960.png,2,one_hand,no_hands
C:\Users\singh\Desktop\a2 i&v\edited code files\data\raw\BSL_Dataset\1_HAND_DATASET\2\2490.png,2,one_hand,no_hands
C:\Users\singh\Desktop\a2 i&v\edited code files\data\raw\BSL_Dataset\1_HAND_DATASET\2\2590.png,2,one_hand,no_hands
C:\Users\singh\Desktop\a2 i&v\edited code files\data\raw\BSL_Dataset\1_HAND_DATASET\2\2595.png,2,one_hand,no_hands
C:\Users\singh\Desktop\a2 i&v\edited code files\data\raw\BSL_Dataset\1_HAND_DATASET\2\2610.png,2,one_hand,no_hands
C:\Users\singh\Desktop\a2 i&v\edited code files\data\raw\BSL_Dataset\1_HAND_DATASET\2\4065.png,2,one_hand,no_hands
C:\Users\singh\Desktop\a2 i&v\edited code files\data\raw\BSL_Dataset\1_HAND_DATASET\2\4165.png,2,one_hand,no_hands
C:\Users\singh\Desktop\a2 i&v\edited code files\data\raw\BSL_Dataset\1_HAND_DATASET\2\4215.png,2,one_hand,no_hands
C:\Users\singh\Desktop\a2 i&v\edited code files\data\raw\BSL_Dataset\1_HAND_DATASET\2\4440.png,2,one_hand,no_hands
C:\Users\singh\Desktop\a2 i&v\edited code files\data\raw\BSL_Dataset\1_HAND_DATASET\3\1220.png,3,one_hand,no_hands
C:\Users\singh\Desktop\a2 i&v\edited code files\data\raw\BSL_Dataset\1_HAND_DATASET\3\1305.png,3,one_hand,no_hands
C:\Users\singh\Desktop\a2 i&v\edited code files\data\raw\BSL_Dataset\1_HAND_DATASET\3\1555.png,3,one_hand,no_hands
C:\Users\singh\Desktop\a2 i&v\edited code files\data\raw\BSL_Dataset\1_HAND_DATASET\3\1655.png,3,one_hand,no_hands
C:\Users\singh\Desktop\a2 i&v\edited code files\data\raw\BSL_Dataset\1_HAND_DATASET\3\1805.png,3,one_hand,no_hands
C:\Users\singh\Desktop\a2 i&v\edited code files\data\raw\BSL_Dataset\1_HAND_DATASET\3\1830.png,3,one_hand,no_hands
C:\Users\singh\Desktop\a2 i&v\edited code files\data\raw\BSL_Dataset\1_HAND_DATASET\3\2150.png,3,one_hand,no_hands
C:\Users\singh\Desktop\a2 i&v\edited code files\data\raw\BSL_Dataset\1_HAND_DATASET\3\2640.png,3,one_hand,no_hands
C:\Users\singh\Desktop\a2 i&v\edited code files\data\raw\BSL_Dataset\1_HAND_DATASET\3\3770.png,3,one_hand,no_hands
C:\Users\singh\Desktop\a2 i&v\edited code files\data\raw\BSL_Dataset\1_HAND_DATASET\3\3965.png,3,one_hand,no_hands
C:\Users\singh\Desktop\a2 i&v\edited code files\data\raw\BSL_Dataset\1_HAND_DATASET\3\4295.png,3,one_hand,no_hands
C:\Users\singh\Desktop\a2 i&v\edited code files\data\raw\BSL_Dataset\1_HAND_DATASET\3\4395.png,3,one_hand,no_hands
C:\Users\singh\Desktop\a2 i&v\edited code files\data\raw\BSL_Dataset\1_HAND_DATASET\3\4425.png,3,one_hand,no_hands
C:\Users\singh\Desktop\a2 i&v\edited code files\data\raw\BSL_Dataset\1_HAND_DATASET\3\4660.png,3,one_hand,no_hands
C:\Users\singh\Desktop\a2 i&v\edited code files\data\raw\BSL_Dataset\1_HAND_DATASET\3\4750.png,3,one_hand,no_hands
C:\Users\singh\Desktop\a2 i&v\edited code files\data\raw\BSL_Dataset\1_HAND_DATASET\3\4980.png,3,one_hand,no_hands
C:\Users\singh\Desktop\a2 i&v\edited code files\data\raw\BSL_Dataset\1_HAND_DATASET\4\1045.png,4,one_hand,no_hands
C:\Users\singh\Desktop\a2 i&v\edited code files\data\raw\BSL_Dataset\1_HAND_DATASET\4\1105.png,4,one_hand,no_hands
C:\Users\singh\Desktop\a2 i&v\edited code files\data\raw\BSL_Dataset\1_HAND_DATASET\4\1265.png,4,one_hand,no_hands
C:\Users\singh\Desktop\a2 i&v\edited code files\data\raw\BSL_Dataset\1_HAND_DATASET\4\1820.png,4,one_hand,no_hands
C:\Users\singh\Desktop\a2 i&v\edited code files\data\raw\BSL_Dataset\1_HAND_DATASET\4\1940.png,4,one_hand,no_hands
C:\Users\singh\Desktop\a2 i&v\edited code files\data\raw\BSL_Dataset\1_HAND_DATASET\4\2030.png,4,one_hand,no_hands
C:\Users\singh\Desktop\a2 i&v\edited code files\data\raw\BSL_Dataset\1_HAND_DATASET\4\2105.png,4,one_hand,no_hands
C:\Users\singh\Desktop\a2 i&v\edited code files\data\raw\BSL_Dataset\1_HAND_DATASET\4\2480.png,4,one_hand,no_hands
C:\Users\singh\Desktop\a2 i&v\edited code files\data\raw\BSL_Dataset\1_HAND_DATASET\4\2595.png,4,one_hand,no_hands
C:\Users\singh\Desktop\a2 i&v\edited code files\data\raw\BSL_Dataset\1_HAND_DATASET\4\2715.png,4,one_hand,no_hands
C:\Users\singh\Desktop\a2 i&v\edited code files\data\raw\BSL_Dataset\1_HAND_DATASET\4\2855.png,4,one_hand,no_hands
C:\Users\singh\Desktop\a2 i&v\edited code files\data\raw\BSL_Dataset\1_HAND_DATASET\4\3035.png,4,one_hand,no_hands
C:\Users\singh\Desktop\a2 i&v\edited code files\data\raw\BSL_Dataset\1_HAND_DATASET\4\3280.png,4,one_hand,no_hands
C:\Users\singh\Desktop\a2 i&v\edited code files\data\raw\BSL_Dataset\1_HAND_DATASET\4\4335.png,4,one_hand,no_hands
C:\Users\singh\Desktop\a2 i&v\edited code files\data\raw\BSL_Dataset\1_HAND_DATASET\4\4820.png,4,one_hand,no_hands
C:\Users\singh\Desktop\a2 i&v\edited code files\data\raw\BSL_Dataset\1_HAND_DATASET\4\4960.png,4,one_hand,no_hands
C:\Users\singh\Desktop\a2 i&v\edited code files\data\raw\BSL_Dataset\1_HAND_DATASET\4\4990.png,4,one_hand,no_hands
C:\Users\singh\Desktop\a2 i&v\edited code files\data\raw\BSL_Dataset\1_HAND_DATASET\5\1240.png,5,one_hand,no_hands
C:\Users\singh\Desktop\a2 i&v\edited code files\data\raw\BSL_Dataset\1_HAND_DATASET\5\1355.png,5,one_hand,no_hands
C:\Users\singh\Desktop\a2 i&v\edited code files\data\raw\BSL_Dataset\1_HAND_DATASET\5\1500.png,5,one_hand,no_hands
C:\Users\singh\Desktop\a2 i&v\edited code files\data\raw\BSL_Dataset\1_HAND_DATASET\5\2275.png,5,one_hand,no_hands
C:\Users\singh\Desktop\a2 i&v\edited code files\data\raw\BSL_Dataset\1_HAND_DATASET\5\2700.png,5,one_hand,no_hands
C:\Users\singh\Desktop\a2 i&v\edited code files\data\raw\BSL_Dataset\1_HAND_DATASET\5\2890.png,5,one_hand,no_hands
C:\Users\singh\Desktop\a2 i&v\edited code files\data\raw\BSL_Dataset\1_HAND_DATASET\5\3380.png,5,one_hand,no_hands
C:\Users\singh\Desktop\a2 i&v\edited code files\data\raw\BSL_Dataset\1_HAND_DATASET\5\3580.png,5,one_hand,no_hands
C:\Users\singh\Desktop\a2 i&v\edited code files\data\raw\BSL_Dataset\1_HAND_DATASET\5\3770.png,5,one_hand,no_hands
C:\Users\singh\Desktop\a2 i&v\edited code files\data\raw\BSL_Dataset\1_HAND_DATASET\5\3945.png,5,one_hand,no_hands
C:\Users\singh\Desktop\a2 i&v\edited code files\data\raw\BSL_Dataset\1_HAND_DATASET\5\4420.png,5,one_hand,no_hands
C:\Users\singh\Desktop\a2 i&v\edited code files\data\raw\BSL_Dataset\1_HAND_DATASET\5\4515.png,5,one_hand,no_hands
C:\Users\singh\Desktop\a2 i&v\edited code files\data\raw\BSL_Dataset\1_HAND_DATASET\5\4560.png,5,one_hand,no_hands
C:\Users\singh\Desktop\a2 i&v\edited code files\data\raw\BSL_Dataset\1_HAND_DATASET\5\4800.png,5,one_hand,no_hands
C:\Users\singh\Desktop\a2 i&v\edited code files\data\raw\BSL_Dataset\1_HAND_DATASET\6\1155.png,6,one_hand,no_hands
C:\Users\singh\Desktop\a2 i&v\edited code files\data\raw\BSL_Dataset\1_HAND_DATASET\6\1160.png,6,one_hand,no_hands
C:\Users\singh\Desktop\a2 i&v\edited code files\data\raw\BSL_Dataset\1_HAND_DATASET\6\1490.png,6,one_hand,no_hands
C:\Users\singh\Desktop\a2 i&v\edited code files\data\raw\BSL_Dataset\1_HAND_DATASET\6\1830.png,6,one_hand,no_hands
C:\Users\singh\Desktop\a2 i&v\edited code files\data\raw\BSL_Dataset\1_HAND_DATASET\6\2050.png,6,one_hand,no_hands
C:\Users\singh\Desktop\a2 i&v\edited code files\data\raw\BSL_Dataset\1_HAND_DATASET\6\2095.png,6,one_hand,no_hands
C:\Users\singh\Desktop\a2 i&v\edited code files\data\raw\BSL_Dataset\1_HAND_DATASET\6\2110.png,6,one_hand,no_hands
C:\Users\singh\Desktop\a2 i&v\edited code files\data\raw\BSL_Dataset\1_HAND_DATASET\6\3270.png,6,one_hand,no_hands
C:\Users\singh\Desktop\a2 i&v\edited code files\data\raw\BSL_Dataset\1_HAND_DATASET\6\3790.png,6,one_hand,no_hands
C:\Users\singh\Desktop\a2 i&v\edited code files\data\raw\BSL_Dataset\1_HAND_DATASET\6\4235.png,6,one_hand,no_hands
C:\Users\singh\Desktop\a2 i&v\edited code files\data\raw\BSL_Dataset\1_HAND_DATASET\6\4550.png,6,one_hand,no_hands
C:\Users\singh\Desktop\a2 i&v\edited code files\data\raw\BSL_Dataset\1_HAND_DATASET\6\4885.png,6,one_hand,no_hands
C:\Users\singh\Desktop\a2 i&v\edited code files\data\raw\BSL_Dataset\1_HAND_DATASET\7\1465.png,7,one_hand,no_hands
C:\Users\singh\Desktop\a2 i&v\edited code files\data\raw\BSL_Dataset\1_HAND_DATASET\7\1565.png,7,one_hand,no_hands
C:\Users\singh\Desktop\a2 i&v\edited code files\data\raw\BSL_Dataset\1_HAND_DATASET\7\1995.png,7,one_hand,no_hands
C:\Users\singh\Desktop\a2 i&v\edited code files\data\raw\BSL_Dataset\1_HAND_DATASET\7\2315.png,7,one_hand,no_hands
C:\Users\singh\Desktop\a2 i&v\edited code files\data\raw\BSL_Dataset\1_HAND_DATASET\7\2590.png,7,one_hand,no_hands
C:\Users\singh\Desktop\a2 i&v\edited code files\data\raw\BSL_Dataset\1_HAND_DATASET\7\2810.png,7,one_hand,no_hands
C:\Users\singh\Desktop\a2 i&v\edited code files\data\raw\BSL_Dataset\1_HAND_DATASET\7\2845.png,7,one_hand,no_hands
C:\Users\singh\Desktop\a2 i&v\edited code files\data\raw\BSL_Dataset\1_HAND_DATASET\7\2940.png,7,one_hand,no_hands
C:\Users\singh\Desktop\a2 i&v\edited code files\data\raw\BSL_Dataset\1_HAND_DATASET\7\3795.png,7,one_hand,no_hands
C:\Users\singh\Desktop\a2 i&v\edited code files\data\raw\BSL_Dataset\1_HAND_DATASET\7\3815.png,7,one_hand,no_hands
C:\Users\singh\Desktop\a2 i&v\edited code files\data\raw\BSL_Dataset\1_HAND_DATASET\7\4080.png,7,one_hand,no_hands
C:\Users\singh\Desktop\a2 i&v\edited code files\data\raw\BSL_Dataset\1_HAND_DATASET\7\4245.png,7,one_hand,no_hands
C:\Users\singh\Desktop\a2 i&v\edited code files\data\raw\BSL_Dataset\1_HAND_DATASET\7\4645.png,7,one_hand,no_hands
C:\Users\singh\Desktop\a2 i&v\edited code files\data\raw\BSL_Dataset\1_HAND_DATASET\7\4920.png,7,one_hand,no_hands
C:\Users\singh\Desktop\a2 i&v\edited code files\data\raw\BSL_Dataset\1_HAND_DATASET\8\1295.png,8,one_hand,no_hands
C:\Users\singh\Desktop\a2 i&v\edited code files\data\raw\BSL_Dataset\1_HAND_DATASET\8\2155.png,8,one_hand,no_hands
C:\Users\singh\Desktop\a2 i&v\edited code files\data\raw\BSL_Dataset\1_HAND_DATASET\8\2270.png,8,one_hand,no_hands
C:\Users\singh\Desktop\a2 i&v\edited code files\data\raw\BSL_Dataset\1_HAND_DATASET\8\3330.png,8,one_hand,no_hands
C:\Users\singh\Desktop\a2 i&v\edited code files\data\raw\BSL_Dataset\1_HAND_DATASET\8\3655.png,8,one_hand,no_hands
C:\Users\singh\Desktop\a2 i&v\edited code files\data\raw\BSL_Dataset\1_HAND_DATASET\8\3895.png,8,one_hand,no_hands
C:\Users\singh\Desktop\a2 i&v\edited code files\data\raw\BSL_Dataset\1_HAND_DATASET\8\3910.png,8,one_hand,no_hands
C:\Users\singh\Desktop\a2 i&v\edited code files\data\raw\BSL_Dataset\1_HAND_DATASET\8\4650.png,8,one_hand,no_hands
C:\Users\singh\Desktop\a2 i&v\edited code files\data\raw\BSL_Dataset\1_HAND_DATASET\8\4700.png,8,one_hand,no_hands
C:\Users\singh\Desktop\a2 i&v\edited code files\data\raw\BSL_Dataset\1_HAND_DATASET\8\4785.png,8,one_hand,no_hands
C:\Users\singh\Desktop\a2 i&v\edited code files\data\raw\BSL_Dataset\1_HAND_DATASET\8\4840.png,8,one_hand,no_hands
C:\Users\singh\Desktop\a2 i&v\edited code files\data\raw\BSL_Dataset\1_HAND_DATASET\9\1385.png,9,one_hand,no_hands
C:\Users\singh\Desktop\a2 i&v\edited code files\data\raw\BSL_Dataset\1_HAND_DATASET\9\1880.png,9,one_hand,no_hands
C:\Users\singh\Desktop\a2 i&v\edited code files\data\raw\BSL_Dataset\1_HAND_DATASET\9\2450.png,9,one_hand,no_hands
C:\Users\singh\Desktop\a2 i&v\edited code files\data\raw\BSL_Dataset\1_HAND_DATASET\9\2640.png,9,one_hand,no_hands
C:\Users\singh\Desktop\a2 i&v\edited code files\data\raw\BSL_Dataset\1_HAND_DATASET\9\2810.png,9,one_hand,no_hands
C:\Users\singh\Desktop\a2 i&v\edited code files\data\raw\BSL_Dataset\1_HAND_DATASET\9\3040.png,9,one_hand,no_hands
C:\Users\singh\Desktop\a2 i&v\edited code files\data\raw\BSL_Dataset\1_HAND_DATASET\9\3350.png,9,one_hand,no_hands
C:\Users\singh\Desktop\a2 i&v\edited code files\data\raw\BSL_Dataset\1_HAND_DATASET\9\3710.png,9,one_hand,no_hands
C:\Users\singh\Desktop\a2 i&v\edited code files\data\raw\BSL_Dataset\1_HAND_DATASET\9\3935.png,9,one_hand,no_hands
C:\Users\singh\Desktop\a2 i&v\edited code files\data\raw\BSL_Dataset\1_HAND_DATASET\9\3950.png,9,one_hand,no_hands
C:\Users\singh\Desktop\a2 i&v\edited code files\data\raw\BSL_Dataset\1_HAND_DATASET\9\4180.png,9,one_hand,no_hands
C:\Users\singh\Desktop\a2 i&v\edited code files\data\raw\BSL_Dataset\1_HAND_DATASET\9\4185.png,9,one_hand,no_hands
C:\Users\singh\Desktop\a2 i&v\edited code files\data\raw\BSL_Dataset\1_HAND_DATASET\9\4475.png,9,one_hand,no_hands
C:\Users\singh\Desktop\a2 i&v\edited code files\data\raw\BSL_Dataset\1_HAND_DATASET\9\4695.png,9,one_hand,no_hands
C:\Users\singh\Desktop\a2 i&v\edited code files\data\raw\BSL_Dataset\1_HAND_DATASET\9\4700.png,9,one_hand,no_hands
C:\Users\singh\Desktop\a2 i&v\edited code files\data\raw\BSL_Dataset\1_HAND_DATASET\9\4785.png,9,one_hand,no_hands
C:\Users\singh\Desktop\a2 i&v\edited code files\data\raw\BSL_Dataset\1_HAND_DATASET\9\4835.png,9,one_hand,no_hands
C:\Users\singh\Desktop\a2 i&v\edited code files\data\raw\BSL_Dataset\1_HAND_DATASET\9\4840.png,9,one_hand,no_hands
